Session Title,DM in ICD10 and HbA1c 6.5+ by County Age 2025,,,
Session ID,2775858,,,
Data Model,Patients,,,
Population Base,All Patients,,,
Population Criteria Filters: These criteria are a summary and do not fully reflect the content of the exported session.,State of Residence (U.S.): States WA_WY,Has Any Encounters?,Base Patient,
Session Date Range,1/1/2025 - 10/30/2025,,,
Export User,Stephanie Perniciaro,,,
Date of Export,11/12/2025,,,
,,,,
,,,,
,Measures,A1c 6.5+ (%),DM (%),Number of Patients
Age at Encounter in Years,County of Residence,,,
Less than 18 Years,"CLAY, WV",-,-,610
,"TYLER, WV",-,-,1019
,"WETZEL, WV",0.61%,0.78%,2440
,"BRAXTON, WV",-,-,1244
,"DODDRIDGE, WV",-,-,698
,"POCAHONTAS, WV",-,-,227
,"LEWIS, WV",-,-,2040
,"MENOMINEE, WI",-,-,534
,"NICHOLAS, WV",0.80%,1.20%,1755
,"UPSHUR, WV",0.45%,0.54%,3330
,"WIRT, WV",-,-,544
,"HARRISON, WV",0.49%,0.61%,11335
,"WOOD, WV",0.49%,0.68%,10176
,"RITCHIE, WV",-,-,934
,"WAUSHARA, WI",-,1.12%,1163
,"BROOKE, WV",-,-,1920
,"PEPIN, WI",-,-,411
,"GRANT, WV",-,-,1135
,"PLEASANTS, WV",-,-,651
,"MARQUETTE, WI",-,-,731
,"TAYLOR, WV",-,-,1786
,"PIERCE, WI",-,-,1323
,"MARSHALL, WV",0.32%,0.41%,4659
,"WEBSTER, WV",-,-,427
,"ROCK, WI",0.54%,0.69%,17470
,"GILMER, WV",-,-,397
,"WASHBURN, WI",-,-,945
,"MINERAL, WV",0.52%,0.77%,2862
,"WAHKIAKUM, WA",-,-,160
,"BARBOUR, WV",-,-,1340
,"SAWYER, WI",-,0.88%,1244
,"FERRY, WA",-,-,21
,"SHEBOYGAN, WI",0.34%,0.39%,17930
,"DODGE, WI",0.88%,0.96%,6252
,"ADAMS, WI",-,1.23%,1057
,"OHIO, WV",0.36%,0.45%,6378
,"WALWORTH, WI",0.43%,0.46%,12703
,"GRANT, WA",0.14%,0.31%,8014
,"BAYFIELD, WI",-,-,1073
,"FOREST, WI",-,-,176
,"MARION, WV",0.49%,0.60%,8931
,"OKANOGAN, WA",-,-,3977
,"CALHOUN, WV",-,-,324
,"MINGO, WV",-,-,554
,"RUSK, WI",-,-,628
,"MARINETTE, WI",0.52%,0.61%,6380
,"PENDLETON, WV",-,-,468
,"MANITOWOC, WI",0.35%,0.43%,10664
,"MCDOWELL, WV",-,-,584
,"GOSHEN, WY",-,-,391
,"MONROE, WI",0.45%,0.49%,5294
,"MORGAN, WV",-,0.63%,1900
,"DOUGLAS, WA",-,0.40%,5803
,"ROANE, WV",-,-,464
,"LARAMIE, WY",0.50%,0.73%,11805
,"COLUMBIA, WI",0.89%,1.15%,3835
,"OCONTO, WI",0.56%,0.65%,5706
,"GREEN LAKE, WI",1.74%,2.32%,862
,"BUFFALO, WI",-,-,941
,"CRAWFORD, WI",-,-,1229
,"MILWAUKEE, WI",0.38%,0.44%,142207
,"JACKSON, WV",-,0.33%,4493
,"SHAWANO, WI",0.44%,0.60%,3180
,"DOUGLAS, WI",0.42%,0.54%,5512
,"JEFFERSON, WI",1.02%,1.19%,4529
,"POLK, WI",-,0.76%,1576
,"BURNETT, WI",-,-,814
,"GREEN, WI",0.81%,1.08%,2228
,"FAYETTE, WV",-,1.75%,973
,"CHELAN, WA",0.13%,0.34%,9235
,"ASHLAND, WI",-,-,1506
,"KEWAUNEE, WI",-,-,3200
,"RACINE, WI",0.55%,0.63%,22774
,"KENOSHA, WI",0.50%,0.56%,24162
,"PRESTON, WV",0.43%,0.56%,3730
,"HANCOCK, WV",-,0.46%,2371
,"JEFFERSON, WV",0.29%,0.55%,9090
,"PLATTE, WY",-,-,220
,"TREMPEALEAU, WI",-,-,3663
,"GARFIELD, WA",-,-,10 or fewer
,"DOOR, WI",-,0.93%,1511
,"IRON, WI",-,-,235
,"BERKELEY, WV",0.36%,0.54%,22321
,"HARDY, WV",-,-,959
,"LINCOLN, WA",-,-,40
,"WINNEBAGO, WI",0.60%,0.70%,13250
,"MERCER, WV",-,0.53%,5796
,"VERNON, WI",0.43%,0.43%,3253
,"JUNEAU, WI",0.70%,0.86%,1855
,"COWLITZ, WA",1.28%,1.42%,5065
,"SAINT CROIX, WI",-,-,1331
,"PACIFIC, WA",-,-,227
,"HAMPSHIRE, WV",-,0.68%,2197
,"LA CROSSE, WI",0.27%,0.29%,14618
,"GRAYS HARBOR, WA",-,-,41
,"SKAGIT, WA",0.08%,0.23%,15030
,"GRANT, WI",0.78%,1.11%,2170
,"FOND DU LAC, WI",0.74%,0.90%,7028
,"CHIPPEWA, WI",-,0.42%,3080
,"WASHINGTON, WI",0.49%,0.54%,14223
,"BROWN, WI",0.32%,0.41%,50320
,"ADAMS, WA",-,-,453
,"ALBANY, WY",-,0.56%,2139
,"GREENBRIER, WV",-,-,485
,"TUCKER, WV",-,-,383
,"ISLAND, WA",-,-,1712
,"VILAS, WI",-,-,75
,"RANDOLPH, WV",1.17%,1.82%,1373
,"KING, WA",0.10%,0.25%,60538
,"SKAMANIA, WA",-,-,724
,"WAYNE, WV",-,0.66%,3929
,"KANAWHA, WV",0.10%,0.46%,13416
,"LANGLADE, WI",-,-,251
,"YAKIMA, WA",-,0.45%,9505
,"LINCOLN, WY",-,0.53%,2076
,"EAU CLAIRE, WI",0.27%,0.64%,4824
,"IOWA, WI",-,-,983
,"DANE, WI",0.37%,0.49%,69815
,"SWEETWATER, WY",-,3.91%,640
,"KITTITAS, WA",-,-,750
,"WHATCOM, WA",-,0.33%,6409
,"BOONE, WV",-,-,981
,"MONONGALIA, WV",0.42%,0.49%,13901
,"LINCOLN, WV",-,-,1091
,"OZAUKEE, WI",0.35%,0.40%,14148
,"KLICKITAT, WA",0.92%,1.06%,1411
,"CALUMET, WI",0.85%,1.01%,3071
,"WAUPACA, WI",1.25%,1.54%,2073
,"FLORENCE, WI",-,-,280
,"SUMMERS, WV",-,-,234
,"RALEIGH, WV",-,-,1071
,"WESTON, WY",-,-,312
,"CARBON, WY",-,3.21%,405
,"DUNN, WI",-,-,1014
,"SNOHOMISH, WA",0.09%,0.24%,15208
,"WASHAKIE, WY",-,-,69
,"SAUK, WI",1.08%,1.38%,1950
,"WAUKESHA, WI",0.50%,0.56%,46581
,"RICHLAND, WI",1.43%,1.56%,767
,"MASON, WV",-,-,1361
,"OUTAGAMIE, WI",1.04%,1.20%,12044
,"JACKSON, WI",0.93%,1.09%,1289
,"LOGAN, WV",-,-,753
,"WOOD, WI",-,-,844
,"BARRON, WI",-,-,888
,"CLARK, WI",-,-,499
,"LAFAYETTE, WI",-,-,709
,"PARK, WY",-,1.23%,979
,"CONVERSE, WY",-,-,116
,"FREMONT, WY",-,3.23%,403
,"FRANKLIN, WA",-,-,89
,"ONEIDA, WI",-,-,180
,"CAMPBELL, WY",0.72%,1.43%,1535
,"BIG HORN, WY",-,-,181
,"PIERCE, WA",-,-,3431
,"NIOBRARA, WY",-,-,21
,"CLARK, WA",0.82%,0.94%,33758
,"LEWIS, WA",-,-,319
,"CROOK, WY",-,-,296
,"CABELL, WV",-,0.40%,8206
,"NATRONA, WY",-,2.50%,601
,"PORTAGE, WI",-,1.15%,1047
,"UINTA, WY",-,1.58%,1333
,"MASON, WA",-,-,39
,"SHERIDAN, WY",-,-,174
,"TAYLOR, WI",-,-,125
,"MONROE, WV",-,-,413
,"PUTNAM, WV",-,0.41%,4860
,"BENTON, WA",-,-,185
,"WYOMING, WV",-,-,435
,"CLALLAM, WA",-,-,27
,"ASOTIN, WA",-,-,64
,"LINCOLN, WI",-,-,251
,"PRICE, WI",-,-,127
,"WALLA WALLA, WA",-,-,46
,"STEVENS, WA",-,-,18
,"HOT SPRINGS, WY",-,-,32
,"SPOKANE, WA",-,-,630
,"SAN JUAN, WA",-,-,151
,"SUBLETTE, WY",-,-,170
,"COLUMBIA, WA",-,-,10 or fewer
,"JEFFERSON, WA",-,-,15
,"WHITMAN, WA",-,-,393
,"MARATHON, WI",-,1.40%,1499
,"THURSTON, WA",-,-,526
,"JOHNSON, WY",-,-,62
,"KITSAP, WA",-,-,377
,"TETON, WY",-,-,198
,"PEND OREILLE, WA",-,-,10 or fewer
,None of the above,0.18%,0.32%,50845
,Total,0.40%,0.54%,1027470
≥ 18 and < 25 Years,"CLAY, WV",-,-,289
,"TYLER, WV",-,-,332
,"WETZEL, WV",1.51%,2.64%,796
,"BRAXTON, WV",2.14%,3.03%,561
,"DODDRIDGE, WV",-,-,270
,"POCAHONTAS, WV",-,-,125
,"LEWIS, WV",-,1.58%,696
,"MENOMINEE, WI",-,-,127
,"NICHOLAS, WV",1.80%,2.87%,835
,"UPSHUR, WV",1.98%,2.78%,1365
,"WIRT, WV",-,-,192
,"HARRISON, WV",1.26%,1.99%,3877
,"WOOD, WV",1.33%,2.17%,4048
,"RITCHIE, WV",-,-,350
,"WAUSHARA, WI",-,-,371
,"BROOKE, WV",-,3.36%,744
,"PEPIN, WI",-,-,164
,"GRANT, WV",-,2.65%,452
,"PLEASANTS, WV",-,-,241
,"MARQUETTE, WI",-,-,281
,"TAYLOR, WV",2.92%,3.89%,617
,"PIERCE, WI",-,1.84%,651
,"MARSHALL, WV",0.80%,1.59%,1635
,"WEBSTER, WV",-,-,253
,"ROCK, WI",1.70%,2.34%,6184
,"GILMER, WV",-,-,156
,"WASHBURN, WI",-,2.93%,410
,"MINERAL, WV",1.13%,2.08%,1059
,"WAHKIAKUM, WA",-,-,75
,"BARBOUR, WV",-,-,489
,"SAWYER, WI",-,2.83%,460
,"FERRY, WA",-,-,10 or fewer
,"SHEBOYGAN, WI",1.13%,1.48%,6400
,"DODGE, WI",1.80%,2.25%,1997
,"ADAMS, WI",-,3.34%,359
,"OHIO, WV",0.90%,1.63%,2325
,"WALWORTH, WI",1.39%,1.52%,4884
,"GRANT, WA",1.60%,1.98%,2372
,"BAYFIELD, WI",-,-,374
,"FOREST, WI",-,-,64
,"MARION, WV",1.27%,1.97%,3000
,"OKANOGAN, WA",0.94%,1.37%,1172
,"CALHOUN, WV",-,-,116
,"MINGO, WV",-,-,341
,"RUSK, WI",-,-,171
,"MARINETTE, WI",1.39%,1.91%,2151
,"PENDLETON, WV",-,-,189
,"MANITOWOC, WI",1.58%,2.01%,3674
,"MCDOWELL, WV",-,-,205
,"GOSHEN, WY",-,-,123
,"MONROE, WI",1.72%,2.12%,1512
,"MORGAN, WV",-,1.58%,696
,"DOUGLAS, WA",1.26%,1.68%,1903
,"ROANE, WV",-,-,144
,"LARAMIE, WY",1.37%,1.90%,3580
,"COLUMBIA, WI",1.50%,2.18%,1465
,"OCONTO, WI",1.29%,1.56%,1855
,"GREEN LAKE, WI",-,3.96%,278
,"BUFFALO, WI",-,-,369
,"CRAWFORD, WI",-,-,486
,"MILWAUKEE, WI",1.55%,1.95%,38677
,"JACKSON, WV",1.12%,2.31%,1512
,"SHAWANO, WI",1.20%,1.61%,996
,"DOUGLAS, WI",1.07%,1.70%,2235
,"JEFFERSON, WI",2.17%,3.05%,1706
,"POLK, WI",-,-,555
,"BURNETT, WI",-,-,280
,"GREEN, WI",1.20%,1.52%,920
,"FAYETTE, WV",-,4.96%,343
,"CHELAN, WA",0.84%,1.35%,3334
,"ASHLAND, WI",-,2.42%,495
,"KEWAUNEE, WI",1.14%,1.42%,1055
,"RACINE, WI",1.59%,1.96%,7129
,"KENOSHA, WI",1.49%,1.85%,7192
,"PRESTON, WV",2.01%,2.91%,995
,"HANCOCK, WV",-,2.96%,675
,"JEFFERSON, WV",1.25%,1.90%,3109
,"PLATTE, WY",-,-,58
,"TREMPEALEAU, WI",1.36%,1.61%,1177
,"GARFIELD, WA",-,-,10 or fewer
,"DOOR, WI",-,1.78%,676
,"IRON, WI",-,-,75
,"BERKELEY, WV",1.30%,2.15%,7412
,"HARDY, WV",-,3.01%,432
,"LINCOLN, WA",-,-,23
,"WINNEBAGO, WI",1.41%,1.89%,5301
,"MERCER, WV",0.94%,2.51%,2233
,"VERNON, WI",1.18%,1.46%,1099
,"JUNEAU, WI",-,2.28%,615
,"COWLITZ, WA",1.81%,2.35%,1875
,"SAINT CROIX, WI",-,-,616
,"PACIFIC, WA",-,-,110
,"HAMPSHIRE, WV",-,2.77%,867
,"LA CROSSE, WI",1.13%,1.45%,6297
,"GRAYS HARBOR, WA",-,-,102
,"SKAGIT, WA",1.05%,1.82%,4845
,"GRANT, WI",1.95%,3.04%,922
,"FOND DU LAC, WI",1.99%,2.57%,2567
,"CHIPPEWA, WI",1.80%,2.46%,1055
,"WASHINGTON, WI",1.44%,1.63%,4726
,"BROWN, WI",1.15%,1.46%,17721
,"ADAMS, WA",-,-,121
,"ALBANY, WY",1.51%,2.15%,1395
,"GREENBRIER, WV",-,-,223
,"TUCKER, WV",-,-,134
,"ISLAND, WA",2.82%,4.05%,815
,"VILAS, WI",-,-,55
,"RANDOLPH, WV",2.22%,3.93%,585
,"KING, WA",0.81%,1.16%,33943
,"SKAMANIA, WA",-,-,198
,"WAYNE, WV",2.02%,3.07%,1238
,"KANAWHA, WV",0.90%,2.23%,3225
,"LANGLADE, WI",-,-,102
,"YAKIMA, WA",1.10%,2.13%,1547
,"LINCOLN, WY",-,-,616
,"EAU CLAIRE, WI",1.57%,1.88%,1973
,"IOWA, WI",-,3.17%,347
,"DANE, WI",1.15%,1.57%,32470
,"SWEETWATER, WY",-,6.69%,239
,"KITTITAS, WA",-,-,516
,"WHATCOM, WA",0.79%,1.51%,4305
,"BOONE, WV",-,-,232
,"MONONGALIA, WV",1.15%,1.82%,6167
,"LINCOLN, WV",-,-,301
,"OZAUKEE, WI",1.03%,1.34%,3583
,"KLICKITAT, WA",3.02%,3.27%,397
,"CALUMET, WI",1.43%,2.24%,1115
,"WAUPACA, WI",4.17%,4.72%,551
,"FLORENCE, WI",-,-,95
,"SUMMERS, WV",-,-,95
,"RALEIGH, WV",2.76%,4.84%,434
,"WESTON, WY",-,-,75
,"CARBON, WY",-,-,164
,"DUNN, WI",-,-,448
,"SNOHOMISH, WA",0.66%,1.20%,7989
,"WASHAKIE, WY",-,-,37
,"SAUK, WI",1.66%,3.18%,785
,"WAUKESHA, WI",1.38%,1.71%,10728
,"RICHLAND, WI",-,-,308
,"MASON, WV",-,-,411
,"OUTAGAMIE, WI",1.75%,2.19%,4513
,"JACKSON, WI",-,-,470
,"LOGAN, WV",-,-,237
,"WOOD, WI",-,-,328
,"BARRON, WI",-,2.73%,403
,"CLARK, WI",-,-,155
,"LAFAYETTE, WI",-,-,184
,"PARK, WY",-,-,503
,"CONVERSE, WY",-,-,39
,"FREMONT, WY",-,-,139
,"FRANKLIN, WA",-,-,80
,"ONEIDA, WI",-,-,104
,"CAMPBELL, WY",-,2.23%,539
,"BIG HORN, WY",-,-,110
,"PIERCE, WA",-,0.70%,3129
,"NIOBRARA, WY",-,-,10 or fewer
,"CLARK, WA",1.43%,2.13%,9288
,"LEWIS, WA",-,-,280
,"CROOK, WY",-,-,94
,"CABELL, WV",0.40%,1.37%,2767
,"NATRONA, WY",-,-,187
,"PORTAGE, WI",2.91%,4.37%,412
,"UINTA, WY",-,-,370
,"MASON, WA",-,-,126
,"SHERIDAN, WY",-,-,101
,"TAYLOR, WI",-,-,65
,"MONROE, WV",-,-,134
,"PUTNAM, WV",-,1.51%,1123
,"BENTON, WA",-,-,233
,"WYOMING, WV",-,-,153
,"CLALLAM, WA",-,-,152
,"ASOTIN, WA",-,-,52
,"LINCOLN, WI",-,-,87
,"PRICE, WI",-,-,57
,"WALLA WALLA, WA",-,-,61
,"STEVENS, WA",-,-,26
,"HOT SPRINGS, WY",-,-,14
,"SPOKANE, WA",-,-,541
,"SAN JUAN, WA",-,-,68
,"SUBLETTE, WY",-,-,72
,"COLUMBIA, WA",-,-,10 or fewer
,"JEFFERSON, WA",-,-,16
,"WHITMAN, WA",-,-,334
,"MARATHON, WI",-,-,587
,"THURSTON, WA",-,1.19%,924
,"JOHNSON, WY",-,-,38
,"KITSAP, WA",-,-,890
,"TETON, WY",-,-,113
,"PEND OREILLE, WA",-,-,10 or fewer
,None of the above,0.64%,1.01%,19095
,Total,1.24%,1.78%,369708
≥ 25 and < 35 Years,"CLAY, WV",5.81%,8.59%,396
,"TYLER, WV",3.35%,6.70%,418
,"WETZEL, WV",3.82%,5.46%,1153
,"BRAXTON, WV",3.96%,5.40%,833
,"DODDRIDGE, WV",4.71%,6.93%,361
,"POCAHONTAS, WV",-,-,164
,"LEWIS, WV",4.47%,6.76%,1051
,"MENOMINEE, WI",5.56%,7.54%,252
,"NICHOLAS, WV",3.93%,7.16%,1146
,"UPSHUR, WV",2.48%,3.44%,1773
,"WIRT, WV",-,5.54%,271
,"HARRISON, WV",3.14%,4.61%,5511
,"WOOD, WV",3.06%,5.15%,5986
,"RITCHIE, WV",2.44%,5.30%,491
,"WAUSHARA, WI",2.35%,2.89%,554
,"BROOKE, WV",3.26%,6.19%,921
,"PEPIN, WI",-,-,212
,"GRANT, WV",1.65%,5.10%,726
,"PLEASANTS, WV",4.87%,7.45%,349
,"MARQUETTE, WI",-,3.56%,365
,"TAYLOR, WV",2.13%,4.92%,894
,"PIERCE, WI",3.60%,5.58%,556
,"MARSHALL, WV",2.70%,4.81%,2182
,"WEBSTER, WV",4.14%,6.69%,314
,"ROCK, WI",2.75%,4.03%,9469
,"GILMER, WV",-,6.15%,195
,"WASHBURN, WI",3.43%,5.24%,496
,"MINERAL, WV",2.83%,5.06%,1483
,"WAHKIAKUM, WA",-,-,110
,"BARBOUR, WV",2.88%,5.37%,763
,"SAWYER, WI",3.14%,4.36%,574
,"FERRY, WA",-,-,10 or fewer
,"SHEBOYGAN, WI",2.43%,3.20%,9655
,"DODGE, WI",2.47%,3.51%,2709
,"ADAMS, WI",2.82%,5.43%,497
,"OHIO, WV",2.58%,4.26%,2980
,"WALWORTH, WI",2.81%,3.44%,6129
,"GRANT, WA",3.15%,4.59%,3680
,"BAYFIELD, WI",-,2.04%,539
,"FOREST, WI",-,-,69
,"MARION, WV",2.55%,4.03%,4712
,"OKANOGAN, WA",2.97%,4.54%,1652
,"CALHOUN, WV",-,-,174
,"MINGO, WV",4.13%,6.88%,436
,"RUSK, WI",-,-,275
,"MARINETTE, WI",2.24%,3.27%,3120
,"PENDLETON, WV",-,6.75%,252
,"MANITOWOC, WI",2.80%,3.64%,5716
,"MCDOWELL, WV",-,8.31%,349
,"GOSHEN, WY",-,-,158
,"MONROE, WI",2.97%,3.90%,2360
,"MORGAN, WV",2.64%,4.60%,1021
,"DOUGLAS, WA",2.68%,3.48%,2986
,"ROANE, WV",-,5.91%,220
,"LARAMIE, WY",2.11%,3.06%,6210
,"COLUMBIA, WI",3.36%,4.17%,2205
,"OCONTO, WI",2.53%,3.92%,2450
,"GREEN LAKE, WI",-,2.99%,368
,"BUFFALO, WI",-,2.69%,483
,"CRAWFORD, WI",2.28%,3.25%,615
,"MILWAUKEE, WI",3.04%,3.96%,60103
,"JACKSON, WV",1.92%,4.15%,1926
,"SHAWANO, WI",2.79%,4.28%,1543
,"DOUGLAS, WI",2.31%,3.25%,3513
,"JEFFERSON, WI",2.24%,3.38%,2458
,"POLK, WI",2.44%,3.65%,821
,"BURNETT, WI",-,3.46%,376
,"GREEN, WI",1.94%,2.46%,1136
,"FAYETTE, WV",2.78%,7.91%,468
,"CHELAN, WA",2.62%,3.72%,5080
,"ASHLAND, WI",2.91%,4.30%,791
,"KEWAUNEE, WI",1.88%,3.01%,1329
,"RACINE, WI",2.56%,3.54%,10908
,"KENOSHA, WI",2.57%,3.67%,10229
,"PRESTON, WV",2.65%,4.50%,1624
,"HANCOCK, WV",1.88%,4.54%,903
,"JEFFERSON, WV",2.48%,3.98%,4121
,"PLATTE, WY",-,-,111
,"TREMPEALEAU, WI",1.64%,2.93%,1708
,"GARFIELD, WA",-,-,10 or fewer
,"DOOR, WI",1.89%,2.69%,1005
,"IRON, WI",-,-,93
,"BERKELEY, WV",2.26%,4.49%,12482
,"HARDY, WV",-,3.90%,666
,"LINCOLN, WA",-,-,13
,"WINNEBAGO, WI",2.28%,3.18%,7975
,"MERCER, WV",2.45%,5.44%,3141
,"VERNON, WI",2.59%,3.08%,1430
,"JUNEAU, WI",2.90%,4.46%,896
,"COWLITZ, WA",2.67%,4.06%,3518
,"SAINT CROIX, WI",2.30%,3.88%,696
,"PACIFIC, WA",-,-,218
,"HAMPSHIRE, WV",1.48%,3.66%,1283
,"LA CROSSE, WI",2.35%,2.94%,8538
,"GRAYS HARBOR, WA",-,-,156
,"SKAGIT, WA",2.48%,3.69%,7506
,"GRANT, WI",3.35%,5.37%,1136
,"FOND DU LAC, WI",2.26%,3.49%,3668
,"CHIPPEWA, WI",2.20%,4.22%,1730
,"WASHINGTON, WI",1.82%,2.43%,5438
,"BROWN, WI",2.46%,3.59%,25715
,"ADAMS, WA",-,-,167
,"ALBANY, WY",1.79%,2.60%,1731
,"GREENBRIER, WV",-,6.37%,251
,"TUCKER, WV",-,7.26%,234
,"ISLAND, WA",2.05%,3.50%,1656
,"VILAS, WI",-,-,75
,"RANDOLPH, WV",4.19%,6.22%,884
,"KING, WA",1.70%,2.38%,77546
,"SKAMANIA, WA",-,-,312
,"WAYNE, WV",2.86%,5.85%,1572
,"KANAWHA, WV",2.17%,5.57%,4706
,"LANGLADE, WI",-,-,110
,"YAKIMA, WA",3.83%,6.62%,1647
,"LINCOLN, WY",1.43%,2.47%,768
,"EAU CLAIRE, WI",1.77%,3.16%,2817
,"IOWA, WI",1.89%,3.10%,581
,"DANE, WI",2.01%,2.68%,55048
,"SWEETWATER, WY",4.74%,10.31%,359
,"KITTITAS, WA",3.14%,4.71%,764
,"WHATCOM, WA",1.93%,2.80%,6574
,"BOONE, WV",-,7.67%,287
,"MONONGALIA, WV",2.09%,3.40%,9421
,"LINCOLN, WV",-,5.19%,405
,"OZAUKEE, WI",1.79%,2.32%,4136
,"KLICKITAT, WA",2.85%,3.52%,596
,"CALUMET, WI",2.57%,3.62%,1519
,"WAUPACA, WI",3.07%,5.05%,911
,"FLORENCE, WI",-,-,132
,"SUMMERS, WV",-,-,118
,"RALEIGH, WV",3.39%,7.20%,472
,"WESTON, WY",-,-,107
,"CARBON, WY",-,4.41%,295
,"DUNN, WI",-,3.24%,556
,"SNOHOMISH, WA",1.41%,2.39%,17850
,"WASHAKIE, WY",-,-,38
,"SAUK, WI",2.70%,4.75%,1220
,"WAUKESHA, WI",1.68%,2.42%,12212
,"RICHLAND, WI",-,-,350
,"MASON, WV",-,3.74%,454
,"OUTAGAMIE, WI",1.71%,2.76%,6447
,"JACKSON, WI",1.89%,3.50%,742
,"LOGAN, WV",-,5.92%,304
,"WOOD, WI",2.58%,3.75%,427
,"BARRON, WI",2.78%,4.00%,575
,"CLARK, WI",-,-,221
,"LAFAYETTE, WI",-,-,287
,"PARK, WY",1.96%,2.33%,817
,"CONVERSE, WY",-,-,41
,"FREMONT, WY",-,8.09%,136
,"FRANKLIN, WA",-,-,103
,"ONEIDA, WI",-,-,98
,"CAMPBELL, WY",1.97%,4.33%,763
,"BIG HORN, WY",-,-,150
,"PIERCE, WA",1.63%,2.36%,5889
,"NIOBRARA, WY",-,-,13
,"CLARK, WA",1.22%,2.76%,15615
,"LEWIS, WA",-,3.84%,443
,"CROOK, WY",-,-,130
,"CABELL, WV",1.74%,4.10%,4076
,"NATRONA, WY",-,-,150
,"PORTAGE, WI",2.37%,3.36%,506
,"UINTA, WY",3.12%,5.79%,449
,"MASON, WA",-,-,225
,"SHERIDAN, WY",-,-,86
,"TAYLOR, WI",-,-,90
,"MONROE, WV",-,-,188
,"PUTNAM, WV",1.16%,3.97%,1385
,"BENTON, WA",-,-,242
,"WYOMING, WV",-,-,172
,"CLALLAM, WA",-,-,177
,"ASOTIN, WA",-,-,41
,"LINCOLN, WI",-,-,98
,"PRICE, WI",-,-,106
,"WALLA WALLA, WA",-,-,52
,"STEVENS, WA",-,-,26
,"HOT SPRINGS, WY",-,-,26
,"SPOKANE, WA",-,4.29%,536
,"SAN JUAN, WA",-,-,112
,"SUBLETTE, WY",-,-,104
,"COLUMBIA, WA",-,-,10 or fewer
,"JEFFERSON, WA",-,-,59
,"WHITMAN, WA",-,3.15%,444
,"MARATHON, WI",-,2.92%,685
,"THURSTON, WA",-,1.14%,1575
,"JOHNSON, WY",-,-,26
,"KITSAP, WA",-,1.04%,1346
,"TETON, WY",-,-,126
,"PEND OREILLE, WA",-,-,10 or fewer
,None of the above,1.45%,2.06%,27284
,Total,2.23%,3.35%,580932
≥ 35 and < 45 Years,"CLAY, WV",9.33%,13.88%,461
,"TYLER, WV",9.23%,13.18%,531
,"WETZEL, WV",10.14%,16.34%,1114
,"BRAXTON, WV",8.57%,13.72%,933
,"DODDRIDGE, WV",7.66%,11.49%,444
,"POCAHONTAS, WV",7.76%,12.50%,232
,"LEWIS, WV",10.56%,14.78%,1184
,"MENOMINEE, WI",13.79%,14.48%,290
,"NICHOLAS, WV",5.67%,11.60%,1500
,"UPSHUR, WV",7.20%,10.12%,1957
,"WIRT, WV",6.95%,12.08%,331
,"HARRISON, WV",7.93%,11.88%,6003
,"WOOD, WV",6.60%,10.01%,6532
,"RITCHIE, WV",5.62%,11.05%,534
,"WAUSHARA, WI",6.46%,9.16%,666
,"BROOKE, WV",5.39%,10.01%,1039
,"PEPIN, WI",7.74%,9.09%,297
,"GRANT, WV",6.07%,11.47%,741
,"PLEASANTS, WV",5.07%,9.60%,375
,"MARQUETTE, WI",5.47%,8.11%,567
,"TAYLOR, WV",6.24%,11.35%,978
,"PIERCE, WI",7.59%,9.38%,725
,"MARSHALL, WV",6.11%,10.59%,2324
,"WEBSTER, WV",6.55%,14.53%,351
,"ROCK, WI",6.50%,8.70%,10143
,"GILMER, WV",6.40%,12.00%,250
,"WASHBURN, WI",4.92%,5.93%,691
,"MINERAL, WV",5.41%,9.72%,1646
,"WAHKIAKUM, WA",-,-,143
,"BARBOUR, WV",5.95%,13.49%,756
,"SAWYER, WI",5.96%,9.00%,789
,"FERRY, WA",-,-,19
,"SHEBOYGAN, WI",5.81%,7.45%,10958
,"DODGE, WI",6.04%,8.03%,3264
,"ADAMS, WI",7.10%,11.11%,648
,"OHIO, WV",5.58%,8.89%,3781
,"WALWORTH, WI",5.54%,7.14%,7154
,"GRANT, WA",6.52%,8.91%,3986
,"BAYFIELD, WI",6.42%,8.78%,763
,"FOREST, WI",-,12.50%,88
,"MARION, WV",6.20%,9.99%,4776
,"OKANOGAN, WA",4.49%,6.30%,2316
,"CALHOUN, WV",-,8.02%,237
,"MINGO, WV",6.07%,11.74%,511
,"RUSK, WI",4.56%,6.97%,373
,"MARINETTE, WI",5.29%,7.88%,3783
,"PENDLETON, WV",3.63%,8.91%,303
,"MANITOWOC, WI",5.08%,6.94%,6497
,"MCDOWELL, WV",6.54%,12.83%,413
,"GOSHEN, WY",-,7.54%,252
,"MONROE, WI",5.87%,7.77%,2743
,"MORGAN, WV",5.90%,9.42%,1136
,"DOUGLAS, WA",5.36%,7.21%,3414
,"ROANE, WV",4.92%,12.50%,264
,"LARAMIE, WY",5.15%,7.73%,6685
,"COLUMBIA, WI",5.40%,7.88%,2702
,"OCONTO, WI",4.58%,7.29%,3387
,"GREEN LAKE, WI",6.10%,8.78%,410
,"BUFFALO, WI",5.80%,7.57%,621
,"CRAWFORD, WI",4.28%,7.22%,817
,"MILWAUKEE, WI",7.44%,9.75%,56888
,"JACKSON, WV",5.87%,10.10%,2198
,"SHAWANO, WI",5.46%,7.38%,1776
,"DOUGLAS, WI",5.37%,7.82%,3746
,"JEFFERSON, WI",5.04%,7.22%,2936
,"POLK, WI",4.48%,6.67%,915
,"BURNETT, WI",5.00%,9.42%,520
,"GREEN, WI",4.89%,6.50%,1431
,"FAYETTE, WV",6.00%,13.64%,550
,"CHELAN, WA",4.95%,6.77%,6246
,"ASHLAND, WI",4.78%,7.71%,921
,"KEWAUNEE, WI",4.83%,6.90%,1740
,"RACINE, WI",6.01%,7.89%,11760
,"KENOSHA, WI",6.11%,8.12%,10942
,"PRESTON, WV",4.78%,8.70%,1735
,"HANCOCK, WV",3.68%,8.29%,1086
,"JEFFERSON, WV",4.31%,7.20%,5085
,"PLATTE, WY",8.09%,11.76%,136
,"TREMPEALEAU, WI",5.20%,6.91%,1924
,"GARFIELD, WA",-,-,10 or fewer
,"DOOR, WI",5.22%,7.03%,1323
,"IRON, WI",8.15%,8.89%,135
,"BERKELEY, WV",4.80%,9.12%,13637
,"HARDY, WV",2.62%,10.36%,724
,"LINCOLN, WA",-,-,48
,"WINNEBAGO, WI",4.98%,6.91%,8492
,"MERCER, WV",4.14%,10.72%,3331
,"VERNON, WI",3.91%,6.26%,1868
,"JUNEAU, WI",6.00%,9.14%,1050
,"COWLITZ, WA",6.08%,9.03%,3653
,"SAINT CROIX, WI",4.46%,6.58%,896
,"PACIFIC, WA",5.67%,8.91%,247
,"HAMPSHIRE, WV",3.72%,10.25%,1425
,"LA CROSSE, WI",4.67%,6.04%,9086
,"GRAYS HARBOR, WA",-,-,123
,"SKAGIT, WA",4.60%,7.42%,8102
,"GRANT, WI",4.67%,6.85%,1329
,"FOND DU LAC, WI",5.55%,7.71%,3981
,"CHIPPEWA, WI",4.60%,6.82%,2198
,"WASHINGTON, WI",3.94%,5.43%,6520
,"BROWN, WI",5.01%,7.34%,28401
,"ADAMS, WA",-,5.50%,200
,"ALBANY, WY",3.12%,5.19%,1829
,"GREENBRIER, WV",5.45%,12.73%,330
,"TUCKER, WV",4.98%,10.34%,261
,"ISLAND, WA",4.13%,6.34%,2083
,"VILAS, WI",-,-,108
,"RANDOLPH, WV",4.65%,10.62%,904
,"KING, WA",4.08%,5.62%,79995
,"SKAMANIA, WA",4.13%,5.00%,460
,"WAYNE, WV",5.84%,11.76%,1386
,"KANAWHA, WV",4.51%,11.72%,5631
,"LANGLADE, WI",-,10.87%,138
,"YAKIMA, WA",8.61%,13.52%,1650
,"LINCOLN, WY",2.28%,4.07%,1007
,"EAU CLAIRE, WI",3.65%,6.01%,3180
,"IOWA, WI",3.46%,6.20%,694
,"DANE, WI",4.27%,5.43%,53857
,"SWEETWATER, WY",3.66%,9.32%,547
,"KITTITAS, WA",4.37%,7.59%,870
,"WHATCOM, WA",4.43%,6.50%,5758
,"BOONE, WV",4.70%,14.11%,319
,"MONONGALIA, WV",4.35%,6.77%,8360
,"LINCOLN, WV",6.41%,12.13%,437
,"OZAUKEE, WI",3.58%,4.65%,5811
,"KLICKITAT, WA",5.06%,7.70%,909
,"CALUMET, WI",5.41%,8.11%,1738
,"WAUPACA, WI",5.22%,8.83%,997
,"FLORENCE, WI",-,6.49%,185
,"SUMMERS, WV",-,13.28%,128
,"RALEIGH, WV",4.41%,12.09%,612
,"WESTON, WY",-,-,137
,"CARBON, WY",-,5.11%,313
,"DUNN, WI",4.27%,7.33%,655
,"SNOHOMISH, WA",3.76%,6.06%,20372
,"WASHAKIE, WY",-,-,57
,"SAUK, WI",3.37%,7.02%,1425
,"WAUKESHA, WI",3.58%,4.49%,15854
,"RICHLAND, WI",3.47%,8.86%,519
,"MASON, WV",2.19%,6.97%,502
,"OUTAGAMIE, WI",4.17%,6.49%,7073
,"JACKSON, WI",3.19%,7.00%,971
,"LOGAN, WV",4.14%,14.33%,314
,"WOOD, WI",5.46%,11.14%,458
,"BARRON, WI",3.88%,7.91%,670
,"CLARK, WI",-,-,249
,"LAFAYETTE, WI",-,4.62%,303
,"PARK, WY",2.45%,5.08%,1062
,"CONVERSE, WY",-,-,64
,"FREMONT, WY",4.89%,9.78%,225
,"FRANKLIN, WA",-,-,86
,"ONEIDA, WI",-,8.15%,135
,"CAMPBELL, WY",3.37%,9.24%,920
,"BIG HORN, WY",-,6.15%,179
,"PIERCE, WA",3.38%,5.24%,5386
,"NIOBRARA, WY",-,-,12
,"CLARK, WA",2.79%,5.85%,15749
,"LEWIS, WA",-,4.97%,322
,"CROOK, WY",-,-,166
,"CABELL, WV",4.30%,10.19%,3858
,"NATRONA, WY",-,7.42%,256
,"PORTAGE, WI",6.05%,8.07%,446
,"UINTA, WY",2.04%,5.34%,637
,"MASON, WA",-,-,140
,"SHERIDAN, WY",-,9.02%,122
,"TAYLOR, WI",-,-,80
,"MONROE, WV",-,5.48%,219
,"PUTNAM, WV",1.90%,6.95%,1684
,"BENTON, WA",-,6.46%,263
,"WYOMING, WV",-,8.56%,257
,"CLALLAM, WA",-,-,135
,"ASOTIN, WA",-,-,61
,"LINCOLN, WI",-,-,117
,"PRICE, WI",-,-,148
,"WALLA WALLA, WA",-,-,64
,"STEVENS, WA",-,-,17
,"HOT SPRINGS, WY",-,-,20
,"SPOKANE, WA",2.18%,11.62%,551
,"SAN JUAN, WA",-,7.14%,182
,"SUBLETTE, WY",-,9.09%,154
,"COLUMBIA, WA",-,-,10 or fewer
,"JEFFERSON, WA",-,-,61
,"WHITMAN, WA",-,4.95%,384
,"MARATHON, WI",2.52%,7.03%,754
,"THURSTON, WA",1.31%,2.78%,1224
,"JOHNSON, WY",-,-,24
,"KITSAP, WA",1.17%,3.09%,940
,"TETON, WY",-,-,178
,"PEND OREILLE, WA",-,-,11
,None of the above,3.37%,4.66%,38095
,Total,4.88%,7.22%,631585
≥ 45 and < 55 Years,"CLAY, WV",17.84%,22.61%,712
,"TYLER, WV",16.96%,26.75%,684
,"WETZEL, WV",19.60%,27.80%,1367
,"BRAXTON, WV",15.13%,20.67%,1229
,"DODDRIDGE, WV",13.92%,24.79%,589
,"POCAHONTAS, WV",11.21%,18.58%,339
,"LEWIS, WV",16.78%,24.31%,1526
,"MENOMINEE, WI",25.71%,29.05%,210
,"NICHOLAS, WV",11.62%,21.35%,2108
,"UPSHUR, WV",15.67%,21.19%,2227
,"WIRT, WV",12.93%,20.55%,433
,"HARRISON, WV",15.57%,22.95%,7143
,"WOOD, WV",13.01%,21.35%,7369
,"RITCHIE, WV",11.05%,21.17%,751
,"WAUSHARA, WI",13.41%,19.31%,813
,"BROOKE, WV",11.50%,22.30%,1417
,"PEPIN, WI",10.97%,17.42%,310
,"GRANT, WV",8.38%,19.36%,1038
,"PLEASANTS, WV",11.18%,19.51%,492
,"MARQUETTE, WI",11.79%,17.90%,687
,"TAYLOR, WV",13.97%,24.02%,1253
,"PIERCE, WI",10.58%,14.32%,936
,"MARSHALL, WV",13.59%,21.71%,2796
,"WEBSTER, WV",11.44%,25.13%,577
,"ROCK, WI",14.48%,18.03%,10139
,"GILMER, WV",11.23%,21.64%,365
,"WASHBURN, WI",10.47%,13.72%,831
,"MINERAL, WV",9.48%,18.81%,2036
,"WAHKIAKUM, WA",9.77%,12.64%,174
,"BARBOUR, WV",12.62%,23.81%,1054
,"SAWYER, WI",10.83%,14.62%,951
,"FERRY, WA",-,-,22
,"SHEBOYGAN, WI",12.46%,15.79%,10884
,"DODGE, WI",11.07%,15.12%,3684
,"ADAMS, WI",11.21%,19.76%,749
,"OHIO, WV",10.20%,17.74%,3979
,"WALWORTH, WI",11.68%,14.23%,7707
,"GRANT, WA",11.63%,15.48%,4541
,"BAYFIELD, WI",9.27%,12.03%,831
,"FOREST, WI",15.70%,19.83%,121
,"MARION, WV",12.75%,19.74%,5308
,"OKANOGAN, WA",9.59%,13.32%,2575
,"CALHOUN, WV",12.14%,21.73%,313
,"MINGO, WV",8.82%,21.79%,794
,"RUSK, WI",10.66%,15.88%,422
,"MARINETTE, WI",11.84%,16.56%,3937
,"PENDLETON, WV",6.58%,17.76%,456
,"MANITOWOC, WI",12.26%,15.36%,6379
,"MCDOWELL, WV",9.04%,21.37%,730
,"GOSHEN, WY",8.30%,13.96%,265
,"MONROE, WI",12.33%,17.31%,2473
,"MORGAN, WV",9.61%,17.29%,1446
,"DOUGLAS, WA",9.71%,12.49%,3459
,"ROANE, WV",10.25%,23.01%,439
,"LARAMIE, WY",11.17%,16.64%,6286
,"COLUMBIA, WI",10.72%,13.63%,2919
,"OCONTO, WI",9.26%,13.51%,3672
,"GREEN LAKE, WI",15.82%,19.20%,474
,"BUFFALO, WI",8.33%,12.42%,660
,"CRAWFORD, WI",10.91%,16.68%,917
,"MILWAUKEE, WI",15.49%,19.57%,50736
,"JACKSON, WV",11.15%,20.90%,2593
,"SHAWANO, WI",12.36%,17.58%,2014
,"DOUGLAS, WI",10.23%,15.07%,3518
,"JEFFERSON, WI",9.42%,13.34%,3239
,"POLK, WI",10.49%,13.67%,1039
,"BURNETT, WI",8.63%,13.91%,568
,"GREEN, WI",9.85%,13.08%,1644
,"FAYETTE, WV",10.94%,24.29%,914
,"CHELAN, WA",9.31%,12.34%,6273
,"ASHLAND, WI",10.87%,15.81%,892
,"KEWAUNEE, WI",9.55%,13.50%,1948
,"RACINE, WI",11.54%,15.00%,11469
,"KENOSHA, WI",12.04%,15.12%,11126
,"PRESTON, WV",11.18%,19.92%,1958
,"HANCOCK, WV",10.41%,20.82%,1422
,"JEFFERSON, WV",9.87%,16.76%,5591
,"PLATTE, WY",9.26%,12.96%,162
,"TREMPEALEAU, WI",11.10%,14.34%,1883
,"GARFIELD, WA",-,-,11
,"DOOR, WI",8.90%,12.17%,1561
,"IRON, WI",8.98%,13.17%,167
,"BERKELEY, WV",10.32%,19.26%,13503
,"HARDY, WV",8.03%,20.02%,1034
,"LINCOLN, WA",-,-,69
,"WINNEBAGO, WI",10.56%,14.26%,7687
,"MERCER, WV",8.42%,21.10%,4525
,"VERNON, WI",7.96%,12.65%,1961
,"JUNEAU, WI",9.54%,16.82%,1195
,"COWLITZ, WA",13.38%,20.05%,3527
,"SAINT CROIX, WI",7.99%,11.62%,1102
,"PACIFIC, WA",12.37%,19.59%,291
,"HAMPSHIRE, WV",7.15%,17.95%,1861
,"LA CROSSE, WI",9.24%,12.12%,8124
,"GRAYS HARBOR, WA",11.36%,17.42%,132
,"SKAGIT, WA",10.52%,15.19%,7649
,"GRANT, WI",8.88%,15.04%,1509
,"FOND DU LAC, WI",10.24%,15.13%,3828
,"CHIPPEWA, WI",8.31%,12.44%,2203
,"WASHINGTON, WI",8.02%,10.61%,7155
,"BROWN, WI",10.49%,14.57%,26849
,"ADAMS, WA",5.47%,10.95%,274
,"ALBANY, WY",7.64%,13.06%,1807
,"GREENBRIER, WV",7.31%,19.23%,520
,"TUCKER, WV",8.72%,19.07%,367
,"ISLAND, WA",7.45%,13.02%,2028
,"VILAS, WI",-,-,106
,"RANDOLPH, WV",7.37%,18.76%,1370
,"KING, WA",8.76%,11.49%,66033
,"SKAMANIA, WA",7.56%,12.39%,476
,"WAYNE, WV",11.01%,24.86%,1617
,"KANAWHA, WV",8.37%,20.27%,7562
,"LANGLADE, WI",-,10.37%,164
,"YAKIMA, WA",16.38%,22.93%,1557
,"LINCOLN, WY",6.86%,11.84%,1166
,"EAU CLAIRE, WI",8.67%,13.40%,2814
,"IOWA, WI",7.00%,11.62%,714
,"DANE, WI",8.97%,11.09%,44918
,"SWEETWATER, WY",7.77%,19.28%,695
,"KITTITAS, WA",8.70%,13.45%,885
,"WHATCOM, WA",9.62%,12.91%,4856
,"BOONE, WV",7.89%,21.68%,558
,"MONONGALIA, WV",10.19%,15.81%,6901
,"LINCOLN, WV",10.58%,24.57%,643
,"OZAUKEE, WI",7.68%,9.49%,5765
,"KLICKITAT, WA",10.73%,14.95%,923
,"CALUMET, WI",9.22%,13.38%,1823
,"WAUPACA, WI",9.76%,15.98%,1014
,"FLORENCE, WI",-,9.69%,196
,"SUMMERS, WV",4.51%,16.80%,244
,"RALEIGH, WV",7.52%,17.64%,998
,"WESTON, WY",7.23%,12.65%,166
,"CARBON, WY",5.87%,11.73%,358
,"DUNN, WI",8.48%,14.47%,684
,"SNOHOMISH, WA",8.11%,12.98%,15049
,"WASHAKIE, WY",-,-,84
,"SAUK, WI",7.51%,15.09%,1557
,"WAUKESHA, WI",7.60%,10.04%,16249
,"RICHLAND, WI",8.82%,16.99%,612
,"MASON, WV",9.72%,22.61%,597
,"OUTAGAMIE, WI",8.83%,12.66%,6396
,"JACKSON, WI",7.55%,12.96%,941
,"LOGAN, WV",6.25%,22.20%,608
,"WOOD, WI",8.82%,16.62%,397
,"BARRON, WI",8.77%,13.85%,650
,"CLARK, WI",7.22%,13.36%,277
,"LAFAYETTE, WI",8.87%,16.67%,282
,"PARK, WY",4.22%,6.55%,1115
,"CONVERSE, WY",-,13.10%,84
,"FREMONT, WY",6.10%,18.70%,246
,"FRANKLIN, WA",-,13.21%,106
,"ONEIDA, WI",-,9.22%,141
,"CAMPBELL, WY",6.82%,17.38%,938
,"BIG HORN, WY",-,11.34%,194
,"PIERCE, WA",7.39%,11.10%,4035
,"NIOBRARA, WY",-,-,24
,"CLARK, WA",6.24%,12.09%,15183
,"LEWIS, WA",6.97%,14.98%,287
,"CROOK, WY",9.77%,13.79%,174
,"CABELL, WV",7.55%,19.13%,3998
,"NATRONA, WY",9.72%,17.01%,288
,"PORTAGE, WI",9.31%,13.37%,419
,"UINTA, WY",7.49%,13.80%,681
,"MASON, WA",-,11.72%,128
,"SHERIDAN, WY",-,10.81%,111
,"TAYLOR, WI",-,-,89
,"MONROE, WV",4.90%,15.72%,388
,"PUTNAM, WV",5.81%,16.06%,2048
,"BENTON, WA",3.93%,10.36%,280
,"WYOMING, WV",3.31%,10.95%,484
,"CLALLAM, WA",-,-,93
,"ASOTIN, WA",-,-,67
,"LINCOLN, WI",-,17.89%,123
,"PRICE, WI",-,6.63%,166
,"WALLA WALLA, WA",-,-,78
,"STEVENS, WA",-,-,24
,"HOT SPRINGS, WY",-,-,46
,"SPOKANE, WA",2.95%,18.05%,543
,"SAN JUAN, WA",-,6.14%,228
,"SUBLETTE, WY",-,10.36%,193
,"COLUMBIA, WA",-,-,10 or fewer
,"JEFFERSON, WA",-,-,54
,"WHITMAN, WA",-,14.08%,355
,"MARATHON, WI",2.94%,13.66%,849
,"THURSTON, WA",4.29%,7.72%,816
,"JOHNSON, WY",-,-,27
,"KITSAP, WA",2.97%,5.49%,674
,"TETON, WY",-,4.89%,225
,"PEND OREILLE, WA",-,-,10 or fewer
,None of the above,6.75%,9.21%,38509
,Total,10.12%,14.78%,612349
≥ 55 and < 65 Years,"CLAY, WV",22.46%,32.18%,895
,"TYLER, WV",24.79%,34.33%,839
,"WETZEL, WV",26.17%,35.05%,1880
,"BRAXTON, WV",22.93%,32.02%,1496
,"DODDRIDGE, WV",23.77%,35.89%,652
,"POCAHONTAS, WV",17.33%,24.76%,525
,"LEWIS, WV",22.70%,32.67%,1806
,"MENOMINEE, WI",27.33%,36.01%,311
,"NICHOLAS, WV",19.51%,31.72%,2604
,"UPSHUR, WV",21.78%,30.31%,2567
,"WIRT, WV",18.07%,27.56%,664
,"HARRISON, WV",20.19%,30.40%,7956
,"WOOD, WV",19.26%,29.95%,8836
,"RITCHIE, WV",16.32%,30.33%,999
,"WAUSHARA, WI",16.29%,22.69%,1234
,"BROOKE, WV",17.92%,31.30%,1914
,"PEPIN, WI",12.83%,19.44%,499
,"GRANT, WV",13.70%,29.30%,1423
,"PLEASANTS, WV",16.90%,28.12%,633
,"MARQUETTE, WI",14.41%,20.27%,1041
,"TAYLOR, WV",16.78%,29.43%,1478
,"PIERCE, WI",15.18%,19.06%,1364
,"MARSHALL, WV",17.60%,28.30%,3290
,"WEBSTER, WV",15.25%,29.53%,728
,"ROCK, WI",19.07%,23.85%,11692
,"GILMER, WV",16.24%,29.41%,425
,"WASHBURN, WI",13.87%,17.56%,1384
,"MINERAL, WV",15.42%,27.89%,2517
,"WAHKIAKUM, WA",18.46%,21.54%,260
,"BARBOUR, WV",15.09%,30.96%,1266
,"SAWYER, WI",11.66%,16.89%,1587
,"FERRY, WA",-,18.33%,60
,"SHEBOYGAN, WI",16.15%,20.90%,13644
,"DODGE, WI",14.71%,20.30%,4927
,"ADAMS, WI",14.10%,22.70%,1291
,"OHIO, WV",16.17%,26.19%,4682
,"WALWORTH, WI",16.06%,19.82%,10425
,"GRANT, WA",16.43%,22.37%,5592
,"BAYFIELD, WI",12.33%,16.07%,1419
,"FOREST, WI",12.86%,22.38%,210
,"MARION, WV",17.69%,28.48%,5663
,"OKANOGAN, WA",14.23%,20.22%,3507
,"CALHOUN, WV",11.11%,24.72%,441
,"MINGO, WV",12.51%,28.47%,959
,"RUSK, WI",18.08%,24.57%,647
,"MARINETTE, WI",15.60%,22.69%,5835
,"PENDLETON, WV",11.99%,26.86%,659
,"MANITOWOC, WI",15.84%,20.31%,8592
,"MCDOWELL, WV",11.05%,32.53%,950
,"GOSHEN, WY",13.36%,21.83%,449
,"MONROE, WI",16.62%,22.92%,2997
,"MORGAN, WV",15.19%,25.24%,2048
,"DOUGLAS, WA",15.01%,19.03%,3983
,"ROANE, WV",9.38%,26.04%,576
,"LARAMIE, WY",15.90%,22.12%,7610
,"COLUMBIA, WI",14.72%,19.83%,3818
,"OCONTO, WI",14.78%,20.54%,5121
,"GREEN LAKE, WI",15.15%,21.34%,614
,"BUFFALO, WI",13.89%,17.89%,950
,"CRAWFORD, WI",13.54%,22.35%,1396
,"MILWAUKEE, WI",20.95%,27.48%,52469
,"JACKSON, WV",15.77%,28.66%,3050
,"SHAWANO, WI",15.41%,22.35%,2738
,"DOUGLAS, WI",15.46%,22.21%,4255
,"JEFFERSON, WI",14.35%,19.70%,4243
,"POLK, WI",14.52%,19.64%,1405
,"BURNETT, WI",11.06%,17.84%,1076
,"GREEN, WI",14.39%,18.81%,1855
,"FAYETTE, WV",11.81%,26.96%,1109
,"CHELAN, WA",14.24%,18.43%,7466
,"ASHLAND, WI",12.72%,19.05%,1281
,"KEWAUNEE, WI",14.03%,19.27%,2424
,"RACINE, WI",16.33%,21.21%,14117
,"KENOSHA, WI",17.23%,22.47%,12928
,"PRESTON, WV",13.68%,25.70%,2463
,"HANCOCK, WV",11.72%,26.99%,2056
,"JEFFERSON, WV",15.62%,25.19%,6696
,"PLATTE, WY",12.24%,21.43%,294
,"TREMPEALEAU, WI",16.20%,21.36%,2308
,"GARFIELD, WA",-,-,10 or fewer
,"DOOR, WI",11.58%,16.55%,2574
,"IRON, WI",14.07%,15.58%,199
,"BERKELEY, WV",15.43%,27.03%,14844
,"HARDY, WV",10.58%,27.32%,1446
,"LINCOLN, WA",-,17.74%,62
,"WINNEBAGO, WI",14.90%,20.58%,8751
,"MERCER, WV",12.10%,30.01%,5231
,"VERNON, WI",11.31%,18.45%,2564
,"JUNEAU, WI",12.87%,23.34%,1842
,"COWLITZ, WA",16.05%,25.90%,4181
,"SAINT CROIX, WI",11.74%,15.67%,1474
,"PACIFIC, WA",14.20%,23.54%,514
,"HAMPSHIRE, WV",11.12%,24.91%,2670
,"LA CROSSE, WI",13.59%,18.40%,8928
,"GRAYS HARBOR, WA",11.22%,19.39%,196
,"SKAGIT, WA",13.68%,20.08%,9031
,"GRANT, WI",11.34%,19.15%,1958
,"FOND DU LAC, WI",14.13%,20.19%,4488
,"CHIPPEWA, WI",12.27%,19.11%,2884
,"WASHINGTON, WI",11.80%,15.66%,9949
,"BROWN, WI",14.35%,20.39%,30311
,"ADAMS, WA",15.34%,20.90%,378
,"ALBANY, WY",10.58%,17.73%,1957
,"GREENBRIER, WV",10.38%,24.44%,761
,"TUCKER, WV",9.47%,24.04%,549
,"ISLAND, WA",10.51%,16.90%,3112
,"VILAS, WI",11.72%,18.32%,273
,"RANDOLPH, WV",11.34%,26.79%,1870
,"KING, WA",13.21%,17.63%,64499
,"SKAMANIA, WA",12.04%,17.73%,598
,"WAYNE, WV",13.94%,31.43%,1664
,"KANAWHA, WV",11.18%,27.55%,9481
,"LANGLADE, WI",11.25%,18.97%,311
,"YAKIMA, WA",19.22%,29.24%,1915
,"LINCOLN, WY",9.93%,16.03%,1329
,"EAU CLAIRE, WI",12.13%,17.79%,3148
,"IOWA, WI",12.26%,18.64%,1003
,"DANE, WI",13.92%,17.39%,42959
,"SWEETWATER, WY",9.02%,22.20%,820
,"KITTITAS, WA",8.96%,14.53%,1060
,"WHATCOM, WA",13.28%,18.53%,5218
,"BOONE, WV",12.11%,31.63%,743
,"MONONGALIA, WV",15.17%,23.73%,6474
,"LINCOLN, WV",9.09%,28.74%,682
,"OZAUKEE, WI",11.36%,14.04%,7057
,"KLICKITAT, WA",11.18%,17.24%,1073
,"CALUMET, WI",12.88%,17.99%,2073
,"WAUPACA, WI",12.08%,22.34%,1258
,"FLORENCE, WI",10.00%,16.39%,360
,"SUMMERS, WV",8.91%,27.01%,348
,"RALEIGH, WV",8.68%,21.14%,1140
,"WESTON, WY",6.40%,13.20%,250
,"CARBON, WY",10.98%,21.05%,437
,"DUNN, WI",10.34%,15.76%,793
,"SNOHOMISH, WA",11.10%,18.06%,15608
,"WASHAKIE, WY",-,12.62%,103
,"SAUK, WI",8.59%,17.10%,2234
,"WAUKESHA, WI",10.83%,14.36%,20368
,"RICHLAND, WI",10.61%,19.31%,839
,"MASON, WV",11.40%,26.35%,702
,"OUTAGAMIE, WI",12.85%,19.11%,6823
,"JACKSON, WI",11.73%,21.76%,1296
,"LOGAN, WV",8.58%,25.59%,676
,"WOOD, WI",10.04%,20.26%,548
,"BARRON, WI",10.83%,19.34%,905
,"CLARK, WI",9.02%,18.58%,366
,"LAFAYETTE, WI",9.13%,20.71%,449
,"PARK, WY",6.93%,10.30%,1544
,"CONVERSE, WY",-,16.19%,105
,"FREMONT, WY",7.40%,19.61%,311
,"FRANKLIN, WA",10.09%,26.61%,109
,"ONEIDA, WI",5.88%,11.47%,340
,"CAMPBELL, WY",8.17%,20.28%,1090
,"BIG HORN, WY",7.03%,14.06%,256
,"PIERCE, WA",10.55%,16.09%,3935
,"NIOBRARA, WY",-,-,37
,"CLARK, WA",9.39%,17.94%,15849
,"LEWIS, WA",11.71%,21.07%,299
,"CROOK, WY",5.86%,10.10%,307
,"CABELL, WV",10.63%,27.45%,3727
,"NATRONA, WY",7.62%,19.87%,302
,"PORTAGE, WI",8.17%,18.33%,502
,"UINTA, WY",8.33%,19.58%,720
,"MASON, WA",10.00%,13.89%,180
,"SHERIDAN, WY",8.77%,18.71%,171
,"TAYLOR, WI",-,14.62%,130
,"MONROE, WV",6.73%,17.96%,490
,"PUTNAM, WV",7.55%,23.48%,2317
,"BENTON, WA",7.28%,15.51%,316
,"WYOMING, WV",6.40%,16.80%,625
,"CLALLAM, WA",6.63%,14.46%,166
,"ASOTIN, WA",10.48%,19.05%,105
,"LINCOLN, WI",6.67%,19.56%,225
,"PRICE, WI",7.04%,9.39%,213
,"WALLA WALLA, WA",-,15.00%,100
,"STEVENS, WA",-,-,38
,"HOT SPRINGS, WY",-,-,55
,"SPOKANE, WA",6.84%,23.05%,629
,"SAN JUAN, WA",5.31%,9.78%,358
,"SUBLETTE, WY",-,14.16%,219
,"COLUMBIA, WA",-,-,10 or fewer
,"JEFFERSON, WA",-,-,118
,"WHITMAN, WA",5.20%,17.73%,423
,"MARATHON, WI",4.65%,17.95%,947
,"THURSTON, WA",6.32%,11.87%,775
,"JOHNSON, WY",-,-,57
,"KITSAP, WA",4.33%,8.92%,762
,"TETON, WY",-,4.68%,299
,"PEND OREILLE, WA",-,-,14
,None of the above,9.77%,13.46%,40599
,Total,14.27%,21.02%,698448
65 Years or more,"CLAY, WV",28.20%,39.69%,1663
,"TYLER, WV",27.75%,41.83%,1647
,"WETZEL, WV",27.75%,41.84%,3243
,"BRAXTON, WV",24.39%,37.69%,2993
,"DODDRIDGE, WV",26.85%,40.89%,1218
,"POCAHONTAS, WV",18.85%,28.19%,1114
,"LEWIS, WV",22.52%,37.33%,2971
,"MENOMINEE, WI",26.68%,36.10%,446
,"NICHOLAS, WV",21.21%,35.19%,5229
,"UPSHUR, WV",23.61%,37.16%,4930
,"WIRT, WV",20.89%,35.65%,1077
,"HARRISON, WV",23.96%,38.49%,13913
,"WOOD, WV",22.19%,35.94%,15775
,"RITCHIE, WV",20.55%,37.67%,1922
,"WAUSHARA, WI",20.45%,29.55%,2186
,"BROOKE, WV",18.68%,33.83%,4325
,"PEPIN, WI",18.50%,27.17%,1130
,"GRANT, WV",20.59%,38.56%,2671
,"PLEASANTS, WV",19.57%,36.61%,1109
,"MARQUETTE, WI",16.83%,25.57%,2026
,"TAYLOR, WV",20.44%,35.89%,2505
,"PIERCE, WI",18.40%,24.52%,2940
,"MARSHALL, WV",20.54%,33.95%,6232
,"WEBSTER, WV",15.14%,33.87%,1559
,"ROCK, WI",21.68%,29.44%,18066
,"GILMER, WV",16.22%,35.11%,789
,"WASHBURN, WI",15.59%,21.40%,2925
,"MINERAL, WV",19.45%,37.61%,4746
,"WAHKIAKUM, WA",12.00%,25.82%,550
,"BARBOUR, WV",16.79%,34.12%,2430
,"SAWYER, WI",15.56%,22.43%,3593
,"FERRY, WA",11.43%,18.57%,140
,"SHEBOYGAN, WI",19.67%,27.04%,23730
,"DODGE, WI",19.25%,26.23%,8063
,"ADAMS, WI",14.66%,27.51%,2428
,"OHIO, WV",18.72%,30.59%,9911
,"WALWORTH, WI",18.25%,24.60%,18993
,"GRANT, WA",18.59%,27.84%,10480
,"BAYFIELD, WI",14.90%,21.91%,3464
,"FOREST, WI",14.55%,22.63%,433
,"MARION, WV",18.64%,34.39%,10672
,"OKANOGAN, WA",15.81%,23.25%,8714
,"CALHOUN, WV",15.09%,28.95%,822
,"MINGO, WV",14.54%,32.69%,1878
,"RUSK, WI",14.43%,20.53%,1164
,"MARINETTE, WI",17.75%,28.25%,11180
,"PENDLETON, WV",14.51%,33.50%,1585
,"MANITOWOC, WI",18.12%,26.31%,14871
,"MCDOWELL, WV",14.49%,38.56%,1870
,"GOSHEN, WY",13.34%,23.44%,1297
,"MONROE, WI",19.81%,29.65%,5184
,"MORGAN, WV",14.90%,29.35%,3812
,"DOUGLAS, WA",18.76%,25.74%,7852
,"ROANE, WV",14.60%,32.66%,1240
,"LARAMIE, WY",18.73%,27.20%,15080
,"COLUMBIA, WI",16.57%,23.99%,5631
,"OCONTO, WI",18.40%,27.89%,8701
,"GREEN LAKE, WI",15.18%,24.19%,1054
,"BUFFALO, WI",16.26%,24.04%,1722
,"CRAWFORD, WI",15.06%,25.83%,2861
,"MILWAUKEE, WI",22.19%,31.84%,80058
,"JACKSON, WV",17.46%,36.21%,5537
,"SHAWANO, WI",17.09%,27.55%,4429
,"DOUGLAS, WI",18.52%,27.54%,7139
,"JEFFERSON, WI",15.66%,23.37%,7389
,"POLK, WI",15.78%,21.34%,2770
,"BURNETT, WI",13.15%,22.09%,2685
,"GREEN, WI",17.22%,22.68%,2968
,"FAYETTE, WV",12.48%,30.56%,2284
,"CHELAN, WA",15.81%,22.25%,16167
,"ASHLAND, WI",16.34%,23.32%,2423
,"KEWAUNEE, WI",18.26%,27.25%,4371
,"RACINE, WI",17.26%,25.48%,22489
,"KENOSHA, WI",19.53%,27.52%,17851
,"PRESTON, WV",16.41%,31.73%,4516
,"HANCOCK, WV",13.85%,31.36%,4736
,"JEFFERSON, WV",17.43%,30.36%,9892
,"PLATTE, WY",9.93%,19.32%,937
,"TREMPEALEAU, WI",18.18%,25.79%,3586
,"GARFIELD, WA",-,-,28
,"DOOR, WI",11.57%,20.37%,6967
,"IRON, WI",11.63%,17.67%,430
,"BERKELEY, WV",18.77%,33.67%,20759
,"HARDY, WV",14.85%,34.97%,2485
,"LINCOLN, WA",13.87%,22.63%,137
,"WINNEBAGO, WI",18.29%,26.28%,13672
,"MERCER, WV",14.73%,37.07%,10189
,"VERNON, WI",15.11%,25.53%,5547
,"JUNEAU, WI",12.07%,26.39%,3562
,"COWLITZ, WA",10.59%,26.82%,7193
,"SAINT CROIX, WI",14.28%,20.92%,2787
,"PACIFIC, WA",7.45%,22.48%,1557
,"HAMPSHIRE, WV",13.45%,30.92%,4774
,"LA CROSSE, WI",17.92%,24.28%,15959
,"GRAYS HARBOR, WA",10.00%,22.97%,370
,"SKAGIT, WA",13.84%,22.32%,20767
,"GRANT, WI",12.31%,24.68%,4250
,"FOND DU LAC, WI",15.97%,25.42%,6362
,"CHIPPEWA, WI",13.48%,22.89%,5217
,"WASHINGTON, WI",16.77%,23.33%,15168
,"BROWN, WI",17.25%,26.39%,48564
,"ADAMS, WA",12.97%,24.89%,671
,"ALBANY, WY",15.26%,23.74%,4385
,"GREENBRIER, WV",9.83%,25.18%,1648
,"TUCKER, WV",9.58%,27.98%,1201
,"ISLAND, WA",10.07%,17.45%,7846
,"VILAS, WI",9.70%,17.54%,536
,"RANDOLPH, WV",9.59%,29.05%,3942
,"KING, WA",15.34%,22.44%,103872
,"SKAMANIA, WA",12.53%,18.59%,1205
,"WAYNE, WV",18.19%,34.17%,2391
,"KANAWHA, WV",12.05%,31.66%,21644
,"LANGLADE, WI",11.46%,21.23%,471
,"YAKIMA, WA",18.19%,29.09%,3750
,"LINCOLN, WY",15.03%,22.68%,3087
,"EAU CLAIRE, WI",15.54%,24.22%,5829
,"IOWA, WI",12.55%,21.35%,1649
,"DANE, WI",16.98%,22.35%,68353
,"SWEETWATER, WY",10.12%,25.67%,1878
,"KITTITAS, WA",12.16%,20.52%,2081
,"WHATCOM, WA",15.08%,21.21%,8271
,"BOONE, WV",10.14%,32.86%,1677
,"MONONGALIA, WV",16.76%,29.37%,10879
,"LINCOLN, WV",12.97%,31.93%,1234
,"OZAUKEE, WI",14.72%,20.25%,13970
,"KLICKITAT, WA",8.59%,17.58%,2503
,"CALUMET, WI",14.58%,24.10%,2730
,"WAUPACA, WI",13.39%,26.11%,1934
,"FLORENCE, WI",10.62%,21.48%,838
,"SUMMERS, WV",9.67%,29.99%,807
,"RALEIGH, WV",9.20%,24.76%,2880
,"WESTON, WY",11.92%,20.86%,604
,"CARBON, WY",9.09%,20.55%,1056
,"DUNN, WI",12.21%,26.84%,1237
,"SNOHOMISH, WA",12.49%,23.14%,26455
,"WASHAKIE, WY",6.96%,15.32%,359
,"SAUK, WI",9.01%,20.27%,4449
,"WAUKESHA, WI",14.09%,20.87%,34753
,"RICHLAND, WI",7.49%,23.19%,2191
,"MASON, WV",14.17%,29.63%,1080
,"OUTAGAMIE, WI",14.94%,25.21%,8721
,"JACKSON, WI",8.55%,21.89%,2444
,"LOGAN, WV",9.85%,30.85%,1462
,"WOOD, WI",11.22%,22.57%,802
,"BARRON, WI",7.17%,19.68%,2007
,"CLARK, WI",9.73%,21.43%,812
,"LAFAYETTE, WI",9.36%,22.38%,983
,"PARK, WY",8.86%,16.45%,3975
,"CONVERSE, WY",9.79%,18.56%,194
,"FREMONT, WY",7.71%,18.62%,752
,"FRANKLIN, WA",10.12%,23.21%,168
,"ONEIDA, WI",8.18%,18.10%,685
,"CAMPBELL, WY",8.85%,24.23%,2588
,"BIG HORN, WY",8.39%,17.78%,703
,"PIERCE, WA",11.04%,17.96%,5779
,"NIOBRARA, WY",-,-,87
,"CLARK, WA",10.86%,21.96%,32730
,"LEWIS, WA",9.05%,19.34%,641
,"CROOK, WY",7.58%,14.02%,792
,"CABELL, WV",12.70%,27.32%,5190
,"NATRONA, WY",7.77%,19.13%,669
,"PORTAGE, WI",9.05%,19.62%,729
,"UINTA, WY",8.60%,23.26%,1535
,"MASON, WA",8.73%,16.34%,355
,"SHERIDAN, WY",5.49%,14.12%,510
,"TAYLOR, WI",8.33%,20.61%,228
,"MONROE, WV",7.14%,21.65%,896
,"PUTNAM, WV",9.96%,28.53%,4799
,"BENTON, WA",7.04%,20.23%,682
,"WYOMING, WV",6.49%,18.80%,1202
,"CLALLAM, WA",8.43%,16.39%,427
,"ASOTIN, WA",-,16.58%,193
,"LINCOLN, WI",7.30%,20.07%,274
,"PRICE, WI",6.11%,11.25%,311
,"WALLA WALLA, WA",4.10%,12.31%,268
,"STEVENS, WA",-,13.33%,105
,"HOT SPRINGS, WY",5.14%,15.89%,214
,"SPOKANE, WA",6.54%,21.46%,1039
,"SAN JUAN, WA",3.54%,7.45%,1329
,"SUBLETTE, WY",3.99%,18.47%,601
,"COLUMBIA, WA",-,-,12
,"JEFFERSON, WA",3.76%,8.33%,372
,"WHITMAN, WA",5.24%,18.32%,955
,"MARATHON, WI",5.86%,18.81%,888
,"THURSTON, WA",5.45%,14.61%,1485
,"JOHNSON, WY",-,8.87%,124
,"KITSAP, WA",5.41%,12.20%,1369
,"TETON, WY",1.94%,8.30%,723
,"PEND OREILLE, WA",-,-,34
,None of the above,11.47%,17.60%,62334
,Total,16.18%,25.93%,1214249
"Total: Total includes all data, including data from rows not currently displayed.","CLAY, WV",17.20%,24.19%,4879
,"TYLER, WV",15.56%,23.23%,5320
,"WETZEL, WV",15.23%,22.25%,11598
,"BRAXTON, WV",14.83%,22.07%,9035
,"DODDRIDGE, WV",14.55%,22.68%,4109
,"POCAHONTAS, WV",13.53%,20.00%,2660
,"LEWIS, WV",13.48%,20.72%,10983
,"MENOMINEE, WI",13.38%,17.06%,2690
,"NICHOLAS, WV",13.09%,22.28%,14765
,"UPSHUR, WV",12.57%,18.63%,17642
,"WIRT, WV",12.50%,20.36%,3423
,"HARRISON, WV",12.10%,18.76%,54049
,"WOOD, WV",11.66%,18.71%,57056
,"RITCHIE, WV",11.65%,21.45%,5804
,"WAUSHARA, WI",11.58%,16.55%,6966
,"BROOKE, WV",11.48%,20.83%,11933
,"PEPIN, WI",11.22%,16.44%,2968
,"GRANT, WV",10.99%,21.77%,7934
,"PLEASANTS, WV",10.97%,19.41%,3766
,"MARQUETTE, WI",10.94%,16.29%,5641
,"TAYLOR, WV",10.80%,19.04%,9256
,"PIERCE, WI",10.74%,14.25%,8744
,"MARSHALL, WV",10.63%,17.52%,22347
,"WEBSTER, WV",10.51%,22.71%,4109
,"ROCK, WI",10.43%,13.73%,80935
,"GILMER, WV",10.34%,20.53%,2533
,"WASHBURN, WI",10.32%,13.90%,7652
,"MINERAL, WV",10.05%,19.11%,15894
,"WAHKIAKUM, WA",9.99%,16.30%,1442
,"BARBOUR, WV",9.97%,20.08%,7883
,"SAWYER, WI",9.92%,14.35%,9177
,"FERRY, WA",9.85%,15.69%,274
,"SHEBOYGAN, WI",9.85%,13.16%,90489
,"DODGE, WI",9.83%,13.44%,30376
,"ADAMS, WI",9.82%,17.45%,7050
,"OHIO, WV",9.81%,16.12%,33024
,"WALWORTH, WI",9.79%,12.69%,66180
,"GRANT, WA",9.79%,14.08%,37701
,"BAYFIELD, WI",9.76%,13.84%,8475
,"FOREST, WI",9.67%,14.93%,1293
,"MARION, WV",9.63%,16.45%,41734
,"OKANOGAN, WA",9.60%,13.91%,23424
,"CALHOUN, WV",9.57%,18.52%,2392
,"MINGO, WV",9.55%,21.33%,5363
,"RUSK, WI",9.50%,13.49%,3609
,"MARINETTE, WI",9.50%,14.80%,39180
,"PENDLETON, WV",9.46%,21.62%,3816
,"MANITOWOC, WI",9.44%,13.05%,56170
,"MCDOWELL, WV",9.36%,25.01%,5013
,"GOSHEN, WY",9.26%,16.17%,2863
,"MONROE, WI",9.25%,13.24%,22068
,"MORGAN, WV",9.24%,17.01%,11708
,"DOUGLAS, WA",9.23%,12.33%,28581
,"ROANE, WV",9.22%,21.23%,3274
,"LARAMIE, WY",9.19%,13.30%,55760
,"COLUMBIA, WI",9.18%,12.76%,22092
,"OCONTO, WI",9.17%,13.82%,32414
,"GREEN LAKE, WI",9.16%,13.56%,4116
,"BUFFALO, WI",9.11%,12.88%,5675
,"CRAWFORD, WI",9.10%,15.45%,8162
,"MILWAUKEE, WI",8.98%,12.18%,470791
,"JACKSON, WV",8.97%,17.60%,20720
,"SHAWANO, WI",8.94%,13.90%,18387
,"DOUGLAS, WI",8.86%,12.98%,29333
,"JEFFERSON, WI",8.83%,12.85%,26094
,"POLK, WI",8.82%,12.12%,9191
,"BURNETT, WI",8.74%,14.63%,6382
,"GREEN, WI",8.72%,11.57%,11912
,"FAYETTE, WV",8.69%,20.39%,6538
,"CHELAN, WA",8.66%,11.92%,52398
,"ASHLAND, WI",8.65%,12.75%,8346
,"KEWAUNEE, WI",8.64%,12.74%,17132
,"RACINE, WI",8.61%,11.93%,98202
,"KENOSHA, WI",8.58%,11.58%,92111
,"PRESTON, WV",8.51%,15.99%,16610
,"HANCOCK, WV",8.44%,18.89%,12898
,"JEFFERSON, WV",8.43%,14.30%,42492
,"PLATTE, WY",8.42%,14.94%,1901
,"TREMPEALEAU, WI",8.40%,11.56%,15854
,"GARFIELD, WA",-,20.00%,60
,"DOOR, WI",8.29%,13.67%,16571
,"IRON, WI",8.28%,11.19%,1341
,"BERKELEY, WV",8.23%,14.84%,101763
,"HARDY, WV",8.21%,20.40%,7513
,"LINCOLN, WA",8.09%,13.32%,383
,"WINNEBAGO, WI",8.04%,11.33%,65822
,"MERCER, WV",7.99%,19.96%,33560
,"VERNON, WI",7.99%,13.10%,17343
,"JUNEAU, WI",7.94%,15.72%,10899
,"COWLITZ, WA",7.87%,14.73%,28402
,"SAINT CROIX, WI",7.82%,11.21%,9601
,"PACIFIC, WA",7.81%,17.88%,3138
,"HAMPSHIRE, WV",7.65%,17.81%,14663
,"LA CROSSE, WI",7.65%,10.27%,69950
,"GRAYS HARBOR, WA",7.59%,14.18%,1107
,"SKAGIT, WA",7.59%,11.82%,71443
,"GRANT, WI",7.58%,14.02%,13270
,"FOND DU LAC, WI",7.58%,11.45%,31392
,"CHIPPEWA, WI",7.57%,12.29%,18078
,"WASHINGTON, WI",7.52%,10.29%,61600
,"BROWN, WI",7.47%,11.11%,240376
,"ADAMS, WA",7.44%,12.95%,2231
,"ALBANY, WY",7.38%,11.72%,14876
,"GREENBRIER, WV",7.38%,18.14%,4135
,"TUCKER, WV",7.36%,18.78%,3057
,"ISLAND, WA",7.32%,12.41%,18917
,"VILAS, WI",7.25%,12.88%,1297
,"RANDOLPH, WV",7.21%,19.04%,10683
,"KING, WA",7.17%,10.07%,476855
,"SKAMANIA, WA",7.13%,10.64%,3873
,"WAYNE, WV",7.12%,14.77%,13519
,"KANAWHA, WV",7.09%,18.27%,64171
,"LANGLADE, WI",7.09%,12.99%,1609
,"YAKIMA, WA",7.06%,11.11%,21147
,"LINCOLN, WY",7.06%,11.17%,9816
,"EAU CLAIRE, WI",7.05%,10.97%,24126
,"IOWA, WI",7.02%,11.89%,5913
,"DANE, WI",6.99%,9.01%,356489
,"SWEETWATER, WY",6.96%,17.67%,5172
,"KITTITAS, WA",6.91%,11.58%,6786
,"WHATCOM, WA",6.80%,9.60%,40081
,"BOONE, WV",6.76%,20.36%,4706
,"MONONGALIA, WV",6.75%,11.09%,60225
,"LINCOLN, WV",6.73%,17.19%,4694
,"OZAUKEE, WI",6.70%,8.89%,53200
,"KLICKITAT, WA",6.65%,11.26%,7665
,"CALUMET, WI",6.61%,10.21%,15274
,"WAUPACA, WI",6.60%,12.15%,9889
,"FLORENCE, WI",6.53%,12.60%,2389
,"SUMMERS, WV",6.49%,20.26%,1925
,"RALEIGH, WV",6.43%,16.62%,7540
,"WESTON, WY",6.37%,11.64%,1632
,"CARBON, WY",6.26%,13.12%,2973
,"DUNN, WI",6.25%,11.73%,5362
,"SNOHOMISH, WA",6.15%,10.70%,115987
,"WASHAKIE, WY",6.04%,11.01%,745
,"SAUK, WI",6.03%,12.62%,13569
,"WAUKESHA, WI",6.01%,8.45%,153508
,"RICHLAND, WI",5.98%,15.08%,5549
,"MASON, WV",5.97%,13.42%,5006
,"OUTAGAMIE, WI",5.95%,9.40%,57908
,"JACKSON, WI",5.95%,12.84%,8021
,"LOGAN, WV",5.91%,19.05%,4283
,"WOOD, WI",5.85%,11.31%,3847
,"BARRON, WI",5.71%,12.27%,6112
,"CLARK, WI",5.65%,11.62%,2582
,"LAFAYETTE, WI",5.65%,12.57%,3239
,"PARK, WY",5.64%,9.75%,9818
,"CONVERSE, WY",5.62%,10.92%,641
,"FREMONT, WY",5.60%,13.30%,2233
,"FRANKLIN, WA",5.47%,12.59%,731
,"ONEIDA, WI",5.22%,11.40%,1763
,"CAMPBELL, WY",5.20%,13.72%,8253
,"BIG HORN, WY",5.17%,11.43%,1759
,"PIERCE, WA",5.13%,8.09%,30978
,"NIOBRARA, WY",-,12.24%,196
,"CLARK, WA",5.04%,9.91%,135621
,"LEWIS, WA",5.04%,10.31%,2560
,"CROOK, WY",4.97%,8.84%,1912
,"CABELL, WV",4.95%,11.87%,31195
,"NATRONA, WY",4.95%,11.39%,2466
,"PORTAGE, WI",4.88%,9.15%,4162
,"UINTA, WY",4.80%,11.81%,5665
,"MASON, WA",4.77%,8.94%,1175
,"SHERIDAN, WY",4.72%,10.31%,1271
,"TAYLOR, WI",4.56%,10.34%,812
,"MONROE, WV",4.55%,13.43%,2680
,"PUTNAM, WV",4.52%,13.35%,17851
,"BENTON, WA",4.51%,10.92%,2197
,"WYOMING, WV",4.45%,12.48%,3301
,"CLALLAM, WA",4.43%,9.38%,1151
,"ASOTIN, WA",4.21%,11.23%,570
,"LINCOLN, WI",3.96%,11.00%,1236
,"PRICE, WI",3.82%,6.57%,1127
,"WALLA WALLA, WA",3.71%,9.94%,674
,"STEVENS, WA",-,9.41%,255
,"HOT SPRINGS, WY",3.50%,11.50%,400
,"SPOKANE, WA",3.40%,12.59%,4409
,"SAN JUAN, WA",3.20%,6.73%,2406
,"SUBLETTE, WY",3.14%,12.17%,1495
,"COLUMBIA, WA",-,-,32
,"JEFFERSON, WA",3.06%,5.97%,687
,"WHITMAN, WA",2.96%,10.28%,3211
,"MARATHON, WI",2.62%,8.94%,6375
,"THURSTON, WA",2.61%,6.04%,7190
,"JOHNSON, WY",-,6.44%,357
,"KITSAP, WA",2.35%,5.14%,6251
,"TETON, WY",1.98%,5.40%,1870
,"PEND OREILLE, WA",-,-,90
,None of the above,5.57%,8.15%,272515
,Total,7.89%,12.15%,5065160
