Session Title,OBESITY by ICD and BMI County Age 2025,,,
Session ID,2776887,,,
Data Model,Patients,,,
Population Base,All Patients,,,
Population Criteria Filters: These criteria are a summary and do not fully reflect the content of the exported session.,State of Residence (U.S.): States AL-DE,Has Any Encounters?,Base Patient,
Session Date Range,1/1/2025 - 10/30/2025,,,
Export User,Stephanie Perniciaro,,,
Date of Export,11/14/2025,,,
,,,,
,,,,
,Measures,BMI 30+ (%),OBESITY (%),Number of Patients
Age at Encounter in Years,County of Residence,,,
Less than 18 Years,"PERRY, AL",-,-,10 or fewer
,"WALKER, AL",-,-,24
,"CLEBURNE, AL",-,-,75
,"CHOCTAW, AL",12.33%,4.18%,933
,"MARENGO, AL",-,-,112
,"TALLADEGA, AL",-,-,33
,"COOSA, AL",-,-,10 or fewer
,"CALHOUN, AL",-,-,133
,"WILCOX, AL",-,-,19
,"CLARKE, AL",9.86%,-,142
,"BLOUNT, AL",-,-,22
,"BUTLER, AL",-,-,21
,"CHAMBERS, AL",6.98%,-,172
,"WASHINGTON, AL",7.94%,-,214
,"MACON, AL",-,-,43
,"CHEROKEE, AL",15.08%,10.32%,126
,"MISSISSIPPI, AR",9.51%,5.35%,1683
,"CLAY, AL",-,-,12
,"LOWNDES, AL",-,-,10 or fewer
,"GREENE, AL",11.54%,-,130
,"MOBILE, AL",10.32%,9.44%,8316
,"SUMTER, AL",8.12%,14.53%,764
,"RANDOLPH, AL",-,-,111
,"CONECUH, AL",8.89%,10.22%,225
,"SAINT FRANCIS, AR",9.50%,7.09%,621
,"PICKENS, AL",8.08%,5.24%,458
,"ETOWAH, AL",13.40%,6.82%,836
,"MONROE, AL",8.89%,9.33%,225
,"HALE, AL",10.00%,18.67%,150
,"ALPINE, CA",24.49%,-,49
,"NEVADA, AR",14.82%,5.78%,398
,"BARBOUR, AL",9.70%,-,134
,"ALEUTIANS EAST, AK",-,-,10 or fewer
,"KENT, DE",8.72%,9.91%,21893
,"LAWRENCE, AR",7.15%,4.77%,713
,"POINSETT, AR",9.31%,5.12%,2266
,"RANDOLPH, AR",8.94%,3.88%,593
,"JACKSON, AL",6.52%,-,230
,"OUACHITA, AR",12.43%,3.27%,1867
,"SAINT CLAIR, AL",-,-,54
,"PIKE, AL",-,-,56
,"FAYETTE, AL",-,-,54
,"WINSTON, AL",-,-,31
,"PERRY, AR",9.74%,6.59%,698
,"AUTAUGA, AL",-,-,26
,"CROSS, AR",7.24%,5.71%,1436
,"JACKSON, AR",8.06%,3.51%,484
,"MARSHALL, AL",-,-,47
,"BRISTOL BAY, AK",-,-,10 or fewer
,"CROWLEY, CO",13.51%,-,111
,"MONROE, AR",10.88%,4.58%,524
,"DALE, AL",3.62%,2.05%,828
,"CLARK, AR",9.97%,4.14%,1474
,"SUSSEX, DE",9.44%,13.25%,23739
,"PHILLIPS, AR",10.26%,7.69%,546
,"COLBERT, AL",-,-,58
,"GREENE, AR",8.79%,4.44%,2479
,"SHARP, AR",10.22%,3.99%,401
,"SCOTT, AR",10.13%,2.87%,523
,"BIBB, AL",-,-,20
,"CRITTENDEN, AR",8.67%,7.47%,4268
,"BULLOCK, AL",-,-,10 or fewer
,"BENT, CO",-,-,97
,"JOHNSON, AR",12.88%,4.41%,1157
,"CRAIGHEAD, AR",8.21%,5.98%,11191
,"CULLMAN, AL",-,-,23
,"YUKON KOYUKUK, AK",-,-,10 or fewer
,"DALLAS, AL",-,-,10 or fewer
,"HOUSTON, AL",6.09%,2.02%,2626
,"PROWERS, CO",15.79%,10.23%,342
,"DALLAS, AR",11.55%,6.08%,329
,"HENRY, AL",9.48%,-,232
,"CLAY, AR",6.46%,3.09%,712
,"LOGAN, AR",8.24%,4.01%,922
,"SEDGWICK, CO",-,-,45
,"LAMAR, AL",5.72%,3.59%,612
,"PUEBLO, CO",8.58%,4.74%,8414
,"HOT SPRING, AR",10.07%,5.13%,1579
,"TALLAPOOSA, AL",-,-,10 or fewer
,"PRINCE OF WALES HYDER, AK",-,-,10 or fewer
,"MARION, AL",8.73%,8.34%,1283
,"OTERO, CO",8.63%,5.54%,614
,"MILLER, AR",10.91%,5.77%,1439
,"RUSSELL, AL",9.76%,5.85%,205
,"FRANKLIN, AL",7.98%,-,163
,"LEE, AR",8.93%,5.71%,280
,"TUSCALOOSA, AL",8.51%,13.99%,2480
,"CRAWFORD, AR",9.30%,5.39%,5841
,"SALINE, AR",7.88%,9.22%,8417
,"ALEUTIANS WEST, AK",-,-,10 or fewer
,"LAFAYETTE, AR",10.07%,-,149
,"YUMA, AZ",-,-,68
,"VAN BUREN, AR",6.26%,3.33%,511
,"COVINGTON, AL",7.60%,-,250
,"LITTLE RIVER, AR",9.50%,4.15%,337
,"BALDWIN, AL",7.44%,3.85%,9072
,"SEBASTIAN, AR",10.24%,6.23%,9807
,"ARKANSAS, AR",9.46%,5.65%,2337
,"ESCAMBIA, AL",6.23%,6.41%,1139
,"LAUDERDALE, AL",-,-,19
,"LONOKE, AR",6.47%,6.51%,6662
,"CLEBURNE, AR",10.30%,3.40%,1884
,"LOGAN, CO",5.31%,3.70%,433
,"PRAIRIE, AR",6.35%,2.95%,677
,"YAKUTAT, AK",-,-,10 or fewer
,"COFFEE, AL",5.82%,4.75%,3744
,"UNION, AR",8.82%,5.62%,1156
,"FRANKLIN, AR",7.89%,4.37%,938
,"LA PAZ, AZ",-,-,46
,"GENEVA, AL",3.82%,1.98%,759
,"LAWRENCE, AL",-,-,10 or fewer
,"ASHLEY, AR",8.70%,3.37%,563
,"JEFFERSON, AR",8.00%,6.83%,6646
,"LINCOLN, AR",11.78%,6.97%,416
,"KIOWA, CO",-,-,55
,"LASSEN, CA",9.18%,3.74%,588
,"FULTON, AR",7.63%,-,236
,"FRESNO, CA",6.88%,7.23%,103966
,"WINDHAM, CT",8.44%,10.60%,10848
,"INDEPENDENCE, AR",8.80%,5.57%,1239
,"CONWAY, AR",8.15%,5.63%,994
,"CHILTON, AL",-,-,11
,"DREW, AR",9.68%,4.03%,868
,"NOME, AK",-,-,10 or fewer
,"GRAHAM, AZ",-,-,123
,"WOODRUFF, AR",8.81%,7.25%,193
,"NEW HAVEN, CT",7.89%,8.45%,29058
,"SISKIYOU, CA",13.38%,8.11%,1024
,"NEW LONDON, CT",7.81%,8.25%,20360
,"CALHOUN, AR",8.91%,4.62%,303
,"NAVAJO, AZ",-,-,61
,"HEMPSTEAD, AR",10.24%,3.67%,654
,"CRENSHAW, AL",-,-,48
,"MIDDLESEX, CT",6.34%,7.43%,15136
,"IMPERIAL, CA",4.81%,3.97%,478
,"LITCHFIELD, CT",6.92%,4.61%,9892
,"FAULKNER, AR",6.62%,6.36%,8839
,"MOFFAT, CO",6.49%,4.03%,1835
,"WHITE, AR",7.80%,5.30%,3206
,"GRANT, AR",6.20%,4.02%,1419
,"ELMORE, AL",-,-,41
,"LAS ANIMAS, CO",8.99%,7.25%,345
,"NORTHWEST ARCTIC, AK",-,-,10 or fewer
,"YELL, AR",11.49%,6.85%,496
,"GILA, AZ",-,-,106
,"CHICOT, AR",13.29%,5.32%,301
,"LEE, AL",6.31%,-,301
,"MONTGOMERY, AL",-,-,94
,"MORGAN, CO",7.28%,6.16%,1071
,"MORGAN, AL",-,-,39
,"PULASKI, AR",6.95%,11.06%,43876
,"WASHINGTON, CO",-,-,106
,"GREENLEE, AZ",-,-,40
,"COLUMBIA, AR",8.81%,5.17%,987
,"PIKE, AR",8.82%,-,306
,"POPE, AR",9.31%,4.97%,1912
,"MADERA, CA",5.24%,5.44%,13250
,"BRADLEY, AR",8.78%,3.64%,467
,"DESHA, AR",10.05%,6.96%,388
,"SEARCY, AR",7.79%,-,154
,"BETHEL, AK",-,-,10 or fewer
,"MARICOPA, AZ",5.41%,2.83%,83935
,"IZARD, AR",7.52%,-,266
,"HARTFORD, CT",7.47%,8.01%,92246
,"PHILLIPS, CO",-,-,100
,"SOUTHEAST FAIRBANKS, AK",-,-,10 or fewer
,"TOLLAND, CT",5.75%,6.95%,11968
,"SAN BENITO, CA",9.05%,7.57%,1955
,"HAINES, AK",-,-,10 or fewer
,"SKAGWAY, AK",-,-,10 or fewer
,"SHASTA, CA",11.52%,6.52%,1502
,"KINGS, CA",7.05%,6.71%,5021
,"HUERFANO, CO",8.44%,-,154
,"HOWARD, AR",8.98%,5.99%,334
,"KERN, CA",8.90%,11.14%,48662
,"COCHISE, AZ",5.45%,6.09%,1083
,"FREMONT, CO",5.87%,4.26%,1057
,"SAN JOAQUIN, CA",8.92%,10.27%,27476
,"MODOC, CA",8.06%,-,186
,"APACHE, AZ",-,-,34
,"MESA, CO",5.64%,3.87%,7930
,"YUBA, CA",9.72%,5.15%,854
,"MONTEREY, CA",9.35%,14.43%,43231
,"DELTA, CO",6.73%,4.49%,401
,"WELD, CO",4.51%,3.45%,41411
,"MOHAVE, AZ",-,-,161
,"LIMESTONE, AL",-,-,59
,"DEL NORTE, CA",7.66%,9.01%,1631
,"CLEVELAND, AR",7.93%,4.13%,605
,"STONE, AR",5.73%,-,227
,"TEHAMA, CA",11.61%,-,112
,"LINCOLN, CO",-,-,177
,"FAIRFIELD, CT",6.97%,9.98%,27871
,"KODIAK ISLAND, AK",4.53%,2.45%,1060
,"DENALI, AK",-,-,10 or fewer
,"PIMA, AZ",6.87%,14.04%,62938
,"MADISON, AL",7.28%,-,151
,"POLK, AR",8.44%,2.81%,391
,"ELBERT, CO",4.38%,3.22%,1554
,"JEFFERSON, AL",4.38%,-,251
,"JACKSON, CO",-,-,59
,"TULARE, CA",8.57%,7.52%,13516
,"BACA, CO",-,-,78
,"CHEYENNE, CO",-,-,59
,"YUMA, CO",6.58%,7.00%,243
,"RIVERSIDE, CA",6.53%,5.63%,92000
,"VALDEZ CORDOVA, AK",-,-,10 or fewer
,"TRINITY, CA",-,-,92
,"SANTA CRUZ, AZ",5.63%,7.45%,604
,"HUMBOLDT, CA",6.76%,6.20%,13975
,"SANTA BARBARA, CA",7.82%,13.69%,7721
,"LAKE, CA",6.42%,8.94%,1432
,"NAPA, CA",8.49%,20.74%,6764
,"RIO BLANCO, CO",-,-,125
,"SHELBY, AL",-,-,74
,"DILLINGHAM, AK",-,-,10 or fewer
,"ADAMS, CO",5.44%,4.53%,44899
,"FAIRBANKS NORTH STAR, AK",-,-,43
,"RIO GRANDE, CO",12.01%,9.89%,283
,"PLUMAS, CA",-,-,192
,"KIT CARSON, CO",5.45%,-,202
,"GARLAND, AR",9.42%,5.58%,2473
,"CALAVERAS, CA",-,-,238
,"SAN BERNARDINO, CA",6.19%,8.40%,64569
,"CONEJOS, CO",-,-,135
,"COSTILLA, CO",-,-,57
,"SIERRA, CA",-,-,61
,"ALAMOSA, CO",6.77%,4.31%,325
,"SOLANO, CA",7.24%,12.00%,16647
,"MONTROSE, CO",4.15%,5.30%,434
,"TELLER, CO",3.79%,2.59%,1584
,"SAN DIEGO, CA",3.46%,4.96%,128303
,"KENAI PENINSULA, AK",-,-,33
,"EL PASO, CO",3.63%,2.84%,71700
,"KETCHIKAN GATEWAY, AK",-,-,10 or fewer
,"PARK, CO",3.23%,2.74%,402
,"LOS ANGELES, CA",8.12%,15.49%,102696
,"MONTGOMERY, AR",9.09%,-,187
,"INYO, CA",-,-,70
,"MENDOCINO, CA",5.47%,10.36%,5867
,"BAXTER, AR",6.76%,3.62%,636
,"ARAPAHOE, CO",4.54%,4.54%,59672
,"MARIPOSA, CA",-,3.51%,342
,"DOLORES, CO",-,-,26
,"SONOMA, CA",8.24%,11.71%,30741
,"PINAL, AZ",3.00%,1.83%,11648
,"NORTH SLOPE, AK",-,-,10 or fewer
,"SANTA CRUZ, CA",9.57%,15.57%,9251
,"SEVIER, AR",9.01%,4.40%,477
,"MATANUSKA SUSITNA, AK",-,-,54
,"LARIMER, CO",3.40%,2.66%,37286
,"CUSTER, CO",-,-,89
,"NEWTON, AR",8.39%,-,143
,"JUNEAU, AK",-,-,20
,"PETERSBURG, AK",-,-,10 or fewer
,"CONTRA COSTA, CA",6.85%,9.13%,71063
,"SUTTER, CA",4.94%,3.29%,486
,"JEFFERSON, CO",3.84%,2.66%,30796
,"ALAMEDA, CA",6.12%,9.70%,85494
,"MERCED, CA",8.22%,9.15%,12093
,"DOUGLAS, CO",2.63%,2.03%,26548
,"MARION, AR",4.98%,-,221
,"HOONAH ANGOON, AK",-,-,10 or fewer
,"DENVER, CO",5.94%,3.97%,70557
,"GLENN, CA",-,-,58
,"AMADOR, CA",-,-,225
,"SACRAMENTO, CA",4.88%,10.09%,44441
,"NEW CASTLE, DE",6.59%,10.60%,62389
,"BROOMFIELD, CO",2.85%,1.93%,5691
,"KUSILVAK, AK",-,-,10 or fewer
,"SAGUACHE, CO",-,-,43
,"ORANGE, CA",4.00%,8.04%,81068
,"MONTEZUMA, CO",7.36%,5.63%,231
,"BOONE, AR",6.14%,4.41%,749
,"YAVAPAI, AZ",-,-,442
,"LAKE, CO",6.32%,5.79%,190
,"COLUSA, CA",-,-,232
,"MARIN, CA",6.13%,20.92%,14853
,"SANTA CLARA, CA",5.00%,7.18%,83716
,"TUOLUMNE, CA",8.07%,4.65%,409
,"GILPIN, CO",-,-,192
,"YOLO, CA",5.08%,5.42%,8795
,"SITKA, AK",-,-,11
,"GARFIELD, CO",5.77%,5.22%,901
,"CLEAR CREEK, CO",-,-,157
,"MONO, CA",-,-,47
,"BUTTE, CA",6.56%,-,427
,"MINERAL, CO",-,-,10 or fewer
,"CHAFFEE, CO",3.35%,-,358
,"SAN MATEO, CA",4.40%,8.35%,45855
,"EL DORADO, CA",2.50%,1.21%,2157
,"ARCHULETA, CO",-,-,113
,"SAN LUIS OBISPO, CA",5.78%,6.15%,1350
,"BOULDER, CO",2.40%,1.95%,30041
,"ANCHORAGE, AK",-,-,115
,"GRAND, CO",3.72%,-,376
,"SAN JUAN, CO",-,-,10 or fewer
,"STANISLAUS, CA",9.23%,8.16%,8859
,"CARROLL, AR",6.02%,4.58%,830
,"WRANGELL, AK",-,-,10 or fewer
,"SUMMIT, CO",3.49%,4.75%,631
,"PLACER, CA",2.52%,2.66%,3571
,"SAN FRANCISCO, CA",5.32%,15.21%,35367
,"HINSDALE, CO",-,-,10 or fewer
,"LAKE AND PENINSULA, AK",-,-,10 or fewer
,"ROUTT, CO",2.16%,1.67%,2873
,"WASHINGTON, AR",5.90%,6.78%,16783
,"OURAY, CO",-,-,30
,"LA PLATA, CO",7.54%,6.62%,544
,"GUNNISON, CO",2.66%,-,902
,"VENTURA, CA",2.60%,2.38%,3114
,"EAGLE, CO",4.21%,3.43%,641
,"MADISON, AR",5.40%,5.40%,1018
,"COCONINO, AZ",-,-,245
,"NEVADA, CA",3.22%,-,404
,"BENTON, AR",5.12%,5.15%,17485
,"PITKIN, CO",-,-,581
,"SAN MIGUEL, CO",-,-,105
,None of the above,5.17%,5.71%,335896
,Total,6.06%,7.52%,2762324
≥ 18 and < 25 Years,"PERRY, AL",-,-,10 or fewer
,"WALKER, AL",-,-,23
,"CLEBURNE, AL",43.24%,-,37
,"CHOCTAW, AL",48.04%,14.50%,331
,"MARENGO, AL",37.93%,-,58
,"TALLADEGA, AL",39.34%,-,61
,"COOSA, AL",-,-,10 or fewer
,"CALHOUN, AL",38.42%,16.84%,190
,"WILCOX, AL",-,-,23
,"CLARKE, AL",38.46%,20.51%,117
,"BLOUNT, AL",23.08%,-,52
,"BUTLER, AL",-,-,16
,"CHAMBERS, AL",38.19%,19.10%,199
,"WASHINGTON, AL",34.66%,12.50%,176
,"MACON, AL",40.82%,22.45%,49
,"CHEROKEE, AL",26.09%,25.00%,92
,"MISSISSIPPI, AR",43.57%,23.78%,677
,"CLAY, AL",-,-,18
,"LOWNDES, AL",-,-,10 or fewer
,"GREENE, AL",31.71%,-,41
,"MOBILE, AL",36.09%,18.58%,5049
,"SUMTER, AL",39.50%,16.50%,200
,"RANDOLPH, AL",40.98%,16.39%,122
,"CONECUH, AL",54.41%,32.35%,68
,"SAINT FRANCIS, AR",40.74%,27.31%,216
,"PICKENS, AL",39.22%,11.27%,204
,"ETOWAH, AL",41.84%,21.43%,392
,"MONROE, AL",40.80%,16.80%,125
,"HALE, AL",50.00%,33.33%,42
,"ALPINE, CA",-,-,26
,"NEVADA, AR",39.23%,13.81%,181
,"BARBOUR, AL",42.74%,-,124
,"ALEUTIANS EAST, AK",-,-,10 or fewer
,"KENT, DE",36.95%,18.92%,6849
,"LAWRENCE, AR",40.08%,22.27%,247
,"POINSETT, AR",45.79%,22.79%,961
,"RANDOLPH, AR",40.00%,26.25%,160
,"JACKSON, AL",30.77%,-,91
,"OUACHITA, AR",41.97%,17.87%,722
,"SAINT CLAIR, AL",30.61%,-,49
,"PIKE, AL",30.23%,-,43
,"FAYETTE, AL",-,-,20
,"WINSTON, AL",-,-,25
,"PERRY, AR",30.34%,14.96%,234
,"AUTAUGA, AL",-,-,35
,"CROSS, AR",44.79%,33.70%,451
,"JACKSON, AR",40.68%,18.64%,177
,"MARSHALL, AL",37.33%,26.67%,75
,"BRISTOL BAY, AK",-,-,10 or fewer
,"CROWLEY, CO",43.18%,-,44
,"MONROE, AR",37.50%,17.26%,168
,"DALE, AL",40.98%,11.71%,427
,"CLARK, AR",37.45%,16.73%,801
,"SUSSEX, DE",37.43%,18.91%,7548
,"PHILLIPS, AR",38.95%,20.35%,172
,"COLBERT, AL",-,-,27
,"GREENE, AR",35.85%,17.64%,1060
,"SHARP, AR",37.04%,17.78%,135
,"SCOTT, AR",37.90%,8.87%,124
,"BIBB, AL",-,-,13
,"CRITTENDEN, AR",34.98%,14.53%,1638
,"BULLOCK, AL",-,-,10 or fewer
,"BENT, CO",50.00%,28.95%,38
,"JOHNSON, AR",40.72%,14.07%,334
,"CRAIGHEAD, AR",36.83%,16.33%,4741
,"CULLMAN, AL",28.95%,-,38
,"YUKON KOYUKUK, AK",-,-,10 or fewer
,"DALLAS, AL",-,-,15
,"HOUSTON, AL",40.79%,11.22%,1711
,"PROWERS, CO",32.95%,12.50%,88
,"DALLAS, AR",37.50%,18.75%,112
,"HENRY, AL",34.66%,7.39%,176
,"CLAY, AR",40.00%,22.67%,150
,"LOGAN, AR",38.74%,11.26%,222
,"SEDGWICK, CO",-,-,14
,"LAMAR, AL",38.50%,14.55%,213
,"PUEBLO, CO",34.87%,15.42%,3814
,"HOT SPRING, AR",38.67%,16.16%,662
,"TALLAPOOSA, AL",-,-,14
,"PRINCE OF WALES HYDER, AK",-,-,10 or fewer
,"MARION, AL",34.14%,13.08%,413
,"OTERO, CO",36.95%,24.14%,203
,"MILLER, AR",35.46%,14.54%,454
,"RUSSELL, AL",30.99%,-,71
,"FRANKLIN, AL",23.08%,-,65
,"LEE, AR",33.85%,-,65
,"TUSCALOOSA, AL",36.80%,17.60%,818
,"CRAWFORD, AR",37.98%,13.80%,1601
,"SALINE, AR",36.13%,17.36%,2765
,"ALEUTIANS WEST, AK",-,-,10 or fewer
,"LAFAYETTE, AR",43.24%,-,37
,"YUMA, AZ",31.92%,6.10%,213
,"VAN BUREN, AR",28.49%,8.38%,179
,"COVINGTON, AL",44.19%,-,43
,"LITTLE RIVER, AR",39.53%,22.09%,86
,"BALDWIN, AL",31.67%,14.11%,4067
,"SEBASTIAN, AR",37.66%,15.10%,3165
,"ARKANSAS, AR",39.09%,17.67%,747
,"ESCAMBIA, AL",41.24%,19.93%,291
,"LAUDERDALE, AL",31.71%,-,41
,"LONOKE, AR",38.21%,18.47%,1955
,"CLEBURNE, AR",31.38%,10.46%,717
,"LOGAN, CO",19.53%,13.28%,128
,"PRAIRIE, AR",33.50%,17.26%,197
,"YAKUTAT, AK",-,-,10 or fewer
,"COFFEE, AL",34.14%,12.07%,580
,"UNION, AR",37.86%,20.71%,309
,"FRANKLIN, AR",32.69%,16.35%,208
,"LA PAZ, AZ",-,-,24
,"GENEVA, AL",33.10%,10.32%,281
,"LAWRENCE, AL",-,-,10 or fewer
,"ASHLEY, AR",40.11%,14.44%,187
,"JEFFERSON, AR",39.37%,18.28%,1242
,"LINCOLN, AR",45.19%,18.27%,104
,"KIOWA, CO",-,-,17
,"LASSEN, CA",33.89%,10.88%,239
,"FULTON, AR",-,-,44
,"FRESNO, CA",35.19%,15.34%,29780
,"WINDHAM, CT",28.29%,15.26%,3899
,"INDEPENDENCE, AR",36.21%,16.79%,417
,"CONWAY, AR",35.71%,15.24%,210
,"CHILTON, AL",-,-,10 or fewer
,"DREW, AR",42.11%,15.79%,342
,"NOME, AK",-,-,10 or fewer
,"GRAHAM, AZ",30.56%,19.44%,72
,"WOODRUFF, AR",31.82%,25.00%,44
,"NEW HAVEN, CT",25.37%,12.72%,14402
,"SISKIYOU, CA",33.77%,14.43%,305
,"NEW LONDON, CT",26.35%,13.95%,8615
,"CALHOUN, AR",39.22%,21.57%,51
,"NAVAJO, AZ",25.00%,-,112
,"HEMPSTEAD, AR",44.81%,24.03%,154
,"CRENSHAW, AL",-,-,12
,"MIDDLESEX, CT",23.26%,11.61%,6182
,"IMPERIAL, CA",29.31%,5.20%,1559
,"LITCHFIELD, CT",24.17%,8.94%,4331
,"FAULKNER, AR",33.50%,13.58%,2534
,"MOFFAT, CO",32.04%,10.26%,643
,"WHITE, AR",33.22%,13.15%,882
,"GRANT, AR",33.92%,16.81%,339
,"ELMORE, AL",-,-,48
,"LAS ANIMAS, CO",32.14%,21.43%,112
,"NORTHWEST ARCTIC, AK",-,-,10 or fewer
,"YELL, AR",37.12%,18.94%,132
,"GILA, AZ",25.30%,-,83
,"CHICOT, AR",41.67%,19.05%,84
,"LEE, AL",26.29%,9.79%,194
,"MONTGOMERY, AL",16.67%,-,126
,"MORGAN, CO",28.81%,11.02%,236
,"MORGAN, AL",-,-,42
,"PULASKI, AR",35.62%,17.72%,13115
,"WASHINGTON, CO",-,-,30
,"GREENLEE, AZ",-,-,17
,"COLUMBIA, AR",38.01%,14.93%,221
,"PIKE, AR",40.91%,-,88
,"POPE, AR",34.48%,14.29%,525
,"MADERA, CA",34.18%,16.15%,3084
,"BRADLEY, AR",43.07%,13.87%,137
,"DESHA, AR",37.37%,19.19%,99
,"SEARCY, AR",46.15%,-,26
,"BETHEL, AK",-,-,10 or fewer
,"MARICOPA, AZ",23.29%,7.93%,55568
,"IZARD, AR",22.22%,-,72
,"HARTFORD, CT",25.78%,13.20%,31879
,"PHILLIPS, CO",-,-,41
,"SOUTHEAST FAIRBANKS, AK",-,-,10 or fewer
,"TOLLAND, CT",22.87%,11.56%,4324
,"SAN BENITO, CA",28.43%,13.88%,598
,"HAINES, AK",-,-,10 or fewer
,"SKAGWAY, AK",-,-,10 or fewer
,"SHASTA, CA",24.76%,6.21%,1062
,"KINGS, CA",36.35%,19.88%,996
,"HUERFANO, CO",30.23%,-,43
,"HOWARD, AR",41.46%,18.29%,82
,"KERN, CA",36.36%,20.40%,16256
,"COCHISE, AZ",32.63%,11.67%,377
,"FREMONT, CO",25.48%,12.26%,310
,"SAN JOAQUIN, CA",30.05%,16.03%,8037
,"MODOC, CA",31.82%,-,44
,"APACHE, AZ",39.39%,-,33
,"MESA, CO",25.31%,10.65%,3766
,"YUBA, CA",35.37%,12.44%,410
,"MONTEREY, CA",32.12%,25.83%,13495
,"DELTA, CO",31.32%,8.79%,182
,"WELD, CO",27.73%,10.68%,12443
,"MOHAVE, AZ",16.30%,-,135
,"LIMESTONE, AL",15.49%,-,71
,"DEL NORTE, CA",25.69%,9.57%,397
,"CLEVELAND, AR",34.21%,14.47%,76
,"STONE, AR",29.79%,-,47
,"TEHAMA, CA",29.95%,6.60%,197
,"LINCOLN, CO",38.24%,-,34
,"FAIRFIELD, CT",21.85%,12.28%,16542
,"KODIAK ISLAND, AK",29.57%,10.00%,230
,"DENALI, AK",-,-,10 or fewer
,"PIMA, AZ",30.69%,21.03%,19997
,"MADISON, AL",14.46%,-,249
,"POLK, AR",28.57%,-,84
,"ELBERT, CO",23.30%,9.50%,558
,"JEFFERSON, AL",23.46%,3.70%,405
,"JACKSON, CO",-,-,21
,"TULARE, CA",37.61%,23.33%,3236
,"BACA, CO",-,-,25
,"CHEYENNE, CO",-,-,15
,"YUMA, CO",29.85%,-,67
,"RIVERSIDE, CA",28.05%,12.51%,41826
,"VALDEZ CORDOVA, AK",-,-,10 or fewer
,"TRINITY, CA",-,-,36
,"SANTA CRUZ, AZ",20.18%,15.60%,218
,"HUMBOLDT, CA",25.62%,9.02%,4634
,"SANTA BARBARA, CA",27.70%,14.77%,2722
,"LAKE, CA",27.56%,10.07%,606
,"NAPA, CA",27.43%,17.86%,2038
,"RIO BLANCO, CO",-,-,40
,"SHELBY, AL",18.75%,-,160
,"DILLINGHAM, AK",-,-,10 or fewer
,"ADAMS, CO",28.36%,10.58%,13519
,"FAIRBANKS NORTH STAR, AK",22.75%,-,189
,"RIO GRANDE, CO",26.15%,-,65
,"PLUMAS, CA",14.02%,-,107
,"KIT CARSON, CO",29.31%,-,58
,"GARLAND, AR",34.77%,14.80%,581
,"CALAVERAS, CA",18.37%,11.22%,98
,"SAN BERNARDINO, CA",26.16%,15.43%,21334
,"CONEJOS, CO",-,-,28
,"COSTILLA, CO",-,-,11
,"SIERRA, CA",-,-,21
,"ALAMOSA, CO",31.43%,-,70
,"SOLANO, CA",27.31%,13.32%,4969
,"MONTROSE, CO",26.67%,11.67%,180
,"TELLER, CO",18.82%,6.45%,558
,"SAN DIEGO, CA",20.64%,8.76%,95759
,"KENAI PENINSULA, AK",-,-,41
,"EL PASO, CO",23.02%,8.25%,25301
,"KETCHIKAN GATEWAY, AK",-,-,10 or fewer
,"PARK, CO",16.00%,-,100
,"LOS ANGELES, CA",27.51%,15.86%,40111
,"MONTGOMERY, AR",-,-,28
,"INYO, CA",-,-,28
,"MENDOCINO, CA",29.89%,13.90%,1827
,"BAXTER, AR",25.86%,9.48%,116
,"ARAPAHOE, CO",24.21%,9.15%,18948
,"MARIPOSA, CA",17.33%,-,75
,"DOLORES, CO",-,-,11
,"SONOMA, CA",25.51%,11.78%,9977
,"PINAL, AZ",22.08%,8.15%,3116
,"NORTH SLOPE, AK",-,-,10 or fewer
,"SANTA CRUZ, CA",25.09%,15.13%,3998
,"SEVIER, AR",26.32%,-,76
,"MATANUSKA SUSITNA, AK",12.79%,-,86
,"LARIMER, CO",17.87%,6.31%,14954
,"CUSTER, CO",-,-,17
,"NEWTON, AR",-,-,15
,"JUNEAU, AK",-,-,42
,"PETERSBURG, AK",-,-,10 or fewer
,"CONTRA COSTA, CA",24.68%,11.20%,22779
,"SUTTER, CA",21.65%,8.23%,328
,"JEFFERSON, CO",21.45%,7.59%,9915
,"ALAMEDA, CA",23.46%,11.43%,28588
,"MERCED, CA",30.90%,16.54%,1880
,"DOUGLAS, CO",15.29%,5.99%,10243
,"MARION, AR",-,-,28
,"HOONAH ANGOON, AK",-,-,10 or fewer
,"DENVER, CO",24.26%,8.09%,25821
,"GLENN, CA",20.65%,-,155
,"AMADOR, CA",-,-,84
,"SACRAMENTO, CA",20.11%,11.10%,15680
,"NEW CASTLE, DE",28.49%,15.11%,10204
,"BROOMFIELD, CO",16.44%,6.60%,2092
,"KUSILVAK, AK",-,-,10 or fewer
,"SAGUACHE, CO",-,-,11
,"ORANGE, CA",19.59%,11.39%,35254
,"MONTEZUMA, CO",-,-,47
,"BOONE, AR",26.47%,16.67%,102
,"YAVAPAI, AZ",11.95%,2.85%,527
,"LAKE, CO",23.53%,-,51
,"COLUSA, CA",22.08%,-,77
,"MARIN, CA",20.56%,13.03%,5428
,"SANTA CLARA, CA",19.07%,8.78%,27194
,"TUOLUMNE, CA",15.08%,-,126
,"GILPIN, CO",-,-,57
,"YOLO, CA",17.64%,5.21%,3549
,"SITKA, AK",-,-,10 or fewer
,"GARFIELD, CO",18.30%,8.20%,317
,"CLEAR CREEK, CO",-,-,37
,"MONO, CA",-,-,37
,"BUTTE, CA",15.59%,1.38%,1373
,"MINERAL, CO",-,-,10 or fewer
,"CHAFFEE, CO",14.56%,-,103
,"SAN MATEO, CA",19.02%,9.77%,13037
,"EL DORADO, CA",12.16%,4.56%,1447
,"ARCHULETA, CO",-,-,25
,"SAN LUIS OBISPO, CA",17.12%,6.62%,438
,"BOULDER, CO",14.10%,5.13%,11921
,"ANCHORAGE, AK",8.55%,-,491
,"GRAND, CO",10.23%,-,176
,"SAN JUAN, CO",-,-,10 or fewer
,"STANISLAUS, CA",19.92%,11.76%,1888
,"CARROLL, AR",28.57%,-,63
,"WRANGELL, AK",-,-,10 or fewer
,"SUMMIT, CO",18.83%,7.62%,223
,"PLACER, CA",10.87%,4.19%,2098
,"SAN FRANCISCO, CA",16.15%,9.48%,15416
,"HINSDALE, CO",-,-,10 or fewer
,"LAKE AND PENINSULA, AK",-,-,10 or fewer
,"ROUTT, CO",8.70%,3.08%,942
,"WASHINGTON, AR",23.28%,10.18%,2152
,"OURAY, CO",-,-,10 or fewer
,"LA PLATA, CO",14.65%,-,157
,"GUNNISON, CO",8.64%,-,382
,"VENTURA, CA",12.57%,4.74%,2005
,"EAGLE, CO",11.44%,4.58%,306
,"MADISON, AR",23.16%,-,95
,"COCONINO, AZ",9.77%,1.17%,1024
,"NEVADA, CA",6.82%,-,264
,"BENTON, AR",21.42%,7.01%,1256
,"PITKIN, CO",10.53%,-,285
,"SAN MIGUEL, CO",-,-,46
,None of the above,20.07%,10.92%,141797
,Total,24.62%,11.82%,1059612
≥ 25 and < 35 Years,"PERRY, AL",-,-,10 or fewer
,"WALKER, AL",63.64%,34.09%,44
,"CLEBURNE, AL",56.52%,36.52%,115
,"CHOCTAW, AL",69.39%,32.08%,477
,"MARENGO, AL",53.54%,18.18%,99
,"TALLADEGA, AL",49.23%,26.15%,130
,"COOSA, AL",-,-,10 or fewer
,"CALHOUN, AL",56.18%,31.03%,477
,"WILCOX, AL",48.39%,-,31
,"CLARKE, AL",53.09%,30.86%,243
,"BLOUNT, AL",55.17%,19.54%,87
,"BUTLER, AL",50.00%,-,30
,"CHAMBERS, AL",51.47%,27.09%,443
,"WASHINGTON, AL",55.77%,28.46%,260
,"MACON, AL",59.57%,30.85%,94
,"CHEROKEE, AL",53.66%,32.93%,164
,"MISSISSIPPI, AR",58.57%,35.61%,1115
,"CLAY, AL",46.67%,-,30
,"LOWNDES, AL",-,-,10 or fewer
,"GREENE, AL",52.63%,28.95%,38
,"MOBILE, AL",51.15%,30.73%,9664
,"SUMTER, AL",59.82%,33.53%,331
,"RANDOLPH, AL",54.11%,25.12%,207
,"CONECUH, AL",63.21%,28.30%,106
,"SAINT FRANCIS, AR",59.28%,42.65%,415
,"PICKENS, AL",54.77%,20.98%,367
,"ETOWAH, AL",53.08%,31.59%,763
,"MONROE, AL",58.82%,24.43%,221
,"HALE, AL",54.65%,41.86%,86
,"ALPINE, CA",56.67%,40.00%,30
,"NEVADA, AR",55.13%,30.42%,263
,"BARBOUR, AL",53.51%,18.38%,185
,"ALEUTIANS EAST, AK",-,-,10 or fewer
,"KENT, DE",56.40%,30.68%,10269
,"LAWRENCE, AR",54.50%,28.28%,389
,"POINSETT, AR",59.10%,36.34%,1318
,"RANDOLPH, AR",57.04%,31.41%,277
,"JACKSON, AL",50.26%,17.44%,195
,"OUACHITA, AR",62.44%,35.91%,788
,"SAINT CLAIR, AL",48.57%,18.57%,70
,"PIKE, AL",38.78%,11.22%,98
,"FAYETTE, AL",64.71%,-,34
,"WINSTON, AL",-,-,18
,"PERRY, AR",54.51%,33.33%,288
,"AUTAUGA, AL",48.39%,-,31
,"CROSS, AR",62.11%,51.73%,665
,"JACKSON, AR",52.02%,28.23%,248
,"MARSHALL, AL",40.74%,29.63%,135
,"BRISTOL BAY, AK",-,-,10 or fewer
,"CROWLEY, CO",53.66%,29.27%,82
,"MONROE, AR",55.06%,25.91%,247
,"DALE, AL",54.71%,20.00%,850
,"CLARK, AR",54.77%,29.39%,1174
,"SUSSEX, DE",54.38%,29.65%,10488
,"PHILLIPS, AR",53.48%,33.48%,230
,"COLBERT, AL",56.14%,22.81%,57
,"GREENE, AR",50.86%,28.41%,1795
,"SHARP, AR",47.80%,20.49%,205
,"SCOTT, AR",53.89%,19.16%,167
,"BIBB, AL",-,-,13
,"CRITTENDEN, AR",54.51%,25.48%,2449
,"BULLOCK, AL",-,-,13
,"BENT, CO",58.90%,35.62%,73
,"JOHNSON, AR",53.95%,22.60%,354
,"CRAIGHEAD, AR",54.01%,28.34%,7452
,"CULLMAN, AL",50.00%,-,42
,"YUKON KOYUKUK, AK",-,-,10 or fewer
,"DALLAS, AL",-,-,11
,"HOUSTON, AL",52.77%,19.54%,3362
,"PROWERS, CO",56.10%,29.27%,123
,"DALLAS, AR",59.06%,34.65%,127
,"HENRY, AL",50.84%,15.64%,358
,"CLAY, AR",54.01%,33.33%,237
,"LOGAN, AR",50.52%,27.49%,291
,"SEDGWICK, CO",-,-,25
,"LAMAR, AL",55.35%,26.61%,327
,"PUEBLO, CO",51.16%,28.14%,6696
,"HOT SPRING, AR",54.56%,28.27%,1008
,"TALLAPOOSA, AL",-,-,19
,"PRINCE OF WALES HYDER, AK",-,-,10 or fewer
,"MARION, AL",56.21%,25.00%,580
,"OTERO, CO",55.23%,35.47%,344
,"MILLER, AR",57.11%,29.62%,422
,"RUSSELL, AL",43.12%,21.10%,109
,"FRANKLIN, AL",41.90%,21.90%,105
,"LEE, AR",56.12%,35.71%,98
,"TUSCALOOSA, AL",51.86%,27.68%,1344
,"CRAWFORD, AR",51.96%,24.93%,2138
,"SALINE, AR",53.60%,27.89%,4675
,"ALEUTIANS WEST, AK",-,-,10 or fewer
,"LAFAYETTE, AR",50.00%,26.09%,46
,"YUMA, AZ",44.41%,8.88%,304
,"VAN BUREN, AR",47.83%,20.87%,230
,"COVINGTON, AL",48.78%,21.95%,82
,"LITTLE RIVER, AR",49.52%,34.29%,105
,"BALDWIN, AL",48.64%,25.77%,6817
,"SEBASTIAN, AR",52.75%,25.29%,4203
,"ARKANSAS, AR",54.08%,32.07%,1004
,"ESCAMBIA, AL",56.58%,32.01%,403
,"LAUDERDALE, AL",42.55%,-,47
,"LONOKE, AR",54.39%,27.52%,3052
,"CLEBURNE, AR",46.43%,21.07%,840
,"LOGAN, CO",38.78%,27.76%,263
,"PRAIRIE, AR",53.44%,30.00%,320
,"YAKUTAT, AK",-,-,10 or fewer
,"COFFEE, AL",54.77%,20.76%,944
,"UNION, AR",51.29%,27.06%,425
,"FRANKLIN, AR",48.01%,22.38%,277
,"LA PAZ, AZ",43.75%,-,32
,"GENEVA, AL",49.22%,17.65%,510
,"LAWRENCE, AL",-,-,12
,"ASHLEY, AR",47.79%,24.63%,272
,"JEFFERSON, AR",59.31%,31.41%,1735
,"LINCOLN, AR",50.57%,26.70%,176
,"KIOWA, CO",57.14%,-,21
,"LASSEN, CA",46.25%,19.50%,400
,"FULTON, AR",53.33%,-,45
,"FRESNO, CA",52.42%,24.96%,49050
,"WINDHAM, CT",44.72%,23.51%,6011
,"INDEPENDENCE, AR",49.81%,26.67%,540
,"CONWAY, AR",52.08%,27.48%,313
,"CHILTON, AL",-,-,11
,"DREW, AR",53.11%,20.54%,482
,"NOME, AK",-,-,10 or fewer
,"GRAHAM, AZ",38.18%,26.36%,110
,"WOODRUFF, AR",63.33%,28.33%,60
,"NEW HAVEN, CT",40.92%,22.06%,21773
,"SISKIYOU, CA",45.69%,31.68%,464
,"NEW LONDON, CT",43.13%,25.36%,12833
,"CALHOUN, AR",50.72%,34.78%,69
,"NAVAJO, AZ",39.20%,13.64%,176
,"HEMPSTEAD, AR",55.66%,29.25%,212
,"CRENSHAW, AL",52.00%,-,25
,"MIDDLESEX, CT",42.27%,20.82%,9367
,"IMPERIAL, CA",42.92%,10.28%,2635
,"LITCHFIELD, CT",42.39%,18.29%,6330
,"FAULKNER, AR",52.63%,23.27%,3705
,"MOFFAT, CO",48.56%,20.58%,972
,"WHITE, AR",52.69%,25.06%,1245
,"GRANT, AR",56.26%,27.17%,519
,"ELMORE, AL",48.65%,32.43%,37
,"LAS ANIMAS, CO",57.47%,36.21%,174
,"NORTHWEST ARCTIC, AK",-,-,10 or fewer
,"YELL, AR",49.67%,25.49%,153
,"GILA, AZ",35.77%,16.06%,137
,"CHICOT, AR",47.42%,28.87%,97
,"LEE, AL",37.05%,15.74%,305
,"MONTGOMERY, AL",35.45%,10.00%,110
,"MORGAN, CO",42.86%,22.14%,420
,"MORGAN, AL",36.36%,-,44
,"PULASKI, AR",50.92%,25.40%,20989
,"WASHINGTON, CO",53.33%,26.67%,45
,"GREENLEE, AZ",34.88%,30.23%,43
,"COLUMBIA, AR",52.75%,27.51%,309
,"PIKE, AR",52.00%,27.00%,100
,"POPE, AR",49.45%,29.95%,631
,"MADERA, CA",53.19%,27.05%,5005
,"BRADLEY, AR",56.62%,33.82%,136
,"DESHA, AR",46.22%,25.21%,119
,"SEARCY, AR",41.94%,-,31
,"BETHEL, AK",-,-,10 or fewer
,"MARICOPA, AZ",37.43%,15.68%,99230
,"IZARD, AR",52.24%,22.39%,67
,"HARTFORD, CT",42.38%,21.62%,47778
,"PHILLIPS, CO",30.00%,-,40
,"SOUTHEAST FAIRBANKS, AK",-,-,10 or fewer
,"TOLLAND, CT",41.28%,19.53%,6027
,"SAN BENITO, CA",42.23%,24.53%,746
,"HAINES, AK",-,-,10 or fewer
,"SKAGWAY, AK",-,-,10 or fewer
,"SHASTA, CA",36.60%,10.86%,1243
,"KINGS, CA",52.97%,31.51%,1701
,"HUERFANO, CO",42.86%,21.43%,98
,"HOWARD, AR",49.40%,30.12%,83
,"KERN, CA",48.89%,29.09%,22826
,"COCHISE, AZ",43.90%,18.98%,590
,"FREMONT, CO",40.73%,19.35%,491
,"SAN JOAQUIN, CA",42.78%,22.54%,11660
,"MODOC, CA",28.99%,-,69
,"APACHE, AZ",40.22%,19.57%,92
,"MESA, CO",42.37%,19.42%,5990
,"YUBA, CA",41.53%,17.08%,773
,"MONTEREY, CA",48.13%,37.23%,17000
,"DELTA, CO",41.18%,19.49%,272
,"WELD, CO",45.13%,20.99%,21547
,"MOHAVE, AZ",33.50%,12.18%,197
,"LIMESTONE, AL",31.48%,-,54
,"DEL NORTE, CA",41.38%,23.19%,621
,"CLEVELAND, AR",52.85%,27.64%,123
,"STONE, AR",45.21%,19.18%,73
,"TEHAMA, CA",34.36%,6.17%,227
,"LINCOLN, CO",46.03%,17.46%,63
,"FAIRFIELD, CT",36.96%,23.05%,23655
,"KODIAK ISLAND, AK",49.79%,17.90%,486
,"DENALI, AK",-,-,10 or fewer
,"PIMA, AZ",45.13%,29.34%,30615
,"MADISON, AL",31.82%,13.18%,220
,"POLK, AR",44.00%,19.00%,100
,"ELBERT, CO",36.62%,15.24%,912
,"JEFFERSON, AL",31.41%,12.04%,382
,"JACKSON, CO",42.42%,-,33
,"TULARE, CA",50.70%,34.92%,5178
,"BACA, CO",47.37%,-,38
,"CHEYENNE, CO",-,-,17
,"YUMA, CO",47.76%,20.90%,67
,"RIVERSIDE, CA",40.93%,20.06%,68429
,"VALDEZ CORDOVA, AK",-,-,10 or fewer
,"TRINITY, CA",39.13%,-,69
,"SANTA CRUZ, AZ",42.69%,28.07%,424
,"HUMBOLDT, CA",40.03%,15.70%,7275
,"SANTA BARBARA, CA",41.76%,20.61%,3333
,"LAKE, CA",39.76%,15.12%,913
,"NAPA, CA",37.89%,25.82%,2750
,"RIO BLANCO, CO",34.85%,-,66
,"SHELBY, AL",35.65%,16.52%,115
,"DILLINGHAM, AK",-,-,10 or fewer
,"ADAMS, CO",40.42%,16.77%,23555
,"FAIRBANKS NORTH STAR, AK",29.70%,-,165
,"RIO GRANDE, CO",39.34%,21.31%,61
,"PLUMAS, CA",33.33%,14.89%,141
,"KIT CARSON, CO",30.00%,-,50
,"GARLAND, AR",42.50%,21.32%,680
,"CALAVERAS, CA",20.69%,11.03%,145
,"SAN BERNARDINO, CA",38.16%,24.27%,38367
,"CONEJOS, CO",34.38%,-,32
,"COSTILLA, CO",-,-,19
,"SIERRA, CA",-,-,18
,"ALAMOSA, CO",40.00%,18.89%,90
,"SOLANO, CA",39.14%,20.11%,8691
,"MONTROSE, CO",39.57%,16.96%,230
,"TELLER, CO",30.49%,12.89%,892
,"SAN DIEGO, CA",31.96%,15.49%,183749
,"KENAI PENINSULA, AK",-,-,36
,"EL PASO, CO",36.58%,15.23%,43111
,"KETCHIKAN GATEWAY, AK",-,-,10 or fewer
,"PARK, CO",27.59%,12.32%,203
,"LOS ANGELES, CA",33.17%,18.83%,71107
,"MONTGOMERY, AR",50.00%,-,42
,"INYO, CA",35.85%,20.75%,53
,"MENDOCINO, CA",45.14%,20.84%,2869
,"BAXTER, AR",39.18%,15.46%,97
,"ARAPAHOE, CO",37.40%,15.55%,32697
,"MARIPOSA, CA",34.43%,17.21%,122
,"DOLORES, CO",-,-,10 or fewer
,"SONOMA, CA",36.64%,17.68%,12770
,"PINAL, AZ",36.04%,14.45%,5100
,"NORTH SLOPE, AK",-,-,10 or fewer
,"SANTA CRUZ, CA",31.32%,20.90%,5469
,"SEVIER, AR",34.82%,24.11%,112
,"MATANUSKA SUSITNA, AK",19.75%,-,81
,"LARIMER, CO",32.02%,13.08%,23175
,"CUSTER, CO",42.11%,26.32%,57
,"NEWTON, AR",-,-,15
,"JUNEAU, AK",-,-,28
,"PETERSBURG, AK",-,-,10 or fewer
,"CONTRA COSTA, CA",36.56%,17.92%,29585
,"SUTTER, CA",29.82%,12.52%,607
,"JEFFERSON, CO",28.27%,10.98%,22215
,"ALAMEDA, CA",32.46%,15.38%,46702
,"MERCED, CA",42.37%,27.29%,2202
,"DOUGLAS, CO",30.72%,13.42%,15629
,"MARION, AR",40.74%,-,27
,"HOONAH ANGOON, AK",-,-,10 or fewer
,"DENVER, CO",26.57%,10.07%,66758
,"GLENN, CA",28.75%,-,160
,"AMADOR, CA",24.63%,8.96%,134
,"SACRAMENTO, CA",26.69%,13.74%,31167
,"NEW CASTLE, DE",44.89%,21.00%,9071
,"BROOMFIELD, CO",27.88%,11.79%,3841
,"KUSILVAK, AK",-,-,10 or fewer
,"SAGUACHE, CO",-,-,14
,"ORANGE, CA",29.77%,16.86%,65505
,"MONTEZUMA, CO",41.94%,22.58%,62
,"BOONE, AR",42.72%,20.39%,103
,"YAVAPAI, AZ",18.66%,6.80%,970
,"LAKE, CO",26.19%,13.10%,84
,"COLUSA, CA",26.98%,-,126
,"MARIN, CA",32.42%,16.44%,6187
,"SANTA CLARA, CA",25.83%,12.18%,46341
,"TUOLUMNE, CA",14.29%,11.64%,189
,"GILPIN, CO",25.47%,13.21%,106
,"YOLO, CA",25.13%,8.73%,5428
,"SITKA, AK",-,-,10 or fewer
,"GARFIELD, CO",29.67%,13.41%,455
,"CLEAR CREEK, CO",24.04%,10.58%,104
,"MONO, CA",-,-,54
,"BUTTE, CA",25.47%,2.58%,1433
,"MINERAL, CO",-,-,10 or fewer
,"CHAFFEE, CO",22.02%,-,109
,"SAN MATEO, CA",28.57%,12.93%,19867
,"EL DORADO, CA",18.89%,7.72%,1800
,"ARCHULETA, CO",-,-,25
,"SAN LUIS OBISPO, CA",20.05%,9.78%,409
,"BOULDER, CO",23.37%,10.45%,17296
,"ANCHORAGE, AK",16.99%,4.03%,471
,"GRAND, CO",20.92%,8.02%,349
,"SAN JUAN, CO",-,-,10 or fewer
,"STANISLAUS, CA",19.17%,14.42%,2254
,"CARROLL, AR",37.78%,-,45
,"WRANGELL, AK",-,-,10 or fewer
,"SUMMIT, CO",22.61%,8.29%,398
,"PLACER, CA",18.81%,8.12%,3499
,"SAN FRANCISCO, CA",17.84%,7.84%,33537
,"HINSDALE, CO",-,-,13
,"LAKE AND PENINSULA, AK",-,-,10 or fewer
,"ROUTT, CO",17.45%,7.15%,1817
,"WASHINGTON, AR",34.76%,12.95%,1398
,"OURAY, CO",-,-,20
,"LA PLATA, CO",16.50%,12.62%,103
,"GUNNISON, CO",15.90%,5.41%,629
,"VENTURA, CA",15.13%,7.52%,3153
,"EAGLE, CO",15.88%,5.69%,422
,"MADISON, AR",40.63%,-,64
,"COCONINO, AZ",11.00%,3.02%,1227
,"NEVADA, CA",11.26%,4.29%,373
,"BENTON, AR",34.46%,10.13%,859
,"PITKIN, CO",12.81%,-,484
,"SAN MIGUEL, CO",-,-,59
,None of the above,32.69%,19.30%,219952
,Total,36.34%,18.49%,1752556
≥ 35 and < 45 Years,"PERRY, AL",-,-,12
,"WALKER, AL",59.26%,46.30%,54
,"CLEBURNE, AL",65.45%,31.52%,165
,"CHOCTAW, AL",67.12%,39.18%,587
,"MARENGO, AL",65.05%,34.95%,103
,"TALLADEGA, AL",61.02%,28.81%,177
,"COOSA, AL",-,-,16
,"CALHOUN, AL",55.69%,29.43%,598
,"WILCOX, AL",56.41%,41.03%,39
,"CLARKE, AL",64.23%,37.23%,274
,"BLOUNT, AL",54.61%,24.34%,152
,"BUTLER, AL",68.00%,-,25
,"CHAMBERS, AL",58.72%,30.05%,436
,"WASHINGTON, AL",51.95%,30.03%,333
,"MACON, AL",59.00%,25.00%,100
,"CHEROKEE, AL",60.43%,40.85%,235
,"MISSISSIPPI, AR",63.59%,38.32%,1203
,"CLAY, AL",58.82%,-,51
,"LOWNDES, AL",-,-,10 or fewer
,"GREENE, AL",61.84%,30.26%,76
,"MOBILE, AL",57.02%,37.61%,12414
,"SUMTER, AL",63.10%,36.61%,336
,"RANDOLPH, AL",55.71%,28.21%,280
,"CONECUH, AL",53.02%,24.83%,149
,"SAINT FRANCIS, AR",60.05%,41.71%,398
,"PICKENS, AL",57.79%,29.00%,462
,"ETOWAH, AL",58.16%,34.42%,889
,"MONROE, AL",58.89%,28.52%,270
,"HALE, AL",64.71%,48.24%,85
,"ALPINE, CA",53.66%,36.59%,41
,"NEVADA, AR",64.15%,42.45%,318
,"BARBOUR, AL",57.49%,21.60%,287
,"ALEUTIANS EAST, AK",-,-,10 or fewer
,"KENT, DE",62.03%,35.40%,11399
,"LAWRENCE, AR",55.87%,28.64%,426
,"POINSETT, AR",59.80%,36.02%,1316
,"RANDOLPH, AR",59.87%,31.03%,319
,"JACKSON, AL",57.88%,19.78%,273
,"OUACHITA, AR",64.18%,39.05%,991
,"SAINT CLAIR, AL",53.33%,28.00%,75
,"PIKE, AL",41.24%,19.59%,97
,"FAYETTE, AL",61.70%,36.17%,47
,"WINSTON, AL",56.00%,-,25
,"PERRY, AR",58.27%,41.73%,381
,"AUTAUGA, AL",58.33%,-,36
,"CROSS, AR",61.84%,54.61%,705
,"JACKSON, AR",56.47%,33.75%,317
,"MARSHALL, AL",41.78%,30.05%,213
,"BRISTOL BAY, AK",-,-,10 or fewer
,"CROWLEY, CO",46.90%,26.55%,113
,"MONROE, AR",58.53%,33.44%,299
,"DALE, AL",55.54%,22.60%,1093
,"CLARK, AR",60.45%,35.17%,1234
,"SUSSEX, DE",58.52%,33.31%,11311
,"PHILLIPS, AR",61.09%,35.37%,311
,"COLBERT, AL",47.06%,25.00%,68
,"GREENE, AR",56.85%,30.62%,1796
,"SHARP, AR",53.49%,25.58%,215
,"SCOTT, AR",62.81%,29.34%,242
,"BIBB, AL",-,-,16
,"CRITTENDEN, AR",60.09%,33.18%,2676
,"BULLOCK, AL",77.78%,-,18
,"BENT, CO",56.41%,33.33%,78
,"JOHNSON, AR",63.88%,25.86%,526
,"CRAIGHEAD, AR",58.50%,33.56%,7292
,"CULLMAN, AL",46.03%,-,63
,"YUKON KOYUKUK, AK",-,-,10 or fewer
,"DALLAS, AL",50.00%,-,24
,"HOUSTON, AL",52.60%,23.28%,4034
,"PROWERS, CO",56.79%,25.31%,162
,"DALLAS, AR",66.48%,44.51%,182
,"HENRY, AL",47.20%,18.32%,464
,"CLAY, AR",56.49%,38.49%,239
,"LOGAN, AR",56.16%,28.82%,406
,"SEDGWICK, CO",60.78%,27.45%,51
,"LAMAR, AL",55.70%,24.93%,377
,"PUEBLO, CO",52.73%,29.65%,7036
,"HOT SPRING, AR",56.75%,33.53%,1193
,"TALLAPOOSA, AL",-,-,16
,"PRINCE OF WALES HYDER, AK",-,-,10 or fewer
,"MARION, AL",57.33%,29.30%,703
,"OTERO, CO",50.25%,32.75%,400
,"MILLER, AR",59.42%,32.71%,584
,"RUSSELL, AL",57.89%,29.32%,133
,"FRANKLIN, AL",51.15%,25.95%,131
,"LEE, AR",57.14%,33.33%,105
,"TUSCALOOSA, AL",60.32%,39.32%,1381
,"CRAWFORD, AR",56.08%,30.34%,2502
,"SALINE, AR",55.23%,32.38%,5796
,"ALEUTIANS WEST, AK",-,-,10 or fewer
,"LAFAYETTE, AR",61.54%,26.92%,52
,"YUMA, AZ",48.79%,23.53%,289
,"VAN BUREN, AR",51.58%,22.46%,285
,"COVINGTON, AL",54.33%,28.35%,127
,"LITTLE RIVER, AR",55.86%,36.94%,111
,"BALDWIN, AL",50.04%,30.16%,8717
,"SEBASTIAN, AR",56.36%,30.95%,4807
,"ARKANSAS, AR",55.38%,36.07%,1170
,"ESCAMBIA, AL",54.07%,32.09%,455
,"LAUDERDALE, AL",40.74%,-,27
,"LONOKE, AR",56.01%,30.57%,3880
,"CLEBURNE, AR",49.48%,24.78%,1247
,"LOGAN, CO",47.06%,27.86%,323
,"PRAIRIE, AR",52.78%,30.56%,360
,"YAKUTAT, AK",-,-,10 or fewer
,"COFFEE, AL",58.92%,25.90%,1475
,"UNION, AR",51.01%,26.59%,643
,"FRANKLIN, AR",57.06%,27.35%,340
,"LA PAZ, AZ",47.06%,-,34
,"GENEVA, AL",49.84%,22.74%,642
,"LAWRENCE, AL",-,-,10 or fewer
,"ASHLEY, AR",51.55%,27.15%,291
,"JEFFERSON, AR",61.34%,36.47%,1878
,"LINCOLN, AR",54.27%,30.15%,199
,"KIOWA, CO",66.67%,-,30
,"LASSEN, CA",50.94%,24.38%,640
,"FULTON, AR",50.00%,28.33%,60
,"FRESNO, CA",54.95%,27.89%,54334
,"WINDHAM, CT",49.98%,29.06%,6621
,"INDEPENDENCE, AR",53.04%,29.07%,626
,"CONWAY, AR",59.49%,34.43%,395
,"CHILTON, AL",-,-,14
,"DREW, AR",53.61%,26.98%,582
,"NOME, AK",-,-,10 or fewer
,"GRAHAM, AZ",47.13%,36.78%,87
,"WOODRUFF, AR",50.68%,28.77%,73
,"NEW HAVEN, CT",47.89%,28.51%,22278
,"SISKIYOU, CA",48.22%,30.21%,533
,"NEW LONDON, CT",49.47%,30.55%,14141
,"CALHOUN, AR",60.49%,38.27%,81
,"NAVAJO, AZ",40.85%,17.84%,213
,"HEMPSTEAD, AR",56.42%,31.19%,218
,"CRENSHAW, AL",52.50%,-,40
,"MIDDLESEX, CT",48.57%,27.21%,10550
,"IMPERIAL, CA",48.16%,20.20%,1985
,"LITCHFIELD, CT",47.59%,24.55%,7506
,"FAULKNER, AR",55.01%,28.07%,4150
,"MOFFAT, CO",49.68%,21.17%,1077
,"WHITE, AR",52.73%,26.40%,1428
,"GRANT, AR",49.07%,29.04%,644
,"ELMORE, AL",56.00%,22.00%,50
,"LAS ANIMAS, CO",49.58%,26.27%,236
,"NORTHWEST ARCTIC, AK",-,-,10 or fewer
,"YELL, AR",49.30%,23.94%,213
,"GILA, AZ",43.93%,20.81%,173
,"CHICOT, AR",51.47%,29.41%,136
,"LEE, AL",46.02%,20.74%,352
,"MONTGOMERY, AL",50.36%,24.09%,137
,"MORGAN, CO",53.50%,25.51%,486
,"MORGAN, AL",60.00%,-,40
,"PULASKI, AR",53.16%,30.80%,21985
,"WASHINGTON, CO",43.33%,21.67%,60
,"GREENLEE, AZ",45.83%,-,24
,"COLUMBIA, AR",61.03%,33.52%,349
,"PIKE, AR",49.54%,32.11%,109
,"POPE, AR",52.43%,32.27%,843
,"MADERA, CA",56.38%,28.69%,5229
,"BRADLEY, AR",50.95%,30.00%,210
,"DESHA, AR",43.43%,28.00%,175
,"SEARCY, AR",54.72%,28.30%,53
,"BETHEL, AK",-,-,10 or fewer
,"MARICOPA, AZ",43.92%,21.64%,99158
,"IZARD, AR",60.53%,27.63%,76
,"HARTFORD, CT",46.59%,27.07%,53827
,"PHILLIPS, CO",54.79%,30.14%,73
,"SOUTHEAST FAIRBANKS, AK",-,-,10 or fewer
,"TOLLAND, CT",45.74%,24.32%,7002
,"SAN BENITO, CA",48.62%,30.40%,944
,"HAINES, AK",-,-,10 or fewer
,"SKAGWAY, AK",-,-,10 or fewer
,"SHASTA, CA",40.69%,18.80%,1165
,"KINGS, CA",54.21%,29.14%,1771
,"HUERFANO, CO",43.75%,26.56%,128
,"HOWARD, AR",50.51%,28.28%,99
,"KERN, CA",51.53%,31.08%,20725
,"COCHISE, AZ",49.56%,24.34%,567
,"FREMONT, CO",46.67%,20.00%,660
,"SAN JOAQUIN, CA",47.66%,26.20%,14590
,"MODOC, CA",38.05%,19.47%,113
,"APACHE, AZ",36.52%,13.91%,115
,"MESA, CO",42.85%,20.91%,6934
,"YUBA, CA",45.58%,19.50%,713
,"MONTEREY, CA",52.43%,42.09%,17476
,"DELTA, CO",40.26%,17.82%,303
,"WELD, CO",46.85%,24.29%,22920
,"MOHAVE, AZ",37.26%,20.75%,212
,"LIMESTONE, AL",45.45%,27.27%,44
,"DEL NORTE, CA",44.79%,25.40%,815
,"CLEVELAND, AR",50.76%,25.00%,132
,"STONE, AR",38.89%,27.78%,72
,"TEHAMA, CA",39.35%,7.74%,155
,"LINCOLN, CO",48.44%,23.44%,64
,"FAIRFIELD, CT",39.45%,26.93%,28721
,"KODIAK ISLAND, AK",51.44%,19.78%,556
,"DENALI, AK",-,-,10 or fewer
,"PIMA, AZ",47.55%,32.75%,31095
,"MADISON, AL",41.70%,17.87%,235
,"POLK, AR",54.00%,30.00%,100
,"ELBERT, CO",39.23%,18.45%,1198
,"JEFFERSON, AL",39.36%,20.37%,437
,"JACKSON, CO",35.71%,-,42
,"TULARE, CA",51.07%,30.77%,4537
,"BACA, CO",35.14%,-,37
,"CHEYENNE, CO",50.00%,-,22
,"YUMA, CO",37.78%,15.56%,90
,"RIVERSIDE, CA",43.06%,24.10%,63344
,"VALDEZ CORDOVA, AK",-,-,10 or fewer
,"TRINITY, CA",38.27%,-,81
,"SANTA CRUZ, AZ",44.84%,27.42%,310
,"HUMBOLDT, CA",43.28%,20.00%,8729
,"SANTA BARBARA, CA",48.96%,27.44%,3305
,"LAKE, CA",45.02%,23.52%,893
,"NAPA, CA",46.29%,36.14%,2867
,"RIO BLANCO, CO",45.56%,15.56%,90
,"SHELBY, AL",40.00%,14.29%,105
,"DILLINGHAM, AK",-,-,10 or fewer
,"ADAMS, CO",44.63%,21.49%,22049
,"FAIRBANKS NORTH STAR, AK",35.63%,-,87
,"RIO GRANDE, CO",44.55%,25.74%,101
,"PLUMAS, CA",38.36%,15.07%,219
,"KIT CARSON, CO",45.95%,27.03%,74
,"GARLAND, AR",46.82%,21.50%,786
,"CALAVERAS, CA",28.81%,16.95%,177
,"SAN BERNARDINO, CA",41.40%,25.30%,35965
,"CONEJOS, CO",47.92%,25.00%,48
,"COSTILLA, CO",38.24%,-,34
,"SIERRA, CA",32.14%,-,56
,"ALAMOSA, CO",39.31%,19.31%,145
,"SOLANO, CA",44.15%,24.86%,8360
,"MONTROSE, CO",38.96%,16.56%,308
,"TELLER, CO",36.64%,15.49%,1272
,"SAN DIEGO, CA",35.36%,20.78%,189893
,"KENAI PENINSULA, AK",-,-,36
,"EL PASO, CO",41.01%,18.73%,42539
,"KETCHIKAN GATEWAY, AK",-,-,11
,"PARK, CO",32.84%,13.31%,338
,"LOS ANGELES, CA",36.88%,21.97%,66542
,"MONTGOMERY, AR",47.73%,-,44
,"INYO, CA",34.07%,25.27%,91
,"MENDOCINO, CA",41.13%,24.88%,3071
,"BAXTER, AR",42.52%,25.98%,127
,"ARAPAHOE, CO",40.28%,19.65%,34326
,"MARIPOSA, CA",35.06%,17.53%,154
,"DOLORES, CO",-,-,11
,"SONOMA, CA",41.08%,20.53%,13984
,"PINAL, AZ",40.19%,18.68%,5374
,"NORTH SLOPE, AK",-,-,10 or fewer
,"SANTA CRUZ, CA",36.33%,22.09%,6432
,"SEVIER, AR",42.86%,26.37%,91
,"MATANUSKA SUSITNA, AK",-,-,53
,"LARIMER, CO",34.83%,17.24%,25847
,"CUSTER, CO",23.68%,-,76
,"NEWTON, AR",-,-,24
,"JUNEAU, AK",-,-,21
,"PETERSBURG, AK",-,-,10 or fewer
,"CONTRA COSTA, CA",40.07%,21.30%,32077
,"SUTTER, CA",30.58%,14.04%,520
,"JEFFERSON, CO",32.03%,14.45%,23088
,"ALAMEDA, CA",36.08%,18.52%,52961
,"MERCED, CA",46.66%,25.91%,2347
,"DOUGLAS, CO",31.44%,16.41%,21359
,"MARION, AR",50.00%,-,36
,"HOONAH ANGOON, AK",-,-,10 or fewer
,"DENVER, CO",32.53%,14.19%,52945
,"GLENN, CA",24.11%,-,112
,"AMADOR, CA",29.95%,12.44%,217
,"SACRAMENTO, CA",32.90%,18.64%,30850
,"NEW CASTLE, DE",50.99%,26.75%,9892
,"BROOMFIELD, CO",32.25%,16.06%,4009
,"KUSILVAK, AK",-,-,10 or fewer
,"SAGUACHE, CO",-,-,21
,"ORANGE, CA",31.34%,19.41%,74840
,"MONTEZUMA, CO",38.82%,27.06%,85
,"BOONE, AR",47.95%,23.29%,73
,"YAVAPAI, AZ",24.17%,9.49%,1022
,"LAKE, CO",28.42%,11.58%,95
,"COLUSA, CA",38.78%,-,98
,"MARIN, CA",36.92%,20.92%,7116
,"SANTA CLARA, CA",30.27%,15.58%,51026
,"TUOLUMNE, CA",20.30%,13.86%,202
,"GILPIN, CO",23.04%,6.86%,204
,"YOLO, CA",30.60%,11.69%,5003
,"SITKA, AK",-,-,11
,"GARFIELD, CO",28.14%,14.07%,526
,"CLEAR CREEK, CO",23.97%,14.05%,121
,"MONO, CA",17.58%,-,91
,"BUTTE, CA",25.92%,5.80%,845
,"MINERAL, CO",-,-,10 or fewer
,"CHAFFEE, CO",22.00%,8.50%,200
,"SAN MATEO, CA",30.62%,16.16%,21904
,"EL DORADO, CA",24.35%,11.47%,2468
,"ARCHULETA, CO",29.79%,-,47
,"SAN LUIS OBISPO, CA",25.14%,13.39%,545
,"BOULDER, CO",24.88%,13.18%,21208
,"ANCHORAGE, AK",21.83%,8.33%,252
,"GRAND, CO",27.24%,9.29%,323
,"SAN JUAN, CO",-,-,10 or fewer
,"STANISLAUS, CA",26.00%,15.29%,2427
,"CARROLL, AR",40.35%,-,57
,"WRANGELL, AK",-,-,10 or fewer
,"SUMMIT, CO",27.78%,12.56%,414
,"PLACER, CA",21.24%,9.94%,4205
,"SAN FRANCISCO, CA",22.18%,12.00%,31590
,"HINSDALE, CO",-,-,15
,"LAKE AND PENINSULA, AK",-,-,10 or fewer
,"ROUTT, CO",21.04%,10.78%,2300
,"WASHINGTON, AR",40.36%,19.12%,1266
,"OURAY, CO",-,-,38
,"LA PLATA, CO",20.00%,8.65%,185
,"GUNNISON, CO",19.46%,7.11%,745
,"VENTURA, CA",15.93%,7.65%,2982
,"EAGLE, CO",17.58%,6.41%,421
,"MADISON, AR",40.00%,-,60
,"COCONINO, AZ",12.72%,5.23%,841
,"NEVADA, CA",12.60%,5.01%,619
,"BENTON, AR",37.13%,13.40%,851
,"PITKIN, CO",11.33%,3.73%,671
,"SAN MIGUEL, CO",-,-,65
,None of the above,35.70%,21.91%,266186
,Total,40.03%,22.45%,1868130
≥ 45 and < 55 Years,"PERRY, AL",-,-,10 or fewer
,"WALKER, AL",69.52%,48.57%,105
,"CLEBURNE, AL",63.48%,33.48%,230
,"CHOCTAW, AL",72.89%,42.02%,771
,"MARENGO, AL",68.45%,32.04%,206
,"TALLADEGA, AL",52.27%,25.38%,264
,"COOSA, AL",-,-,10 or fewer
,"CALHOUN, AL",60.75%,31.23%,823
,"WILCOX, AL",74.07%,33.33%,81
,"CLARKE, AL",64.39%,38.72%,483
,"BLOUNT, AL",55.21%,26.99%,163
,"BUTLER, AL",57.41%,25.93%,54
,"CHAMBERS, AL",63.08%,34.01%,688
,"WASHINGTON, AL",60.86%,37.95%,419
,"MACON, AL",62.24%,32.17%,143
,"CHEROKEE, AL",60.77%,37.77%,413
,"MISSISSIPPI, AR",65.82%,40.57%,1533
,"CLAY, AL",60.00%,31.43%,70
,"LOWNDES, AL",-,-,10 or fewer
,"GREENE, AL",64.13%,30.43%,92
,"MOBILE, AL",60.80%,41.70%,14598
,"SUMTER, AL",70.52%,43.67%,458
,"RANDOLPH, AL",60.93%,30.33%,366
,"CONECUH, AL",58.01%,28.57%,231
,"SAINT FRANCIS, AR",66.03%,41.07%,577
,"PICKENS, AL",63.94%,31.97%,538
,"ETOWAH, AL",58.63%,32.40%,1037
,"MONROE, AL",63.03%,33.41%,449
,"HALE, AL",57.27%,39.09%,110
,"ALPINE, CA",61.76%,58.82%,34
,"NEVADA, AR",60.86%,40.48%,373
,"BARBOUR, AL",56.52%,21.96%,460
,"ALEUTIANS EAST, AK",-,-,10 or fewer
,"KENT, DE",65.75%,39.07%,10526
,"LAWRENCE, AR",62.50%,33.33%,528
,"POINSETT, AR",63.01%,37.96%,1449
,"RANDOLPH, AR",61.43%,32.62%,420
,"JACKSON, AL",60.78%,24.42%,385
,"OUACHITA, AR",63.25%,43.63%,1208
,"SAINT CLAIR, AL",45.38%,30.25%,119
,"PIKE, AL",58.95%,22.11%,190
,"FAYETTE, AL",66.67%,30.43%,69
,"WINSTON, AL",64.86%,29.73%,37
,"PERRY, AR",60.44%,42.35%,503
,"AUTAUGA, AL",53.49%,25.58%,43
,"CROSS, AR",66.93%,53.05%,771
,"JACKSON, AR",58.90%,37.70%,382
,"MARSHALL, AL",52.90%,35.15%,293
,"BRISTOL BAY, AK",-,-,10 or fewer
,"CROWLEY, CO",65.71%,34.29%,105
,"MONROE, AR",64.41%,35.35%,413
,"DALE, AL",54.99%,25.19%,1473
,"CLARK, AR",57.45%,38.62%,1450
,"SUSSEX, DE",60.95%,36.54%,11466
,"PHILLIPS, AR",59.40%,32.57%,436
,"COLBERT, AL",53.33%,25.56%,90
,"GREENE, AR",58.61%,31.13%,2114
,"SHARP, AR",57.95%,30.46%,371
,"SCOTT, AR",62.30%,35.74%,305
,"BIBB, AL",-,-,18
,"CRITTENDEN, AR",63.05%,39.53%,2980
,"BULLOCK, AL",43.75%,-,32
,"BENT, CO",48.28%,31.03%,116
,"JOHNSON, AR",60.88%,22.96%,662
,"CRAIGHEAD, AR",61.25%,34.80%,6991
,"CULLMAN, AL",54.84%,25.81%,93
,"YUKON KOYUKUK, AK",-,-,10 or fewer
,"DALLAS, AL",70.59%,-,17
,"HOUSTON, AL",51.45%,24.95%,5114
,"PROWERS, CO",54.35%,28.70%,230
,"DALLAS, AR",51.32%,34.65%,228
,"HENRY, AL",48.34%,21.25%,753
,"CLAY, AR",56.74%,35.75%,386
,"LOGAN, AR",55.56%,26.59%,549
,"SEDGWICK, CO",53.85%,30.77%,39
,"LAMAR, AL",54.39%,28.22%,535
,"PUEBLO, CO",55.34%,33.07%,7342
,"HOT SPRING, AR",53.92%,32.91%,1504
,"TALLAPOOSA, AL",31.11%,-,45
,"PRINCE OF WALES HYDER, AK",-,-,10 or fewer
,"MARION, AL",54.13%,29.15%,909
,"OTERO, CO",54.64%,32.70%,474
,"MILLER, AR",62.43%,36.30%,708
,"RUSSELL, AL",55.90%,32.31%,195
,"FRANKLIN, AL",52.63%,25.00%,152
,"LEE, AR",58.54%,33.17%,205
,"TUSCALOOSA, AL",62.38%,42.92%,1377
,"CRAWFORD, AR",59.01%,35.38%,2959
,"SALINE, AR",55.73%,33.32%,6644
,"ALEUTIANS WEST, AK",-,-,10 or fewer
,"LAFAYETTE, AR",63.51%,39.19%,74
,"YUMA, AZ",48.91%,27.17%,368
,"VAN BUREN, AR",56.02%,25.16%,457
,"COVINGTON, AL",59.90%,28.65%,192
,"LITTLE RIVER, AR",63.10%,38.10%,168
,"BALDWIN, AL",52.53%,32.83%,11208
,"SEBASTIAN, AR",58.35%,34.39%,5412
,"ARKANSAS, AR",59.90%,38.38%,1399
,"ESCAMBIA, AL",59.75%,30.72%,651
,"LAUDERDALE, AL",51.72%,-,58
,"LONOKE, AR",54.61%,30.80%,4351
,"CLEBURNE, AR",52.78%,27.78%,1656
,"LOGAN, CO",51.91%,31.55%,393
,"PRAIRIE, AR",56.73%,33.63%,446
,"YAKUTAT, AK",-,-,10 or fewer
,"COFFEE, AL",57.57%,25.79%,1923
,"UNION, AR",54.05%,33.13%,975
,"FRANKLIN, AR",61.43%,30.72%,433
,"LA PAZ, AZ",41.67%,27.08%,48
,"GENEVA, AL",49.25%,21.44%,928
,"LAWRENCE, AL",-,-,11
,"ASHLEY, AR",53.04%,29.78%,460
,"JEFFERSON, AR",62.64%,36.89%,2361
,"LINCOLN, AR",49.09%,28.36%,275
,"KIOWA, CO",44.00%,-,25
,"LASSEN, CA",52.92%,26.25%,701
,"FULTON, AR",60.67%,16.85%,89
,"FRESNO, CA",56.74%,29.53%,52040
,"WINDHAM, CT",53.83%,34.04%,6825
,"INDEPENDENCE, AR",53.99%,29.91%,739
,"CONWAY, AR",56.76%,31.76%,592
,"CHILTON, AL",-,-,19
,"DREW, AR",50.86%,24.90%,759
,"NOME, AK",-,-,10 or fewer
,"GRAHAM, AZ",50.00%,20.83%,96
,"WOODRUFF, AR",57.25%,28.99%,138
,"NEW HAVEN, CT",51.62%,33.90%,21642
,"SISKIYOU, CA",52.47%,36.20%,627
,"NEW LONDON, CT",51.10%,33.34%,13762
,"CALHOUN, AR",56.82%,34.85%,132
,"NAVAJO, AZ",44.69%,23.01%,226
,"HEMPSTEAD, AR",52.77%,31.73%,271
,"CRENSHAW, AL",50.94%,24.53%,53
,"MIDDLESEX, CT",52.10%,32.60%,10497
,"IMPERIAL, CA",45.70%,23.85%,1954
,"LITCHFIELD, CT",50.28%,28.20%,7618
,"FAULKNER, AR",55.65%,30.47%,4395
,"MOFFAT, CO",56.59%,26.15%,910
,"WHITE, AR",55.42%,28.28%,1920
,"GRANT, AR",55.14%,33.86%,827
,"ELMORE, AL",50.00%,24.19%,62
,"LAS ANIMAS, CO",45.75%,24.84%,306
,"NORTHWEST ARCTIC, AK",-,-,10 or fewer
,"YELL, AR",54.21%,29.60%,321
,"GILA, AZ",41.74%,17.43%,218
,"CHICOT, AR",50.85%,28.81%,177
,"LEE, AL",48.51%,23.34%,437
,"MONTGOMERY, AL",52.83%,20.75%,159
,"MORGAN, CO",51.99%,27.89%,502
,"MORGAN, AL",45.65%,36.96%,46
,"PULASKI, AR",53.73%,33.06%,22925
,"WASHINGTON, CO",45.33%,25.33%,75
,"GREENLEE, AZ",63.41%,26.83%,41
,"COLUMBIA, AR",57.82%,33.95%,377
,"PIKE, AR",57.52%,27.45%,153
,"POPE, AR",53.12%,33.51%,1122
,"MADERA, CA",58.18%,26.78%,5156
,"BRADLEY, AR",53.10%,27.59%,290
,"DESHA, AR",49.03%,28.79%,257
,"SEARCY, AR",53.41%,12.50%,88
,"BETHEL, AK",-,-,10 or fewer
,"MARICOPA, AZ",46.81%,25.78%,100145
,"IZARD, AR",53.57%,27.86%,140
,"HARTFORD, CT",49.87%,32.25%,50638
,"PHILLIPS, CO",55.81%,27.91%,86
,"SOUTHEAST FAIRBANKS, AK",-,-,10 or fewer
,"TOLLAND, CT",49.83%,28.62%,6881
,"SAN BENITO, CA",54.24%,35.61%,1084
,"HAINES, AK",-,-,10 or fewer
,"SKAGWAY, AK",-,-,10 or fewer
,"SHASTA, CA",48.66%,28.68%,1011
,"KINGS, CA",56.12%,26.39%,1675
,"HUERFANO, CO",48.15%,25.31%,162
,"HOWARD, AR",50.43%,30.77%,117
,"KERN, CA",53.54%,32.18%,18639
,"COCHISE, AZ",48.55%,22.97%,688
,"FREMONT, CO",49.43%,26.43%,787
,"SAN JOAQUIN, CA",50.43%,27.04%,15666
,"MODOC, CA",53.72%,28.93%,121
,"APACHE, AZ",42.34%,24.32%,111
,"MESA, CO",45.61%,22.69%,7123
,"YUBA, CA",43.49%,20.77%,568
,"MONTEREY, CA",53.31%,44.44%,16865
,"DELTA, CO",44.67%,20.35%,403
,"WELD, CO",50.22%,29.18%,19816
,"MOHAVE, AZ",48.47%,23.05%,295
,"LIMESTONE, AL",50.00%,21.15%,52
,"DEL NORTE, CA",51.07%,25.22%,797
,"CLEVELAND, AR",53.27%,34.58%,214
,"STONE, AR",54.55%,23.14%,121
,"TEHAMA, CA",40.40%,18.18%,99
,"LINCOLN, CO",46.77%,20.97%,62
,"FAIRFIELD, CT",41.82%,30.37%,30563
,"KODIAK ISLAND, AK",48.66%,20.98%,448
,"DENALI, AK",-,-,10 or fewer
,"PIMA, AZ",50.17%,35.64%,31029
,"MADISON, AL",49.58%,25.83%,240
,"POLK, AR",53.25%,27.92%,154
,"ELBERT, CO",47.14%,22.12%,1311
,"JEFFERSON, AL",44.72%,21.35%,445
,"JACKSON, CO",38.71%,20.97%,62
,"TULARE, CA",50.22%,24.29%,3841
,"BACA, CO",50.00%,26.00%,50
,"CHEYENNE, CO",-,-,20
,"YUMA, CO",42.76%,21.05%,152
,"RIVERSIDE, CA",45.90%,27.86%,58597
,"VALDEZ CORDOVA, AK",-,-,10 or fewer
,"TRINITY, CA",39.13%,17.39%,69
,"SANTA CRUZ, AZ",48.63%,27.40%,292
,"HUMBOLDT, CA",44.42%,22.43%,8008
,"SANTA BARBARA, CA",50.42%,30.25%,3296
,"LAKE, CA",49.13%,29.78%,863
,"NAPA, CA",50.98%,43.90%,2795
,"RIO BLANCO, CO",52.50%,22.50%,80
,"SHELBY, AL",43.64%,21.82%,110
,"DILLINGHAM, AK",-,-,10 or fewer
,"ADAMS, CO",49.67%,26.19%,17840
,"FAIRBANKS NORTH STAR, AK",41.98%,16.05%,81
,"RIO GRANDE, CO",44.96%,27.91%,129
,"PLUMAS, CA",41.77%,23.29%,249
,"KIT CARSON, CO",41.03%,20.51%,78
,"GARLAND, AR",44.46%,24.92%,983
,"CALAVERAS, CA",39.76%,20.08%,254
,"SAN BERNARDINO, CA",44.33%,26.32%,32594
,"CONEJOS, CO",51.02%,24.49%,49
,"COSTILLA, CO",36.11%,-,36
,"SIERRA, CA",35.94%,21.88%,64
,"ALAMOSA, CO",47.58%,29.03%,124
,"SOLANO, CA",47.50%,27.02%,7269
,"MONTROSE, CO",42.60%,15.98%,338
,"TELLER, CO",39.22%,17.71%,1530
,"SAN DIEGO, CA",37.14%,24.78%,178668
,"KENAI PENINSULA, AK",38.00%,22.00%,50
,"EL PASO, CO",44.04%,22.46%,36964
,"KETCHIKAN GATEWAY, AK",-,-,11
,"PARK, CO",38.84%,17.68%,345
,"LOS ANGELES, CA",41.44%,25.14%,63648
,"MONTGOMERY, AR",55.00%,21.67%,60
,"INYO, CA",39.67%,17.36%,121
,"MENDOCINO, CA",43.27%,28.42%,2706
,"BAXTER, AR",50.00%,24.12%,170
,"ARAPAHOE, CO",41.63%,23.43%,29838
,"MARIPOSA, CA",41.14%,18.99%,158
,"DOLORES, CO",-,-,21
,"SONOMA, CA",43.78%,20.69%,12968
,"PINAL, AZ",45.31%,21.76%,5028
,"NORTH SLOPE, AK",-,-,10 or fewer
,"SANTA CRUZ, CA",39.71%,22.68%,6006
,"SEVIER, AR",51.22%,27.64%,123
,"MATANUSKA SUSITNA, AK",43.75%,26.56%,64
,"LARIMER, CO",38.04%,21.27%,24697
,"CUSTER, CO",38.24%,20.59%,102
,"NEWTON, AR",40.54%,-,37
,"JUNEAU, AK",41.38%,-,29
,"PETERSBURG, AK",-,-,10 or fewer
,"CONTRA COSTA, CA",40.44%,21.99%,29843
,"SUTTER, CA",35.54%,14.79%,453
,"JEFFERSON, CO",36.70%,19.10%,18580
,"ALAMEDA, CA",37.74%,19.72%,48069
,"MERCED, CA",49.68%,27.98%,2216
,"DOUGLAS, CO",35.84%,20.96%,22991
,"MARION, AR",47.37%,22.81%,57
,"HOONAH ANGOON, AK",-,-,10 or fewer
,"DENVER, CO",38.22%,18.76%,38288
,"GLENN, CA",25.49%,-,51
,"AMADOR, CA",36.52%,18.79%,282
,"SACRAMENTO, CA",38.18%,22.73%,26304
,"NEW CASTLE, DE",51.67%,30.01%,10280
,"BROOMFIELD, CO",35.35%,18.98%,4042
,"KUSILVAK, AK",-,-,10 or fewer
,"SAGUACHE, CO",38.46%,-,39
,"ORANGE, CA",33.11%,21.94%,76008
,"MONTEZUMA, CO",45.65%,23.91%,92
,"BOONE, AR",49.62%,27.07%,133
,"YAVAPAI, AZ",29.66%,14.18%,1298
,"LAKE, CO",37.65%,20.00%,85
,"COLUSA, CA",39.02%,17.07%,82
,"MARIN, CA",37.90%,23.82%,6122
,"SANTA CLARA, CA",32.62%,18.46%,49528
,"TUOLUMNE, CA",33.48%,16.09%,230
,"GILPIN, CO",31.22%,16.29%,221
,"YOLO, CA",35.18%,13.14%,4162
,"SITKA, AK",-,-,10 or fewer
,"GARFIELD, CO",27.13%,11.49%,505
,"CLEAR CREEK, CO",21.80%,15.79%,133
,"MONO, CA",44.83%,16.09%,87
,"BUTTE, CA",27.63%,10.52%,485
,"MINERAL, CO",-,-,10 or fewer
,"CHAFFEE, CO",34.76%,18.88%,233
,"SAN MATEO, CA",31.24%,18.22%,20061
,"EL DORADO, CA",26.79%,16.71%,3094
,"ARCHULETA, CO",34.69%,-,49
,"SAN LUIS OBISPO, CA",30.72%,15.98%,651
,"BOULDER, CO",25.05%,15.28%,22305
,"ANCHORAGE, AK",30.00%,13.75%,160
,"GRAND, CO",26.94%,9.17%,360
,"SAN JUAN, CO",-,-,10 or fewer
,"STANISLAUS, CA",28.65%,14.92%,2789
,"CARROLL, AR",38.96%,19.48%,77
,"WRANGELL, AK",-,-,10 or fewer
,"SUMMIT, CO",26.30%,13.15%,403
,"PLACER, CA",26.87%,13.27%,3822
,"SAN FRANCISCO, CA",24.77%,15.51%,26659
,"HINSDALE, CO",-,-,25
,"LAKE AND PENINSULA, AK",-,-,10 or fewer
,"ROUTT, CO",21.32%,12.16%,2228
,"WASHINGTON, AR",40.30%,16.72%,1459
,"OURAY, CO",25.00%,-,44
,"LA PLATA, CO",22.97%,10.81%,222
,"GUNNISON, CO",16.78%,9.51%,757
,"VENTURA, CA",18.53%,9.10%,2801
,"EAGLE, CO",19.13%,10.00%,460
,"MADISON, AR",47.62%,19.05%,63
,"COCONINO, AZ",15.41%,8.94%,727
,"NEVADA, CA",14.83%,5.58%,627
,"BENTON, AR",38.55%,16.08%,939
,"PITKIN, CO",11.51%,5.69%,721
,"SAN MIGUEL, CO",11.40%,-,114
,None of the above,38.60%,24.43%,275953
,Total,42.90%,25.70%,1814786
≥ 55 and < 65 Years,"PERRY, AL",80.00%,-,15
,"WALKER, AL",66.39%,48.74%,119
,"CLEBURNE, AL",62.46%,32.42%,293
,"CHOCTAW, AL",65.76%,39.55%,1072
,"MARENGO, AL",58.30%,29.79%,235
,"TALLADEGA, AL",54.05%,21.68%,309
,"COOSA, AL",86.67%,-,15
,"CALHOUN, AL",54.66%,27.05%,891
,"WILCOX, AL",55.43%,32.61%,92
,"CLARKE, AL",59.46%,32.22%,661
,"BLOUNT, AL",55.24%,24.48%,143
,"BUTLER, AL",60.81%,32.43%,74
,"CHAMBERS, AL",56.85%,28.49%,730
,"WASHINGTON, AL",58.02%,36.03%,655
,"MACON, AL",49.74%,23.56%,191
,"CHEROKEE, AL",55.42%,33.60%,747
,"MISSISSIPPI, AR",61.38%,34.84%,1929
,"CLAY, AL",44.16%,14.29%,77
,"LOWNDES, AL",-,-,10 or fewer
,"GREENE, AL",62.94%,32.17%,143
,"MOBILE, AL",56.85%,40.28%,16675
,"SUMTER, AL",64.86%,40.58%,589
,"RANDOLPH, AL",54.80%,26.20%,542
,"CONECUH, AL",61.09%,27.01%,311
,"SAINT FRANCIS, AR",60.00%,36.08%,765
,"PICKENS, AL",58.14%,29.77%,645
,"ETOWAH, AL",55.04%,28.84%,1061
,"MONROE, AL",50.75%,23.79%,597
,"HALE, AL",65.03%,50.35%,143
,"ALPINE, CA",48.57%,40.00%,35
,"NEVADA, AR",57.08%,37.92%,480
,"BARBOUR, AL",53.66%,18.87%,779
,"ALEUTIANS EAST, AK",-,-,10 or fewer
,"KENT, DE",64.06%,41.04%,13221
,"LAWRENCE, AR",61.77%,32.55%,722
,"POINSETT, AR",60.12%,36.30%,1650
,"RANDOLPH, AR",58.44%,30.02%,563
,"JACKSON, AL",56.59%,23.06%,516
,"OUACHITA, AR",59.70%,40.30%,1556
,"SAINT CLAIR, AL",55.24%,29.52%,105
,"PIKE, AL",54.65%,20.16%,258
,"FAYETTE, AL",51.25%,31.25%,80
,"WINSTON, AL",56.36%,27.27%,55
,"PERRY, AR",57.73%,40.96%,686
,"AUTAUGA, AL",66.00%,36.00%,50
,"CROSS, AR",61.13%,46.71%,867
,"JACKSON, AR",57.77%,31.94%,573
,"MARSHALL, AL",52.09%,36.88%,263
,"BRISTOL BAY, AK",-,-,10 or fewer
,"CROWLEY, CO",48.66%,29.95%,187
,"MONROE, AR",55.25%,31.20%,657
,"DALE, AL",52.21%,21.94%,2015
,"CLARK, AR",54.34%,36.55%,1669
,"SUSSEX, DE",56.88%,35.43%,18626
,"PHILLIPS, AR",54.10%,30.37%,573
,"COLBERT, AL",52.00%,24.00%,100
,"GREENE, AR",57.29%,32.01%,2271
,"SHARP, AR",53.69%,26.93%,609
,"SCOTT, AR",58.33%,36.11%,468
,"BIBB, AL",-,-,20
,"CRITTENDEN, AR",56.82%,36.69%,3189
,"BULLOCK, AL",-,-,26
,"BENT, CO",49.11%,27.22%,169
,"JOHNSON, AR",56.02%,21.99%,773
,"CRAIGHEAD, AR",58.65%,32.62%,6423
,"CULLMAN, AL",46.79%,17.43%,109
,"YUKON KOYUKUK, AK",-,-,10 or fewer
,"DALLAS, AL",-,-,28
,"HOUSTON, AL",47.70%,22.35%,6388
,"PROWERS, CO",52.17%,25.16%,322
,"DALLAS, AR",52.10%,33.66%,309
,"HENRY, AL",46.87%,18.97%,975
,"CLAY, AR",59.77%,35.34%,532
,"LOGAN, AR",57.85%,25.93%,783
,"SEDGWICK, CO",42.86%,29.87%,77
,"LAMAR, AL",52.63%,26.47%,665
,"PUEBLO, CO",51.04%,32.83%,9038
,"HOT SPRING, AR",49.61%,28.00%,1818
,"TALLAPOOSA, AL",48.75%,20.00%,80
,"PRINCE OF WALES HYDER, AK",-,-,12
,"MARION, AL",53.28%,27.92%,1096
,"OTERO, CO",53.48%,33.94%,660
,"MILLER, AR",56.72%,27.59%,848
,"RUSSELL, AL",51.39%,25.46%,216
,"FRANKLIN, AL",56.52%,22.17%,230
,"LEE, AR",53.90%,29.00%,269
,"TUSCALOOSA, AL",55.77%,39.09%,1325
,"CRAWFORD, AR",55.81%,32.24%,3725
,"SALINE, AR",52.45%,32.46%,7089
,"ALEUTIANS WEST, AK",-,-,15
,"LAFAYETTE, AR",55.00%,26.00%,100
,"YUMA, AZ",45.96%,22.88%,520
,"VAN BUREN, AR",52.30%,24.22%,805
,"COVINGTON, AL",55.56%,23.10%,342
,"LITTLE RIVER, AR",55.82%,31.73%,249
,"BALDWIN, AL",49.74%,31.49%,14105
,"SEBASTIAN, AR",53.43%,32.64%,6099
,"ARKANSAS, AR",55.13%,35.19%,1529
,"ESCAMBIA, AL",57.67%,30.42%,789
,"LAUDERDALE, AL",44.07%,20.34%,59
,"LONOKE, AR",52.95%,29.13%,5050
,"CLEBURNE, AR",52.23%,27.24%,2445
,"LOGAN, CO",49.13%,29.92%,635
,"PRAIRIE, AR",53.60%,30.88%,625
,"YAKUTAT, AK",-,-,10 or fewer
,"COFFEE, AL",54.79%,23.65%,2351
,"UNION, AR",51.30%,28.25%,1154
,"FRANKLIN, AR",56.55%,24.29%,527
,"LA PAZ, AZ",47.52%,21.78%,101
,"GENEVA, AL",48.63%,21.61%,1388
,"LAWRENCE, AL",-,-,18
,"ASHLEY, AR",47.34%,25.16%,640
,"JEFFERSON, AR",59.28%,32.62%,2952
,"LINCOLN, AR",51.27%,26.91%,353
,"KIOWA, CO",67.57%,40.54%,37
,"LASSEN, CA",47.52%,24.21%,888
,"FULTON, AR",57.74%,28.57%,168
,"FRESNO, CA",54.04%,27.87%,54357
,"WINDHAM, CT",51.67%,33.68%,8691
,"INDEPENDENCE, AR",51.21%,27.70%,906
,"CONWAY, AR",50.40%,27.25%,756
,"CHILTON, AL",61.11%,-,18
,"DREW, AR",47.09%,26.85%,998
,"NOME, AK",-,-,10 or fewer
,"GRAHAM, AZ",51.20%,28.31%,166
,"WOODRUFF, AR",48.21%,19.64%,168
,"NEW HAVEN, CT",51.76%,34.71%,27231
,"SISKIYOU, CA",48.54%,30.16%,925
,"NEW LONDON, CT",49.46%,31.85%,19159
,"CALHOUN, AR",52.38%,32.28%,189
,"NAVAJO, AZ",42.68%,18.69%,321
,"HEMPSTEAD, AR",57.10%,27.49%,331
,"CRENSHAW, AL",45.24%,22.62%,84
,"MIDDLESEX, CT",49.39%,32.39%,15191
,"IMPERIAL, CA",43.46%,24.69%,2706
,"LITCHFIELD, CT",48.92%,28.58%,11055
,"FAULKNER, AR",52.18%,26.93%,5054
,"MOFFAT, CO",52.38%,26.09%,1008
,"WHITE, AR",49.23%,23.94%,2393
,"GRANT, AR",49.45%,29.15%,1084
,"ELMORE, AL",43.01%,21.51%,93
,"LAS ANIMAS, CO",48.92%,26.63%,507
,"NORTHWEST ARCTIC, AK",-,-,10 or fewer
,"YELL, AR",48.42%,25.79%,442
,"GILA, AZ",46.12%,23.97%,438
,"CHICOT, AR",44.36%,27.64%,275
,"LEE, AL",47.46%,19.14%,512
,"MONTGOMERY, AL",48.73%,24.87%,197
,"MORGAN, CO",49.93%,26.12%,693
,"MORGAN, AL",47.06%,17.65%,68
,"PULASKI, AR",49.51%,30.43%,24690
,"WASHINGTON, CO",42.75%,22.90%,131
,"GREENLEE, AZ",45.83%,-,48
,"COLUMBIA, AR",50.58%,26.06%,518
,"PIKE, AR",48.80%,33.97%,209
,"POPE, AR",47.12%,27.98%,1458
,"MADERA, CA",52.75%,25.42%,5488
,"BRADLEY, AR",48.84%,29.48%,346
,"DESHA, AR",45.31%,25.89%,309
,"SEARCY, AR",49.33%,18.67%,150
,"BETHEL, AK",-,-,10 or fewer
,"MARICOPA, AZ",44.87%,25.81%,116419
,"IZARD, AR",41.75%,27.18%,206
,"HARTFORD, CT",49.45%,33.31%,58921
,"PHILLIPS, CO",45.79%,29.91%,107
,"SOUTHEAST FAIRBANKS, AK",-,-,10 or fewer
,"TOLLAND, CT",48.35%,27.84%,9459
,"SAN BENITO, CA",48.08%,35.28%,1352
,"HAINES, AK",-,-,10 or fewer
,"SKAGWAY, AK",-,-,10 or fewer
,"SHASTA, CA",48.41%,30.29%,1291
,"KINGS, CA",51.70%,22.96%,1851
,"HUERFANO, CO",42.81%,29.39%,313
,"HOWARD, AR",53.29%,30.26%,152
,"KERN, CA",49.93%,29.46%,17567
,"COCHISE, AZ",45.85%,24.46%,1071
,"FREMONT, CO",43.25%,22.97%,1341
,"SAN JOAQUIN, CA",48.38%,25.67%,16933
,"MODOC, CA",41.62%,24.87%,197
,"APACHE, AZ",44.44%,19.30%,171
,"MESA, CO",43.83%,22.49%,8585
,"YUBA, CA",43.06%,18.71%,620
,"MONTEREY, CA",48.91%,44.13%,16368
,"DELTA, CO",43.18%,16.72%,616
,"WELD, CO",49.52%,30.33%,19778
,"MOHAVE, AZ",40.17%,17.33%,727
,"LIMESTONE, AL",45.57%,30.38%,79
,"DEL NORTE, CA",47.36%,24.14%,986
,"CLEVELAND, AR",52.22%,27.30%,293
,"STONE, AR",46.30%,22.84%,162
,"TEHAMA, CA",40.15%,22.63%,137
,"LINCOLN, CO",43.43%,27.27%,99
,"FAIRFIELD, CT",42.22%,30.53%,36834
,"KODIAK ISLAND, AK",46.58%,18.40%,511
,"DENALI, AK",-,-,10 or fewer
,"PIMA, AZ",46.19%,31.99%,35368
,"MADISON, AL",42.66%,22.73%,286
,"POLK, AR",44.33%,21.18%,203
,"ELBERT, CO",42.66%,21.96%,1594
,"JEFFERSON, AL",40.08%,18.40%,489
,"JACKSON, CO",45.74%,21.28%,94
,"TULARE, CA",45.28%,19.06%,4008
,"BACA, CO",43.24%,22.97%,74
,"CHEYENNE, CO",54.29%,40.00%,35
,"YUMA, CO",47.34%,18.62%,188
,"RIVERSIDE, CA",43.03%,27.26%,69489
,"VALDEZ CORDOVA, AK",-,-,10 or fewer
,"TRINITY, CA",49.22%,26.56%,128
,"SANTA CRUZ, AZ",42.65%,20.83%,408
,"HUMBOLDT, CA",45.41%,23.58%,7303
,"SANTA BARBARA, CA",46.22%,27.54%,3373
,"LAKE, CA",41.48%,28.48%,962
,"NAPA, CA",46.98%,42.53%,2763
,"RIO BLANCO, CO",35.48%,11.83%,93
,"SHELBY, AL",37.93%,17.93%,145
,"DILLINGHAM, AK",-,-,10 or fewer
,"ADAMS, CO",46.58%,24.83%,16493
,"FAIRBANKS NORTH STAR, AK",43.59%,-,78
,"RIO GRANDE, CO",40.19%,24.77%,214
,"PLUMAS, CA",39.33%,17.42%,356
,"KIT CARSON, CO",49.44%,25.84%,89
,"GARLAND, AR",41.72%,22.40%,1491
,"CALAVERAS, CA",39.30%,17.53%,542
,"SAN BERNARDINO, CA",43.65%,26.75%,36943
,"CONEJOS, CO",50.00%,32.56%,86
,"COSTILLA, CO",49.53%,24.30%,107
,"SIERRA, CA",38.57%,-,70
,"ALAMOSA, CO",40.30%,15.92%,201
,"SOLANO, CA",43.81%,25.04%,7916
,"MONTROSE, CO",40.04%,17.71%,542
,"TELLER, CO",36.67%,18.80%,2356
,"SAN DIEGO, CA",37.15%,25.35%,185098
,"KENAI PENINSULA, AK",40.28%,25.00%,72
,"EL PASO, CO",42.05%,22.30%,39119
,"KETCHIKAN GATEWAY, AK",47.83%,-,23
,"PARK, CO",37.82%,21.96%,542
,"LOS ANGELES, CA",41.09%,24.51%,69514
,"MONTGOMERY, AR",38.14%,17.80%,118
,"INYO, CA",39.79%,24.08%,191
,"MENDOCINO, CA",38.20%,24.46%,2424
,"BAXTER, AR",43.61%,21.43%,266
,"ARAPAHOE, CO",41.25%,23.46%,26710
,"MARIPOSA, CA",38.44%,21.32%,333
,"DOLORES, CO",-,-,17
,"SONOMA, CA",40.83%,17.82%,12203
,"PINAL, AZ",41.15%,20.20%,5511
,"NORTH SLOPE, AK",-,-,10 or fewer
,"SANTA CRUZ, CA",36.59%,21.93%,6288
,"SEVIER, AR",49.22%,27.34%,128
,"MATANUSKA SUSITNA, AK",40.74%,17.28%,81
,"LARIMER, CO",37.12%,22.89%,25654
,"CUSTER, CO",36.16%,22.60%,177
,"NEWTON, AR",40.32%,-,62
,"JUNEAU, AK",31.58%,21.05%,57
,"PETERSBURG, AK",-,-,12
,"CONTRA COSTA, CA",37.85%,20.69%,29661
,"SUTTER, CA",35.99%,14.87%,464
,"JEFFERSON, CO",37.10%,19.81%,20695
,"ALAMEDA, CA",35.84%,19.13%,48360
,"MERCED, CA",43.92%,25.00%,2600
,"DOUGLAS, CO",35.55%,21.03%,22981
,"MARION, AR",38.20%,25.84%,89
,"HOONAH ANGOON, AK",-,-,10 or fewer
,"DENVER, CO",38.35%,19.74%,32368
,"GLENN, CA",44.68%,-,47
,"AMADOR, CA",33.81%,18.56%,485
,"SACRAMENTO, CA",38.04%,21.98%,27962
,"NEW CASTLE, DE",48.52%,28.52%,11898
,"BROOMFIELD, CO",34.71%,19.19%,3601
,"KUSILVAK, AK",-,-,10 or fewer
,"SAGUACHE, CO",27.03%,-,74
,"ORANGE, CA",32.25%,21.44%,83073
,"MONTEZUMA, CO",32.28%,16.46%,158
,"BOONE, AR",44.37%,19.72%,142
,"YAVAPAI, AZ",29.64%,16.29%,2321
,"LAKE, CO",40.58%,23.19%,69
,"COLUSA, CA",42.47%,15.07%,73
,"MARIN, CA",31.43%,19.65%,5358
,"SANTA CLARA, CA",30.80%,18.01%,50377
,"TUOLUMNE, CA",36.42%,23.41%,346
,"GILPIN, CO",26.52%,12.17%,230
,"YOLO, CA",35.32%,11.63%,3879
,"SITKA, AK",-,-,10 or fewer
,"GARFIELD, CO",31.07%,14.33%,663
,"CLEAR CREEK, CO",33.10%,15.86%,145
,"MONO, CA",25.45%,10.00%,110
,"BUTTE, CA",27.46%,15.21%,539
,"MINERAL, CO",-,-,19
,"CHAFFEE, CO",32.09%,15.76%,349
,"SAN MATEO, CA",29.66%,18.84%,20307
,"EL DORADO, CA",27.63%,16.85%,4498
,"ARCHULETA, CO",22.50%,13.33%,120
,"SAN LUIS OBISPO, CA",27.13%,18.71%,1117
,"BOULDER, CO",26.43%,17.06%,23100
,"ANCHORAGE, AK",27.73%,13.87%,238
,"GRAND, CO",22.80%,9.03%,465
,"SAN JUAN, CO",-,-,10 or fewer
,"STANISLAUS, CA",24.84%,13.31%,4050
,"CARROLL, AR",39.13%,14.78%,115
,"WRANGELL, AK",-,-,10 or fewer
,"SUMMIT, CO",27.51%,12.15%,469
,"PLACER, CA",26.27%,13.56%,4549
,"SAN FRANCISCO, CA",22.78%,16.04%,28303
,"HINSDALE, CO",-,-,27
,"LAKE AND PENINSULA, AK",-,-,10 or fewer
,"ROUTT, CO",22.16%,13.48%,2247
,"WASHINGTON, AR",40.24%,16.11%,1471
,"OURAY, CO",23.61%,-,72
,"LA PLATA, CO",22.39%,12.69%,268
,"GUNNISON, CO",17.56%,9.92%,746
,"VENTURA, CA",19.39%,9.59%,3398
,"EAGLE, CO",21.33%,7.89%,558
,"MADISON, AR",36.67%,-,60
,"COCONINO, AZ",15.71%,8.84%,713
,"NEVADA, CA",16.08%,9.26%,821
,"BENTON, AR",37.02%,17.02%,1075
,"PITKIN, CO",12.77%,5.93%,877
,"SAN MIGUEL, CO",8.97%,-,145
,None of the above,39.53%,25.21%,323588
,Total,41.94%,25.63%,2014704
65 Years or more,"PERRY, AL",-,-,16
,"WALKER, AL",47.62%,39.05%,105
,"CLEBURNE, AL",45.96%,23.68%,359
,"CHOCTAW, AL",53.75%,31.33%,1918
,"MARENGO, AL",52.25%,27.19%,423
,"TALLADEGA, AL",46.06%,14.55%,165
,"COOSA, AL",-,-,12
,"CALHOUN, AL",41.13%,19.06%,834
,"WILCOX, AL",45.29%,24.22%,223
,"CLARKE, AL",43.85%,30.48%,1309
,"BLOUNT, AL",51.55%,27.84%,97
,"BUTLER, AL",47.59%,14.48%,145
,"CHAMBERS, AL",42.38%,21.88%,1161
,"WASHINGTON, AL",49.56%,32.64%,1146
,"MACON, AL",44.58%,12.92%,240
,"CHEROKEE, AL",45.31%,29.63%,1600
,"MISSISSIPPI, AR",48.30%,25.37%,2905
,"CLAY, AL",41.94%,-,62
,"LOWNDES, AL",-,-,14
,"GREENE, AL",51.12%,18.39%,223
,"MOBILE, AL",44.89%,41.82%,27430
,"SUMTER, AL",51.41%,36.92%,1208
,"RANDOLPH, AL",41.72%,21.10%,858
,"CONECUH, AL",47.42%,20.85%,542
,"SAINT FRANCIS, AR",45.30%,24.70%,1437
,"PICKENS, AL",43.83%,23.15%,1054
,"ETOWAH, AL",42.54%,17.60%,858
,"MONROE, AL",42.47%,21.23%,1102
,"HALE, AL",45.37%,31.02%,216
,"ALPINE, CA",49.33%,21.33%,75
,"NEVADA, AR",42.09%,28.44%,784
,"BARBOUR, AL",41.72%,12.16%,1908
,"ALEUTIANS EAST, AK",-,-,10 or fewer
,"KENT, DE",58.34%,38.21%,25038
,"LAWRENCE, AR",48.08%,23.88%,1248
,"POINSETT, AR",47.57%,28.37%,2527
,"RANDOLPH, AR",48.13%,20.36%,1120
,"JACKSON, AL",40.41%,16.93%,886
,"OUACHITA, AR",43.73%,30.97%,2648
,"SAINT CLAIR, AL",52.27%,17.05%,88
,"PIKE, AL",43.62%,13.93%,603
,"FAYETTE, AL",37.29%,15.25%,118
,"WINSTON, AL",41.86%,20.93%,86
,"PERRY, AR",48.49%,33.95%,1196
,"AUTAUGA, AL",41.94%,-,62
,"CROSS, AR",45.73%,31.95%,1465
,"JACKSON, AR",45.22%,22.53%,1203
,"MARSHALL, AL",40.39%,26.60%,203
,"BRISTOL BAY, AK",-,-,10 or fewer
,"CROWLEY, CO",46.46%,31.38%,325
,"MONROE, AR",42.27%,28.57%,1197
,"DALE, AL",40.22%,15.26%,4267
,"CLARK, AR",40.41%,31.46%,3175
,"SUSSEX, DE",49.56%,31.21%,42494
,"PHILLIPS, AR",43.47%,23.72%,1134
,"COLBERT, AL",45.11%,21.74%,184
,"GREENE, AR",44.24%,23.58%,3990
,"SHARP, AR",44.16%,17.44%,1250
,"SCOTT, AR",45.13%,23.35%,698
,"BIBB, AL",57.89%,-,19
,"CRITTENDEN, AR",43.56%,29.03%,4846
,"BULLOCK, AL",40.00%,-,35
,"BENT, CO",43.40%,24.53%,318
,"JOHNSON, AR",44.65%,16.71%,1149
,"CRAIGHEAD, AR",45.52%,26.54%,10111
,"CULLMAN, AL",41.53%,16.95%,118
,"YUKON KOYUKUK, AK",-,-,10 or fewer
,"DALLAS, AL",52.63%,31.58%,38
,"HOUSTON, AL",39.45%,17.15%,12454
,"PROWERS, CO",45.19%,22.84%,810
,"DALLAS, AR",41.64%,27.55%,646
,"HENRY, AL",40.27%,14.93%,2404
,"CLAY, AR",47.40%,26.44%,1097
,"LOGAN, AR",46.23%,20.75%,1272
,"SEDGWICK, CO",45.71%,20.00%,245
,"LAMAR, AL",41.91%,21.10%,1384
,"PUEBLO, CO",42.83%,29.33%,19188
,"HOT SPRING, AR",39.82%,22.87%,3232
,"TALLAPOOSA, AL",43.81%,15.24%,105
,"PRINCE OF WALES HYDER, AK",-,-,17
,"MARION, AL",43.39%,24.30%,2111
,"OTERO, CO",42.76%,23.91%,1422
,"MILLER, AR",46.76%,19.65%,1033
,"RUSSELL, AL",41.46%,20.33%,369
,"FRANKLIN, AL",43.64%,18.96%,385
,"LEE, AR",41.43%,23.21%,560
,"TUSCALOOSA, AL",42.70%,25.89%,1213
,"CRAWFORD, AR",46.58%,27.64%,6352
,"SALINE, AR",40.73%,25.48%,11737
,"ALEUTIANS WEST, AK",-,-,10 or fewer
,"LAFAYETTE, AR",43.28%,18.66%,134
,"YUMA, AZ",38.18%,16.63%,1239
,"VAN BUREN, AR",41.44%,17.01%,1817
,"COVINGTON, AL",39.21%,13.15%,806
,"LITTLE RIVER, AR",45.58%,16.74%,215
,"BALDWIN, AL",40.06%,30.44%,29275
,"SEBASTIAN, AR",43.65%,26.22%,10394
,"ARKANSAS, AR",41.24%,29.36%,2602
,"ESCAMBIA, AL",43.15%,24.61%,1284
,"LAUDERDALE, AL",41.86%,20.93%,129
,"LONOKE, AR",42.23%,23.24%,8399
,"CLEBURNE, AR",40.16%,20.48%,5199
,"LOGAN, CO",44.19%,27.07%,1670
,"PRAIRIE, AR",41.30%,24.98%,1121
,"YAKUTAT, AK",-,-,10 or fewer
,"COFFEE, AL",45.18%,16.72%,5323
,"UNION, AR",39.82%,19.65%,2097
,"FRANKLIN, AR",46.16%,22.03%,1003
,"LA PAZ, AZ",42.25%,19.79%,374
,"GENEVA, AL",38.70%,13.79%,2690
,"LAWRENCE, AL",-,-,21
,"ASHLEY, AR",40.67%,20.61%,1286
,"JEFFERSON, AR",45.39%,24.22%,5032
,"LINCOLN, AR",40.09%,23.79%,681
,"KIOWA, CO",39.55%,23.13%,134
,"LASSEN, CA",36.36%,18.68%,1917
,"FULTON, AR",47.80%,20.34%,295
,"FRESNO, CA",44.61%,23.06%,89308
,"WINDHAM, CT",45.31%,30.00%,14198
,"INDEPENDENCE, AR",41.51%,17.95%,1838
,"CONWAY, AR",40.39%,19.64%,1426
,"CHILTON, AL",-,-,22
,"DREW, AR",36.35%,21.02%,2022
,"NOME, AK",-,-,10 or fewer
,"GRAHAM, AZ",41.83%,19.11%,361
,"WOODRUFF, AR",38.38%,18.80%,383
,"NEW HAVEN, CT",44.09%,29.58%,42532
,"SISKIYOU, CA",39.53%,24.38%,1973
,"NEW LONDON, CT",43.38%,28.10%,30824
,"CALHOUN, AR",43.91%,22.44%,312
,"NAVAJO, AZ",38.45%,15.21%,723
,"HEMPSTEAD, AR",39.93%,24.18%,546
,"CRENSHAW, AL",36.36%,10.70%,187
,"MIDDLESEX, CT",43.03%,28.44%,27303
,"IMPERIAL, CA",33.10%,17.85%,5625
,"LITCHFIELD, CT",42.09%,24.73%,19293
,"FAULKNER, AR",41.56%,21.22%,8882
,"MOFFAT, CO",44.48%,18.68%,1756
,"WHITE, AR",39.56%,19.94%,4022
,"GRANT, AR",40.03%,23.96%,1891
,"ELMORE, AL",37.39%,11.30%,115
,"LAS ANIMAS, CO",36.21%,18.11%,1342
,"NORTHWEST ARCTIC, AK",-,-,10 or fewer
,"YELL, AR",37.19%,18.91%,804
,"GILA, AZ",36.94%,16.65%,1267
,"CHICOT, AR",38.81%,18.41%,554
,"LEE, AL",37.48%,15.02%,739
,"MONTGOMERY, AL",35.18%,19.22%,307
,"MORGAN, CO",43.45%,22.78%,1664
,"MORGAN, AL",39.47%,14.47%,76
,"PULASKI, AR",38.49%,24.98%,46379
,"WASHINGTON, CO",41.38%,21.63%,319
,"GREENLEE, AZ",37.50%,19.44%,72
,"COLUMBIA, AR",38.02%,17.19%,797
,"PIKE, AR",38.11%,21.99%,391
,"POPE, AR",37.58%,20.62%,2725
,"MADERA, CA",41.92%,20.47%,10399
,"BRADLEY, AR",32.78%,20.69%,662
,"DESHA, AR",39.26%,21.76%,680
,"SEARCY, AR",34.69%,14.38%,320
,"BETHEL, AK",-,-,10 or fewer
,"MARICOPA, AZ",36.74%,20.41%,210544
,"IZARD, AR",41.30%,19.47%,339
,"HARTFORD, CT",42.82%,30.12%,94846
,"PHILLIPS, CO",37.15%,19.20%,323
,"SOUTHEAST FAIRBANKS, AK",-,-,20
,"TOLLAND, CT",42.37%,27.02%,16327
,"SAN BENITO, CA",39.25%,29.49%,2214
,"HAINES, AK",-,-,23
,"SKAGWAY, AK",-,-,10 or fewer
,"SHASTA, CA",38.95%,26.90%,2732
,"KINGS, CA",40.56%,16.40%,2781
,"HUERFANO, CO",32.94%,19.07%,944
,"HOWARD, AR",39.33%,23.22%,267
,"KERN, CA",36.97%,19.08%,17600
,"COCHISE, AZ",34.57%,19.57%,3081
,"FREMONT, CO",36.06%,19.34%,3164
,"SAN JOAQUIN, CA",36.82%,21.84%,30951
,"MODOC, CA",38.32%,20.93%,535
,"APACHE, AZ",26.70%,12.57%,382
,"MESA, CO",35.33%,16.12%,19622
,"YUBA, CA",32.25%,11.09%,586
,"MONTEREY, CA",38.02%,39.24%,24795
,"DELTA, CO",33.79%,11.69%,1950
,"WELD, CO",41.63%,27.45%,33775
,"MOHAVE, AZ",33.12%,14.81%,1890
,"LIMESTONE, AL",40.87%,20.00%,115
,"DEL NORTE, CA",40.44%,17.35%,1464
,"CLEVELAND, AR",37.85%,22.03%,531
,"STONE, AR",36.19%,15.55%,431
,"TEHAMA, CA",37.10%,18.95%,248
,"LINCOLN, CO",40.96%,21.28%,188
,"FAIRFIELD, CT",36.62%,24.18%,55295
,"KODIAK ISLAND, AK",35.34%,12.77%,846
,"DENALI, AK",-,-,12
,"PIMA, AZ",33.86%,21.44%,72085
,"MADISON, AL",33.50%,16.88%,397
,"POLK, AR",36.46%,19.87%,458
,"ELBERT, CO",35.74%,18.89%,2854
,"JEFFERSON, AL",32.99%,14.43%,582
,"JACKSON, CO",32.11%,17.37%,190
,"TULARE, CA",34.66%,12.88%,6630
,"BACA, CO",34.85%,15.53%,264
,"CHEYENNE, CO",36.59%,17.07%,82
,"YUMA, CO",35.64%,17.62%,505
,"RIVERSIDE, CA",31.15%,19.03%,124420
,"VALDEZ CORDOVA, AK",43.33%,-,30
,"TRINITY, CA",30.19%,12.45%,265
,"SANTA CRUZ, AZ",33.24%,14.76%,1104
,"HUMBOLDT, CA",37.20%,17.51%,12419
,"SANTA BARBARA, CA",36.56%,20.95%,3876
,"LAKE, CA",30.81%,19.11%,1376
,"NAPA, CA",35.43%,32.39%,3325
,"RIO BLANCO, CO",35.04%,10.68%,234
,"SHELBY, AL",32.61%,15.65%,230
,"DILLINGHAM, AK",-,-,10 or fewer
,"ADAMS, CO",39.73%,22.16%,23205
,"FAIRBANKS NORTH STAR, AK",35.23%,13.26%,264
,"RIO GRANDE, CO",34.13%,18.91%,460
,"PLUMAS, CA",31.23%,16.47%,1348
,"KIT CARSON, CO",40.00%,17.39%,230
,"GARLAND, AR",31.56%,16.85%,3875
,"CALAVERAS, CA",32.19%,12.63%,1718
,"SAN BERNARDINO, CA",34.02%,20.03%,53279
,"CONEJOS, CO",33.98%,17.96%,206
,"COSTILLA, CO",27.54%,13.17%,167
,"SIERRA, CA",32.17%,15.65%,230
,"ALAMOSA, CO",37.13%,17.54%,342
,"SOLANO, CA",29.68%,13.86%,10609
,"MONTROSE, CO",28.83%,10.28%,1547
,"TELLER, CO",31.97%,16.51%,4833
,"SAN DIEGO, CA",30.75%,21.02%,306223
,"KENAI PENINSULA, AK",34.32%,13.14%,236
,"EL PASO, CO",34.55%,18.99%,64348
,"KETCHIKAN GATEWAY, AK",27.50%,17.50%,80
,"PARK, CO",32.10%,17.00%,1218
,"LOS ANGELES, CA",28.94%,18.16%,97648
,"MONTGOMERY, AR",27.27%,13.13%,198
,"INYO, CA",25.19%,12.98%,655
,"MENDOCINO, CA",28.19%,16.08%,4062
,"BAXTER, AR",34.62%,15.91%,572
,"ARAPAHOE, CO",32.42%,18.61%,47383
,"MARIPOSA, CA",30.80%,14.44%,1039
,"DOLORES, CO",37.21%,-,43
,"SONOMA, CA",29.18%,11.74%,14697
,"PINAL, AZ",31.35%,14.00%,10264
,"NORTH SLOPE, AK",-,-,10 or fewer
,"SANTA CRUZ, CA",26.92%,15.30%,9974
,"SEVIER, AR",33.33%,16.09%,174
,"MATANUSKA SUSITNA, AK",34.57%,15.96%,188
,"LARIMER, CO",32.64%,21.31%,54462
,"CUSTER, CO",26.38%,15.52%,580
,"NEWTON, AR",36.11%,17.59%,108
,"JUNEAU, AK",29.55%,11.93%,176
,"PETERSBURG, AK",-,-,35
,"CONTRA COSTA, CA",27.83%,13.56%,43734
,"SUTTER, CA",25.35%,10.07%,576
,"JEFFERSON, CO",31.14%,16.81%,41071
,"ALAMEDA, CA",27.04%,15.61%,77785
,"MERCED, CA",34.00%,18.09%,4521
,"DOUGLAS, CO",29.99%,17.72%,36588
,"MARION, AR",32.42%,18.13%,182
,"HOONAH ANGOON, AK",-,-,22
,"DENVER, CO",30.79%,16.47%,47965
,"GLENN, CA",34.74%,21.05%,95
,"AMADOR, CA",24.64%,11.23%,1193
,"SACRAMENTO, CA",27.54%,15.30%,36495
,"NEW CASTLE, DE",35.07%,20.91%,18518
,"BROOMFIELD, CO",30.88%,17.83%,6916
,"KUSILVAK, AK",-,-,10 or fewer
,"SAGUACHE, CO",25.17%,9.52%,147
,"ORANGE, CA",24.57%,16.36%,139282
,"MONTEZUMA, CO",24.78%,12.97%,347
,"BOONE, AR",40.00%,15.00%,280
,"YAVAPAI, AZ",23.19%,10.79%,6545
,"LAKE, CO",26.45%,11.57%,121
,"COLUSA, CA",31.58%,11.40%,114
,"MARIN, CA",21.82%,12.79%,7191
,"SANTA CLARA, CA",25.02%,14.54%,88511
,"TUOLUMNE, CA",24.36%,17.13%,1051
,"GILPIN, CO",26.49%,16.09%,404
,"YOLO, CA",26.08%,8.63%,5027
,"SITKA, AK",-,-,41
,"GARFIELD, CO",24.86%,11.31%,1388
,"CLEAR CREEK, CO",27.10%,12.46%,321
,"MONO, CA",21.74%,5.80%,276
,"BUTTE, CA",23.13%,12.78%,1072
,"MINERAL, CO",-,-,39
,"CHAFFEE, CO",22.32%,10.03%,887
,"SAN MATEO, CA",23.49%,16.34%,33567
,"EL DORADO, CA",21.22%,10.81%,7541
,"ARCHULETA, CO",22.59%,12.96%,301
,"SAN LUIS OBISPO, CA",21.66%,14.56%,3125
,"BOULDER, CO",24.80%,16.96%,42611
,"ANCHORAGE, AK",28.37%,13.31%,631
,"GRAND, CO",19.53%,8.42%,855
,"SAN JUAN, CO",-,-,16
,"STANISLAUS, CA",19.50%,12.03%,8689
,"CARROLL, AR",37.79%,16.86%,172
,"WRANGELL, AK",-,-,16
,"SUMMIT, CO",15.29%,7.26%,785
,"PLACER, CA",16.03%,7.10%,10057
,"SAN FRANCISCO, CA",17.66%,14.22%,39299
,"HINSDALE, CO",16.22%,-,74
,"LAKE AND PENINSULA, AK",-,-,10 or fewer
,"ROUTT, CO",19.63%,11.51%,3745
,"WASHINGTON, AR",31.08%,11.93%,2532
,"OURAY, CO",15.86%,-,227
,"LA PLATA, CO",16.46%,8.50%,741
,"GUNNISON, CO",15.60%,11.09%,1506
,"VENTURA, CA",13.21%,6.26%,7497
,"EAGLE, CO",12.26%,5.96%,1175
,"MADISON, AR",29.00%,13.00%,100
,"COCONINO, AZ",16.52%,9.87%,1277
,"NEVADA, CA",15.61%,7.00%,1813
,"BENTON, AR",33.08%,15.36%,1829
,"PITKIN, CO",11.66%,5.16%,1646
,"SAN MIGUEL, CO",9.43%,-,297
,None of the above,32.63%,21.10%,559491
,Total,33.89%,20.90%,3419677
"Total: Total includes all data, including data from rows not currently displayed.","PERRY, AL",61.54%,36.92%,65
,"WALKER, AL",57.73%,41.61%,459
,"CLEBURNE, AL",53.73%,28.47%,1247
,"CHOCTAW, AL",53.65%,29.39%,5940
,"MARENGO, AL",51.87%,25.48%,1205
,"TALLADEGA, AL",51.22%,22.36%,1109
,"COOSA, AL",50.91%,21.82%,55
,"CALHOUN, AL",50.85%,25.91%,3829
,"WILCOX, AL",50.60%,27.69%,502
,"CLARKE, AL",50.57%,30.89%,3182
,"BLOUNT, AL",49.93%,22.08%,693
,"BUTLER, AL",49.72%,20.67%,358
,"CHAMBERS, AL",49.64%,25.76%,3723
,"WASHINGTON, AL",49.51%,30.28%,3141
,"MACON, AL",49.41%,21.73%,842
,"CHEROKEE, AL",49.02%,31.43%,3315
,"MISSISSIPPI, AR",48.89%,27.95%,10682
,"CLAY, AL",48.58%,17.03%,317
,"LOWNDES, AL",48.48%,-,33
,"GREENE, AL",47.93%,22.24%,724
,"MOBILE, AL",47.81%,35.33%,92164
,"SUMTER, AL",47.76%,32.11%,3775
,"RANDOLPH, AL",47.52%,23.10%,2424
,"CONECUH, AL",47.40%,22.58%,1599
,"SAINT FRANCIS, AR",47.32%,29.21%,4330
,"PICKENS, AL",47.05%,23.14%,3660
,"ETOWAH, AL",47.00%,25.26%,5649
,"MONROE, AL",46.84%,23.22%,2929
,"HALE, AL",46.66%,35.84%,823
,"ALPINE, CA",46.43%,30.00%,280
,"NEVADA, AR",46.29%,28.98%,2709
,"BARBOUR, AL",46.17%,14.95%,3799
,"ALEUTIANS EAST, AK",-,-,13
,"KENT, DE",46.13%,28.44%,108136
,"LAWRENCE, AR",45.77%,23.61%,4134
,"POINSETT, AR",45.74%,27.00%,11066
,"RANDOLPH, AR",45.55%,22.21%,3368
,"JACKSON, AL",45.45%,17.59%,2530
,"OUACHITA, AR",45.35%,28.41%,9567
,"SAINT CLAIR, AL",45.34%,21.94%,547
,"PIKE, AL",45.27%,15.77%,1332
,"FAYETTE, AL",45.12%,22.68%,410
,"WINSTON, AL",44.98%,22.68%,269
,"PERRY, AR",44.76%,30.57%,3896
,"AUTAUGA, AL",44.64%,18.57%,280
,"CROSS, AR",44.58%,34.91%,6178
,"JACKSON, AR",44.48%,24.12%,3309
,"MARSHALL, AL",44.48%,30.71%,1205
,"BRISTOL BAY, AK",-,-,10 or fewer
,"CROWLEY, CO",44.36%,26.87%,949
,"MONROE, AR",44.04%,25.56%,3408
,"DALE, AL",43.99%,17.55%,10718
,"CLARK, AR",43.86%,28.30%,10655
,"SUSSEX, DE",43.84%,27.62%,127103
,"PHILLIPS, AR",43.74%,24.76%,3324
,"COLBERT, AL",43.66%,20.42%,568
,"GREENE, AR",43.55%,23.34%,14995
,"SHARP, AR",43.51%,19.53%,3103
,"SCOTT, AR",43.50%,22.15%,2460
,"BIBB, AL",43.44%,24.59%,122
,"CRITTENDEN, AR",43.43%,26.00%,21496
,"BULLOCK, AL",43.26%,20.57%,141
,"BENT, CO",43.04%,24.89%,876
,"JOHNSON, AR",43.03%,16.35%,4831
,"CRAIGHEAD, AR",43.02%,24.03%,52299
,"CULLMAN, AL",42.98%,16.94%,484
,"YUKON KOYUKUK, AK",-,-,14
,"DALLAS, AL",42.75%,27.54%,138
,"HOUSTON, AL",42.69%,18.45%,34819
,"PROWERS, CO",42.64%,21.58%,2071
,"DALLAS, AR",42.19%,26.61%,1894
,"HENRY, AL",42.15%,15.84%,5245
,"CLAY, AR",42.12%,24.95%,3286
,"LOGAN, AR",42.11%,19.41%,4348
,"SEDGWICK, CO",42.02%,21.01%,495
,"LAMAR, AL",42.02%,20.60%,4053
,"PUEBLO, CO",41.90%,25.64%,60314
,"HOT SPRING, AR",41.86%,23.46%,10722
,"TALLAPOOSA, AL",41.84%,16.67%,282
,"PRINCE OF WALES HYDER, AK",41.67%,-,48
,"MARION, AL",41.65%,22.25%,6920
,"OTERO, CO",41.63%,25.28%,4067
,"MILLER, AR",41.50%,20.67%,5342
,"RUSSELL, AL",41.50%,20.90%,1282
,"FRANKLIN, AL",41.39%,18.46%,1208
,"LEE, AR",41.31%,23.27%,1547
,"TUSCALOOSA, AL",41.28%,27.96%,9768
,"CRAWFORD, AR",41.21%,22.89%,24576
,"SALINE, AR",41.08%,25.02%,45888
,"ALEUTIANS WEST, AK",41.03%,-,39
,"LAFAYETTE, AR",41.03%,20.51%,585
,"YUMA, AZ",41.01%,17.97%,3055
,"VAN BUREN, AR",41.01%,17.58%,4214
,"COVINGTON, AL",40.97%,16.56%,1806
,"LITTLE RIVER, AR",40.88%,22.47%,1255
,"BALDWIN, AL",40.87%,26.61%,81476
,"SEBASTIAN, AR",40.74%,22.91%,42895
,"ARKANSAS, AR",40.74%,25.99%,10529
,"ESCAMBIA, AL",40.56%,22.71%,4914
,"LAUDERDALE, AL",40.41%,17.39%,391
,"LONOKE, AR",40.32%,22.43%,32506
,"CLEBURNE, AR",40.20%,19.96%,13653
,"LOGAN, CO",40.14%,24.67%,3769
,"PRAIRIE, AR",40.13%,23.28%,3668
,"YAKUTAT, AK",-,-,10 or fewer
,"COFFEE, AL",39.95%,16.71%,15961
,"UNION, AR",39.86%,21.69%,6615
,"FRANKLIN, AR",39.79%,18.85%,3644
,"LA PAZ, AZ",39.74%,18.04%,682
,"GENEVA, AL",39.60%,15.76%,7068
,"LAWRENCE, AL",39.53%,19.77%,86
,"ASHLEY, AR",39.52%,20.18%,3697
,"JEFFERSON, AR",39.49%,22.38%,21385
,"LINCOLN, AR",39.45%,21.88%,2185
,"KIOWA, CO",39.42%,21.79%,312
,"LASSEN, CA",39.41%,19.02%,5253
,"FULTON, AR",39.37%,17.01%,917
,"FRESNO, CA",39.27%,20.60%,422614
,"WINDHAM, CT",39.26%,25.27%,55696
,"INDEPENDENCE, AR",39.10%,19.78%,6148
,"CONWAY, AR",39.07%,20.61%,4604
,"CHILTON, AL",38.89%,21.30%,108
,"DREW, AR",38.85%,19.84%,6029
,"NOME, AK",38.71%,-,31
,"GRAHAM, AZ",38.67%,21.36%,1011
,"WOODRUFF, AR",38.48%,19.58%,1042
,"NEW HAVEN, CT",38.48%,24.71%,174105
,"SISKIYOU, CA",38.28%,24.21%,5697
,"NEW LONDON, CT",38.26%,24.60%,116014
,"CALHOUN, AR",38.19%,21.85%,1126
,"NAVAJO, AZ",38.13%,16.31%,1938
,"HEMPSTEAD, AR",38.08%,20.62%,2337
,"CRENSHAW, AL",38.07%,15.37%,436
,"MIDDLESEX, CT",38.04%,23.88%,91208
,"IMPERIAL, CA",38.00%,17.16%,16914
,"LITCHFIELD, CT",37.99%,20.83%,64393
,"FAULKNER, AR",37.94%,19.69%,36681
,"MOFFAT, CO",37.93%,16.64%,7968
,"WHITE, AR",37.91%,18.94%,14784
,"GRANT, AR",37.76%,21.93%,6602
,"ELMORE, AL",37.58%,17.00%,447
,"LAS ANIMAS, CO",37.51%,20.25%,2978
,"NORTHWEST ARCTIC, AK",-,-,24
,"YELL, AR",37.46%,19.62%,2528
,"GILA, AZ",37.46%,17.07%,2619
,"CHICOT, AR",37.45%,19.54%,1602
,"LEE, AL",37.26%,15.95%,2778
,"MONTGOMERY, AL",37.19%,16.90%,1124
,"MORGAN, CO",37.18%,19.41%,5008
,"MORGAN, AL",37.15%,16.20%,358
,"PULASKI, AR",36.93%,23.38%,189350
,"WASHINGTON, CO",36.93%,20.16%,769
,"GREENLEE, AZ",36.92%,21.51%,279
,"COLUMBIA, AR",36.91%,19.20%,3454
,"PIKE, AR",36.76%,20.33%,1333
,"POPE, AR",36.60%,21.07%,9011
,"MADERA, CA",36.58%,18.54%,46699
,"BRADLEY, AR",36.18%,20.04%,2250
,"DESHA, AR",36.17%,20.83%,2007
,"SEARCY, AR",36.16%,14.64%,813
,"BETHEL, AK",-,-,25
,"MARICOPA, AZ",35.74%,18.35%,796306
,"IZARD, AR",35.71%,17.68%,1148
,"HARTFORD, CT",35.71%,23.15%,419968
,"PHILLIPS, CO",35.67%,19.55%,757
,"SOUTHEAST FAIRBANKS, AK",35.56%,-,45
,"TOLLAND, CT",35.55%,21.04%,60536
,"SAN BENITO, CA",35.42%,24.25%,8869
,"HAINES, AK",35.29%,-,34
,"SKAGWAY, AK",-,-,17
,"SHASTA, CA",35.08%,19.10%,9837
,"KINGS, CA",35.07%,18.16%,15543
,"HUERFANO, CO",34.88%,20.83%,1829
,"HOWARD, AR",34.84%,20.27%,1105
,"KERN, CA",34.83%,22.06%,158392
,"COCHISE, AZ",34.72%,18.38%,7377
,"FREMONT, CO",34.70%,18.01%,7729
,"SAN JOAQUIN, CA",34.67%,20.31%,123422
,"MODOC, CA",34.66%,18.02%,1232
,"APACHE, AZ",34.62%,15.17%,982
,"MESA, CO",34.39%,16.47%,58428
,"YUBA, CA",34.34%,14.41%,4392
,"MONTEREY, CA",34.33%,31.46%,146501
,"DELTA, CO",34.18%,13.11%,4087
,"WELD, CO",34.17%,19.38%,167711
,"MOHAVE, AZ",34.04%,15.13%,3675
,"LIMESTONE, AL",34.03%,17.65%,476
,"DEL NORTE, CA",33.89%,17.96%,6521
,"CLEVELAND, AR",33.86%,18.68%,1949
,"STONE, AR",33.75%,15.53%,1114
,"TEHAMA, CA",33.59%,11.77%,1155
,"LINCOLN, CO",33.53%,17.28%,677
,"FAIRFIELD, CT",33.51%,23.38%,213249
,"KODIAK ISLAND, AK",33.44%,12.86%,4052
,"DENALI, AK",-,-,30
,"PIMA, AZ",33.28%,24.39%,276477
,"MADISON, AL",33.00%,15.97%,1785
,"POLK, AR",32.95%,16.58%,1478
,"ELBERT, CO",32.77%,16.10%,9744
,"JEFFERSON, AL",32.63%,14.11%,2997
,"JACKSON, CO",32.45%,15.82%,493
,"TULARE, CA",32.29%,18.12%,40283
,"BACA, CO",32.28%,15.96%,570
,"CHEYENNE, CO",32.26%,17.74%,248
,"YUMA, CO",32.24%,15.47%,1312
,"RIVERSIDE, CA",32.18%,18.70%,507509
,"VALDEZ CORDOVA, AK",32.14%,-,56
,"TRINITY, CA",32.09%,13.55%,723
,"SANTA CRUZ, AZ",32.08%,18.07%,3310
,"HUMBOLDT, CA",32.08%,15.47%,60588
,"SANTA BARBARA, CA",32.01%,20.51%,26975
,"LAKE, CA",31.82%,18.76%,6904
,"NAPA, CA",31.32%,29.64%,22641
,"RIO BLANCO, CO",31.32%,10.71%,728
,"SHELBY, AL",31.31%,14.16%,939
,"DILLINGHAM, AK",-,-,16
,"ADAMS, CO",31.23%,15.78%,158720
,"FAIRBANKS NORTH STAR, AK",31.22%,8.54%,913
,"RIO GRANDE, CO",31.12%,18.12%,1308
,"PLUMAS, CA",30.94%,15.24%,2586
,"KIT CARSON, CO",30.69%,15.47%,782
,"GARLAND, AR",30.66%,15.97%,10682
,"CALAVERAS, CA",30.65%,13.47%,3132
,"SAN BERNARDINO, CA",30.63%,19.60%,277421
,"CONEJOS, CO",30.56%,17.32%,589
,"COSTILLA, CO",30.54%,15.15%,429
,"SIERRA, CA",30.47%,12.50%,512
,"ALAMOSA, CO",30.44%,14.38%,1314
,"SOLANO, CA",30.18%,17.96%,65391
,"MONTROSE, CO",29.74%,12.25%,3558
,"TELLER, CO",29.71%,14.42%,12687
,"SAN DIEGO, CA",29.68%,18.57%,1231550
,"KENAI PENINSULA, AK",29.61%,13.33%,510
,"EL PASO, CO",29.48%,14.54%,316490
,"KETCHIKAN GATEWAY, AK",29.45%,17.12%,146
,"PARK, CO",29.05%,14.67%,3115
,"LOS ANGELES, CA",29.04%,19.48%,499145
,"MONTGOMERY, AR",29.02%,12.63%,665
,"INYO, CA",28.99%,15.63%,1190
,"MENDOCINO, CA",28.78%,18.27%,22283
,"BAXTER, AR",28.50%,13.44%,1965
,"ARAPAHOE, CO",28.44%,15.06%,244231
,"MARIPOSA, CA",28.19%,14.44%,2196
,"DOLORES, CO",28.03%,9.09%,132
,"SONOMA, CA",27.98%,15.14%,104427
,"PINAL, AZ",27.89%,12.66%,46109
,"NORTH SLOPE, AK",-,-,36
,"SANTA CRUZ, CA",27.70%,18.44%,46338
,"SEVIER, AR",27.47%,14.94%,1165
,"MATANUSKA SUSITNA, AK",27.46%,12.28%,619
,"LARIMER, CO",27.38%,15.39%,200471
,"CUSTER, CO",27.35%,16.57%,1086
,"NEWTON, AR",27.32%,10.03%,399
,"JUNEAU, AK",27.23%,11.26%,382
,"PETERSBURG, AK",26.56%,-,64
,"CONTRA COSTA, CA",26.51%,15.14%,254675
,"SUTTER, CA",26.18%,11.18%,3354
,"JEFFERSON, CO",26.17%,12.92%,162952
,"ALAMEDA, CA",26.09%,15.06%,385279
,"MERCED, CA",25.98%,16.57%,27622
,"DOUGLAS, CO",25.92%,14.35%,152582
,"MARION, AR",25.82%,13.77%,639
,"HOONAH ANGOON, AK",-,-,31
,"DENVER, CO",25.64%,11.90%,325915
,"GLENN, CA",25.56%,6.73%,669
,"AMADOR, CA",25.34%,12.28%,2605
,"SACRAMENTO, CA",25.15%,15.60%,210024
,"NEW CASTLE, DE",25.08%,17.12%,131049
,"BROOMFIELD, CO",25.05%,13.12%,29677
,"KUSILVAK, AK",-,-,10 or fewer
,"SAGUACHE, CO",25.00%,12.22%,352
,"ORANGE, CA",24.81%,16.58%,541306
,"MONTEZUMA, CO",24.78%,13.45%,1041
,"BOONE, AR",24.60%,11.92%,1561
,"YAVAPAI, AZ",24.39%,11.28%,13867
,"LAKE, CO",23.84%,12.79%,688
,"COLUSA, CA",23.34%,7.91%,784
,"MARIN, CA",23.01%,18.42%,50870
,"SANTA CLARA, CA",22.66%,13.17%,391363
,"TUOLUMNE, CA",22.51%,14.70%,2523
,"GILPIN, CO",22.31%,11.41%,1385
,"YOLO, CA",22.26%,8.69%,34959
,"SITKA, AK",22.22%,-,99
,"GARFIELD, CO",22.03%,10.49%,4747
,"CLEAR CREEK, CO",22.01%,10.66%,1013
,"MONO, CA",21.83%,8.41%,678
,"BUTTE, CA",21.74%,6.03%,6099
,"MINERAL, CO",21.35%,-,89
,"CHAFFEE, CO",21.25%,9.82%,2231
,"SAN MATEO, CA",20.86%,13.63%,170026
,"EL DORADO, CA",20.77%,11.12%,22423
,"ARCHULETA, CO",20.38%,11.64%,687
,"SAN LUIS OBISPO, CA",20.08%,12.83%,7519
,"BOULDER, CO",19.92%,11.89%,166122
,"ANCHORAGE, AK",19.58%,7.73%,2355
,"GRAND, CO",19.19%,7.54%,2851
,"SAN JUAN, CO",-,-,37
,"STANISLAUS, CA",18.30%,11.61%,30599
,"CARROLL, AR",18.11%,9.21%,1336
,"WRANGELL, AK",-,-,28
,"SUMMIT, CO",17.66%,8.59%,3364
,"PLACER, CA",17.66%,8.38%,31297
,"SAN FRANCISCO, CA",17.52%,12.94%,204487
,"HINSDALE, CO",16.87%,-,166
,"LAKE AND PENINSULA, AK",-,-,10 or fewer
,"ROUTT, CO",16.26%,8.94%,15651
,"WASHINGTON, AR",16.16%,9.34%,26737
,"OURAY, CO",16.02%,5.03%,437
,"LA PLATA, CO",15.58%,8.66%,2253
,"GUNNISON, CO",13.98%,7.24%,5538
,"VENTURA, CA",13.68%,6.69%,24626
,"EAGLE, CO",13.67%,6.13%,3965
,"MADISON, AR",13.65%,7.87%,1436
,"COCONINO, AZ",13.22%,5.80%,6036
,"NEVADA, CA",13.12%,5.92%,4817
,"BENTON, AR",12.69%,7.30%,24136
,"PITKIN, CO",10.52%,4.04%,5143
,"SAN MIGUEL, CO",7.88%,2.42%,825
,None of the above,29.35%,18.71%,2074495
,Total,30.93%,18.59%,14434970
