Session Title,OBESITY by ICD and BMI County Age 2023,,,
Session ID,2776926,,,
Data Model,Patients,,,
Population Base,All Patients,,,
Population Criteria Filters: These criteria are a summary and do not fully reflect the content of the exported session.,State of Residence (U.S.): States WA_WY,Has Any Encounters?,Base Patient,
Session Date Range,1/1/2023 - 12/31/2023,,,
Export User,Stephanie Perniciaro,,,
Date of Export,11/14/2025,,,
,,,,
,,,,
,Measures,BMI 30+ (%),OBESITY (%),Number of Patients
Age at Encounter in Years,County of Residence,,,
Less than 18 Years,"PLEASANTS, WV",7.51%,3.07%,586
,"WIRT, WV",11.31%,4.29%,513
,"TYLER, WV",8.70%,5.39%,965
,"DODDRIDGE, WV",8.60%,4.66%,686
,"RITCHIE, WV",8.26%,2.86%,944
,"WEBSTER, WV",11.20%,3.67%,491
,"WETZEL, WV",9.94%,4.59%,2486
,"BARBOUR, WV",7.50%,3.23%,1240
,"TAYLOR, WV",9.78%,3.90%,1718
,"WOOD, WV",8.71%,3.60%,9896
,"CALHOUN, WV",7.14%,-,294
,"MARINETTE, WI",8.08%,3.99%,6796
,"MINGO, WV",11.47%,4.66%,558
,"RANDOLPH, WV",8.26%,2.73%,1211
,"HARRISON, WV",9.25%,5.00%,11248
,"MARION, WV",9.07%,3.31%,8680
,"BRAXTON, WV",12.31%,6.90%,1348
,"LEWIS, WV",7.89%,3.87%,2015
,"GILMER, WV",6.41%,3.08%,390
,"OCONTO, WI",7.04%,4.01%,6191
,"SHAWANO, WI",8.01%,4.72%,3495
,"NICHOLAS, WV",8.72%,3.26%,1903
,"MARSHALL, WV",10.27%,6.54%,4634
,"BURNETT, WI",8.61%,-,488
,"KEWAUNEE, WI",6.94%,3.66%,3471
,"JACKSON, WV",9.80%,3.60%,4225
,"MANITOWOC, WI",7.30%,4.85%,10815
,"WAUSHARA, WI",7.94%,5.17%,1411
,"PRESTON, WV",7.59%,4.03%,3450
,"MINERAL, WV",8.67%,3.68%,2825
,"MENOMINEE, WI",8.01%,6.01%,649
,"UPSHUR, WV",8.64%,3.10%,3414
,"ROANE, WV",8.88%,3.72%,349
,"MARQUETTE, WI",7.42%,2.81%,889
,"WASHBURN, WI",9.67%,4.75%,1241
,"GOSHEN, WY",-,-,208
,"FLORENCE, WI",5.28%,-,284
,"DOUGLAS, WI",7.44%,7.12%,5899
,"TUCKER, WV",6.34%,3.75%,347
,"WAUPACA, WI",8.71%,5.40%,2354
,"SHEBOYGAN, WI",6.46%,4.05%,18776
,"BERKELEY, WV",7.11%,4.86%,20502
,"DOOR, WI",7.69%,2.93%,1743
,"GREEN LAKE, WI",6.56%,3.03%,991
,"OHIO, WV",7.66%,4.59%,6361
,"PENDLETON, WV",5.13%,-,390
,"WALWORTH, WI",6.80%,3.96%,13807
,"BROOKE, WV",8.30%,2.63%,1409
,"ROCK, WI",6.98%,3.84%,19344
,"FAYETTE, WV",6.01%,2.25%,932
,"RUSK, WI",8.28%,3.26%,797
,"ADAMS, WI",8.39%,4.10%,1121
,"GRANT, WA",7.33%,8.28%,9712
,"WINNEBAGO, WI",6.30%,2.57%,14183
,"NIOBRARA, WY",-,-,17
,"FOREST, WI",-,-,187
,"ADAMS, WA",4.34%,4.72%,530
,"DODGE, WI",6.50%,2.50%,6953
,"RACINE, WI",5.95%,3.14%,24313
,"BROWN, WI",6.74%,4.35%,53993
,"LOGAN, WV",9.76%,5.80%,379
,"JEFFERSON, WV",6.62%,5.54%,8697
,"PLATTE, WY",-,-,260
,"CHIPPEWA, WI",5.47%,2.30%,4879
,"PIERCE, WI",6.99%,4.96%,1675
,"FOND DU LAC, WI",6.42%,3.31%,7366
,"CALUMET, WI",5.68%,3.01%,3417
,"COLUMBIA, WA",-,-,10 or fewer
,"GRANT, WI",7.49%,2.46%,2442
,"JUNEAU, WI",6.30%,2.13%,2062
,"POLK, WI",5.33%,2.44%,657
,"PRICE, WI",-,-,169
,"KENOSHA, WI",6.42%,3.49%,25616
,"CRAWFORD, WI",5.66%,2.25%,1377
,"RALEIGH, WV",9.24%,4.18%,909
,"LANGLADE, WI",6.39%,-,266
,"MCDOWELL, WV",5.52%,-,489
,"LINCOLN, WY",5.89%,-,1561
,"BUFFALO, WI",6.46%,2.89%,1176
,"BAYFIELD, WI",5.36%,3.33%,1232
,"JEFFERSON, WI",5.31%,2.85%,5254
,"ASHLAND, WI",7.00%,3.38%,1628
,"TREMPEALEAU, WI",6.05%,1.83%,4036
,"MONROE, WI",6.36%,2.68%,5531
,"VILAS, WI",-,-,101
,"WAYNE, WV",10.73%,4.38%,3858
,"MONONGALIA, WV",5.92%,3.43%,12941
,"WAHKIAKUM, WA",8.41%,-,214
,"MASON, WV",9.58%,2.40%,1294
,"GREENBRIER, WV",5.82%,3.12%,481
,"LINCOLN, WA",-,-,51
,"LARAMIE, WY",4.37%,2.78%,13508
,"SAWYER, WI",7.10%,2.79%,1578
,"TAYLOR, WI",-,-,148
,"OUTAGAMIE, WI",5.81%,3.21%,13668
,"LINCOLN, WV",10.31%,4.10%,805
,"IRON, WI",6.18%,-,259
,"SKAGIT, WA",8.45%,10.08%,12716
,"MORGAN, WV",6.60%,3.65%,1591
,"VERNON, WI",4.56%,1.79%,3571
,"COLUMBIA, WI",5.60%,1.99%,4468
,"SAINT CROIX, WI",4.35%,3.72%,1425
,"ISLAND, WA",5.09%,2.71%,1552
,"CABELL, WV",9.35%,2.82%,7907
,"MILWAUKEE, WI",7.72%,7.29%,147860
,"SKAMANIA, WA",7.30%,4.60%,891
,"HANCOCK, WV",6.86%,1.61%,1677
,"EAU CLAIRE, WI",5.72%,2.79%,7309
,"GRANT, WV",6.59%,2.83%,743
,"GRAYS HARBOR, WA",-,-,65
,"BARRON, WI",4.50%,2.34%,1712
,"DUNN, WI",6.34%,2.92%,1436
,"CLARK, WI",3.13%,2.43%,575
,"ONEIDA, WI",-,-,209
,"DOUGLAS, WA",5.96%,6.97%,6528
,"WASHINGTON, WI",4.46%,2.18%,15366
,"SWEETWATER, WY",1.51%,-,729
,"MERCER, WV",5.96%,1.71%,4797
,"FERRY, WA",-,-,26
,"LA CROSSE, WI",4.78%,1.50%,15550
,"LINCOLN, WI",3.83%,-,287
,"WOOD, WI",5.67%,2.36%,847
,"PUTNAM, WV",6.51%,2.04%,2690
,"FRANKLIN, WA",-,-,115
,"GREEN, WI",5.43%,2.58%,2559
,"ASOTIN, WA",-,-,18
,"SUMMERS, WV",-,-,187
,"OKANOGAN, WA",6.58%,5.68%,4821
,"PEPIN, WI",5.68%,3.79%,475
,"SAUK, WI",5.57%,2.70%,2370
,"IOWA, WI",5.72%,2.13%,1172
,"HARDY, WV",7.09%,2.41%,663
,"KITTITAS, WA",6.94%,2.80%,749
,"UINTA, WY",4.03%,-,1240
,"BOONE, WV",8.08%,3.84%,495
,"CHELAN, WA",5.93%,6.17%,10392
,"CARBON, WY",5.50%,3.14%,509
,"POCAHONTAS, WV",8.62%,-,232
,"COWLITZ, WA",5.81%,2.85%,6131
,"PACIFIC, WA",9.73%,2.97%,370
,"WESTON, WY",2.97%,-,404
,"CLAY, WV",8.49%,4.63%,518
,"RICHLAND, WI",5.25%,1.89%,953
,"HOT SPRINGS, WY",-,-,35
,"KANAWHA, WV",7.39%,2.46%,4882
,"LAFAYETTE, WI",3.00%,2.31%,866
,"BENTON, WA",4.46%,-,269
,"CAMPBELL, WY",4.76%,4.26%,399
,"CLALLAM, WA",-,-,52
,"CONVERSE, WY",-,-,115
,"STEVENS, WA",-,-,23
,"HAMPSHIRE, WV",6.90%,2.80%,1392
,"MARATHON, WI",4.46%,3.30%,1725
,"JACKSON, WI",5.07%,1.97%,1577
,"KLICKITAT, WA",7.59%,6.69%,1659
,"MONROE, WV",7.50%,-,360
,"YAKIMA, WA",6.94%,3.49%,9447
,"LEWIS, WA",4.92%,-,366
,"WHITMAN, WA",-,-,47
,"SPOKANE, WA",5.87%,4.11%,341
,"OZAUKEE, WI",2.86%,1.56%,14595
,"PIERCE, WA",3.54%,2.43%,4436
,"SUBLETTE, WY",-,-,98
,"FREMONT, WY",7.73%,4.42%,453
,"WAUKESHA, WI",3.29%,1.68%,50461
,"PORTAGE, WI",4.65%,3.16%,1076
,"SNOHOMISH, WA",5.01%,2.88%,16473
,"NATRONA, WY",6.63%,5.57%,664
,"DANE, WI",4.18%,2.17%,76448
,"BIG HORN, WY",5.49%,-,255
,"PARK, WY",3.26%,-,1198
,"WALLA WALLA, WA",-,-,71
,"CROOK, WY",-,-,301
,"ALBANY, WY",2.89%,1.70%,3109
,"MASON, WA",-,-,74
,"WASHAKIE, WY",-,-,101
,"PEND OREILLE, WA",-,-,11
,"JOHNSON, WY",-,-,51
,"KING, WA",4.21%,2.62%,76082
,"SHERIDAN, WY",-,-,203
,"JEFFERSON, WA",-,-,19
,"CLARK, WA",3.75%,2.01%,39390
,"WYOMING, WV",4.27%,3.02%,398
,"GARFIELD, WA",-,-,10 or fewer
,"KITSAP, WA",-,-,427
,"THURSTON, WA",4.90%,2.80%,714
,"SAN JUAN, WA",11.02%,15.25%,118
,"WHATCOM, WA",4.45%,2.34%,4362
,"TETON, WY",-,-,202
,None of the above,5.03%,2.40%,58940
,Total,6.04%,3.80%,1087841
≥ 18 and < 25 Years,"PLEASANTS, WV",38.33%,15.42%,240
,"WIRT, WV",43.81%,15.93%,226
,"TYLER, WV",43.61%,18.03%,305
,"DODDRIDGE, WV",46.18%,21.45%,275
,"RITCHIE, WV",38.46%,16.24%,351
,"WEBSTER, WV",44.77%,14.64%,239
,"WETZEL, WV",42.84%,20.82%,831
,"BARBOUR, WV",43.41%,16.63%,493
,"TAYLOR, WV",41.74%,16.52%,678
,"WOOD, WV",39.20%,15.32%,4222
,"CALHOUN, WV",38.89%,14.29%,126
,"MARINETTE, WI",36.01%,11.72%,2227
,"MINGO, WV",39.45%,19.88%,327
,"RANDOLPH, WV",34.64%,14.85%,586
,"HARRISON, WV",38.34%,15.67%,4001
,"MARION, WV",38.30%,12.35%,3230
,"BRAXTON, WV",32.36%,17.90%,581
,"LEWIS, WV",37.65%,16.73%,741
,"GILMER, WV",34.39%,12.74%,157
,"OCONTO, WI",30.40%,9.85%,1918
,"SHAWANO, WI",31.89%,10.74%,1201
,"NICHOLAS, WV",33.95%,12.47%,866
,"MARSHALL, WV",38.82%,15.26%,1579
,"BURNETT, WI",31.37%,9.80%,204
,"KEWAUNEE, WI",29.23%,9.36%,1122
,"JACKSON, WV",39.81%,17.13%,1442
,"MANITOWOC, WI",30.69%,10.84%,3855
,"WAUSHARA, WI",28.43%,10.12%,415
,"PRESTON, WV",38.06%,14.87%,1022
,"MINERAL, WV",33.17%,8.84%,1052
,"MENOMINEE, WI",38.89%,7.41%,162
,"UPSHUR, WV",36.03%,13.83%,1410
,"ROANE, WV",39.02%,10.98%,164
,"MARQUETTE, WI",28.28%,9.91%,343
,"WASHBURN, WI",29.61%,16.31%,466
,"GOSHEN, WY",32.84%,-,67
,"FLORENCE, WI",32.99%,-,97
,"DOUGLAS, WI",31.93%,15.82%,2440
,"TUCKER, WV",35.77%,16.26%,123
,"WAUPACA, WI",30.09%,13.98%,658
,"SHEBOYGAN, WI",27.95%,10.78%,6816
,"BERKELEY, WV",34.97%,13.92%,7034
,"DOOR, WI",29.51%,7.28%,810
,"GREEN LAKE, WI",28.83%,10.51%,333
,"OHIO, WV",31.23%,12.26%,2203
,"PENDLETON, WV",26.90%,11.03%,145
,"WALWORTH, WI",28.32%,11.17%,5391
,"BROOKE, WV",30.54%,10.58%,501
,"ROCK, WI",30.89%,12.77%,7242
,"FAYETTE, WV",31.86%,9.46%,317
,"RUSK, WI",30.29%,12.45%,241
,"ADAMS, WI",28.16%,5.97%,419
,"GRANT, WA",32.28%,11.18%,2915
,"WINNEBAGO, WI",27.00%,10.16%,5952
,"NIOBRARA, WY",-,-,10 or fewer
,"FOREST, WI",-,-,62
,"ADAMS, WA",30.19%,-,159
,"DODGE, WI",27.26%,8.22%,2410
,"RACINE, WI",29.62%,9.35%,7820
,"BROWN, WI",28.45%,9.58%,19340
,"LOGAN, WV",36.84%,11.70%,171
,"JEFFERSON, WV",30.68%,11.51%,3015
,"PLATTE, WY",35.62%,-,73
,"CHIPPEWA, WI",27.64%,7.06%,1856
,"PIERCE, WI",22.03%,11.65%,790
,"FOND DU LAC, WI",27.79%,11.51%,2832
,"CALUMET, WI",25.20%,8.97%,1226
,"COLUMBIA, WA",-,-,10 or fewer
,"GRANT, WI",28.59%,7.66%,1018
,"JUNEAU, WI",26.71%,9.43%,700
,"POLK, WI",21.45%,10.57%,331
,"PRICE, WI",18.09%,-,94
,"KENOSHA, WI",29.74%,10.08%,7787
,"CRAWFORD, WI",23.14%,5.65%,566
,"RALEIGH, WV",25.60%,7.97%,414
,"LANGLADE, WI",22.50%,-,120
,"MCDOWELL, WV",37.00%,6.00%,200
,"LINCOLN, WY",23.82%,3.47%,403
,"BUFFALO, WI",25.79%,6.33%,442
,"BAYFIELD, WI",25.31%,10.28%,399
,"JEFFERSON, WI",23.21%,9.06%,1986
,"ASHLAND, WI",32.18%,9.03%,609
,"TREMPEALEAU, WI",24.39%,7.96%,1357
,"MONROE, WI",27.32%,10.38%,1695
,"VILAS, WI",17.14%,-,70
,"WAYNE, WV",40.87%,14.74%,1079
,"MONONGALIA, WV",30.39%,11.06%,6962
,"WAHKIAKUM, WA",21.00%,-,100
,"MASON, WV",39.65%,15.74%,343
,"GREENBRIER, WV",25.00%,7.21%,208
,"LINCOLN, WA",-,-,24
,"LARAMIE, WY",29.28%,9.77%,3736
,"SAWYER, WI",27.45%,8.00%,550
,"TAYLOR, WI",22.78%,-,79
,"OUTAGAMIE, WI",26.40%,9.11%,5019
,"LINCOLN, WV",36.61%,8.48%,224
,"IRON, WI",22.08%,-,77
,"SKAGIT, WA",31.44%,8.50%,4870
,"MORGAN, WV",33.86%,14.31%,573
,"VERNON, WI",20.71%,6.51%,1183
,"COLUMBIA, WI",20.33%,6.43%,1820
,"SAINT CROIX, WI",17.28%,9.31%,677
,"ISLAND, WA",24.20%,6.05%,876
,"CABELL, WV",34.34%,10.80%,2592
,"MILWAUKEE, WI",30.55%,13.80%,42859
,"SKAMANIA, WA",35.78%,10.29%,204
,"HANCOCK, WV",29.38%,8.01%,337
,"EAU CLAIRE, WI",26.01%,7.75%,2995
,"GRANT, WV",28.85%,5.45%,312
,"GRAYS HARBOR, WA",15.38%,-,91
,"BARRON, WI",26.06%,6.69%,568
,"DUNN, WI",22.40%,4.55%,1143
,"CLARK, WI",20.89%,4.89%,225
,"ONEIDA, WI",11.63%,-,129
,"DOUGLAS, WA",25.69%,10.31%,2036
,"WASHINGTON, WI",21.16%,7.21%,5185
,"SWEETWATER, WY",19.32%,-,264
,"MERCER, WV",30.21%,7.71%,2049
,"FERRY, WA",-,-,10 or fewer
,"LA CROSSE, WI",20.12%,6.46%,6964
,"LINCOLN, WI",18.63%,-,102
,"WOOD, WI",22.83%,8.96%,346
,"PUTNAM, WV",27.95%,8.13%,787
,"FRANKLIN, WA",19.75%,-,81
,"GREEN, WI",19.74%,6.88%,1018
,"ASOTIN, WA",-,-,20
,"SUMMERS, WV",31.88%,-,69
,"OKANOGAN, WA",28.48%,10.03%,1306
,"PEPIN, WI",23.72%,-,156
,"SAUK, WI",19.91%,6.78%,929
,"IOWA, WI",19.08%,9.43%,456
,"HARDY, WV",25.33%,8.67%,300
,"KITTITAS, WA",20.22%,6.24%,465
,"UINTA, WY",20.53%,-,263
,"BOONE, WV",32.26%,8.87%,124
,"CHELAN, WA",25.60%,9.20%,3597
,"CARBON, WY",27.84%,12.50%,176
,"POCAHONTAS, WV",21.99%,10.64%,141
,"COWLITZ, WA",28.58%,8.15%,2208
,"PACIFIC, WA",22.16%,-,176
,"WESTON, WY",22.99%,-,87
,"CLAY, WV",27.46%,7.75%,284
,"RICHLAND, WI",24.75%,6.62%,408
,"HOT SPRINGS, WY",-,-,18
,"KANAWHA, WV",27.50%,10.11%,1691
,"LAFAYETTE, WI",19.91%,8.41%,226
,"BENTON, WA",20.64%,-,218
,"CAMPBELL, WY",18.78%,6.63%,181
,"CLALLAM, WA",19.48%,-,77
,"CONVERSE, WY",-,-,44
,"STEVENS, WA",-,-,24
,"HAMPSHIRE, WV",27.47%,10.83%,517
,"MARATHON, WI",18.35%,7.51%,692
,"JACKSON, WI",22.66%,6.93%,534
,"KLICKITAT, WA",26.73%,14.06%,434
,"MONROE, WV",28.91%,-,128
,"YAKIMA, WA",36.30%,12.56%,1226
,"LEWIS, WA",25.84%,6.74%,178
,"WHITMAN, WA",13.82%,-,152
,"SPOKANE, WA",19.00%,6.11%,458
,"OZAUKEE, WI",18.18%,7.47%,3911
,"PIERCE, WA",18.56%,6.09%,2727
,"SUBLETTE, WY",-,-,38
,"FREMONT, WY",25.00%,-,116
,"WAUKESHA, WI",17.37%,6.13%,12305
,"PORTAGE, WI",21.03%,5.82%,447
,"SNOHOMISH, WA",21.03%,5.81%,7869
,"NATRONA, WY",20.09%,8.55%,234
,"DANE, WI",16.72%,5.80%,39708
,"BIG HORN, WY",22.64%,-,106
,"PARK, WY",16.60%,2.86%,524
,"WALLA WALLA, WA",-,-,57
,"CROOK, WY",20.43%,-,93
,"ALBANY, WY",18.00%,5.94%,1600
,"MASON, WA",-,-,94
,"WASHAKIE, WY",-,-,35
,"PEND OREILLE, WA",-,-,10 or fewer
,"JOHNSON, WY",-,-,27
,"KING, WA",16.33%,4.84%,40039
,"SHERIDAN, WY",15.60%,-,109
,"JEFFERSON, WA",-,-,29
,"CLARK, WA",17.90%,6.26%,11324
,"WYOMING, WV",25.19%,-,135
,"GARFIELD, WA",-,-,10 or fewer
,"KITSAP, WA",14.55%,4.10%,536
,"THURSTON, WA",12.18%,3.96%,632
,"SAN JUAN, WA",-,-,68
,"WHATCOM, WA",15.83%,6.93%,3090
,"TETON, WY",-,-,114
,None of the above,15.14%,5.09%,19548
,Total,24.94%,9.00%,400895
≥ 25 and < 35 Years,"PLEASANTS, WV",59.39%,33.33%,330
,"WIRT, WV",61.96%,26.09%,276
,"TYLER, WV",57.31%,29.22%,438
,"DODDRIDGE, WV",61.43%,33.06%,363
,"RITCHIE, WV",61.22%,27.64%,539
,"WEBSTER, WV",56.79%,24.07%,324
,"WETZEL, WV",58.02%,31.74%,1172
,"BARBOUR, WV",56.86%,23.27%,795
,"TAYLOR, WV",55.97%,26.77%,904
,"WOOD, WV",52.74%,24.54%,6259
,"CALHOUN, WV",61.75%,22.95%,183
,"MARINETTE, WI",50.09%,21.31%,3370
,"MINGO, WV",52.31%,29.74%,390
,"RANDOLPH, WV",51.70%,24.89%,880
,"HARRISON, WV",53.13%,24.28%,5716
,"MARION, WV",52.13%,23.88%,4882
,"BRAXTON, WV",50.67%,31.58%,896
,"LEWIS, WV",49.57%,23.75%,1162
,"GILMER, WV",53.07%,26.32%,228
,"OCONTO, WI",49.31%,20.38%,2811
,"SHAWANO, WI",49.13%,22.56%,1791
,"NICHOLAS, WV",48.39%,20.11%,1273
,"MARSHALL, WV",52.21%,25.37%,2239
,"BURNETT, WI",49.50%,19.06%,299
,"KEWAUNEE, WI",49.83%,21.05%,1501
,"JACKSON, WV",52.52%,25.80%,1864
,"MANITOWOC, WI",49.48%,22.65%,6057
,"WAUSHARA, WI",45.44%,22.17%,636
,"PRESTON, WV",54.87%,25.21%,1706
,"MINERAL, WV",46.21%,16.71%,1478
,"MENOMINEE, WI",56.72%,20.60%,335
,"UPSHUR, WV",47.71%,23.99%,1876
,"ROANE, WV",50.71%,26.07%,211
,"MARQUETTE, WI",36.19%,16.06%,467
,"WASHBURN, WI",50.34%,28.18%,582
,"GOSHEN, WY",42.05%,17.05%,88
,"FLORENCE, WI",49.23%,18.46%,130
,"DOUGLAS, WI",46.29%,25.91%,3720
,"TUCKER, WV",50.88%,24.12%,228
,"WAUPACA, WI",45.26%,22.76%,1107
,"SHEBOYGAN, WI",44.58%,21.35%,10258
,"BERKELEY, WV",48.37%,23.64%,11622
,"DOOR, WI",40.93%,16.40%,1207
,"GREEN LAKE, WI",47.67%,24.39%,451
,"OHIO, WV",45.43%,21.24%,3018
,"PENDLETON, WV",42.47%,16.89%,219
,"WALWORTH, WI",46.18%,23.19%,6762
,"BROOKE, WV",48.50%,22.12%,565
,"ROCK, WI",45.85%,23.95%,10654
,"FAYETTE, WV",48.20%,19.59%,388
,"RUSK, WI",38.79%,14.25%,379
,"ADAMS, WI",37.77%,16.26%,609
,"GRANT, WA",48.72%,17.72%,4351
,"WINNEBAGO, WI",44.21%,23.00%,9069
,"NIOBRARA, WY",-,-,10 or fewer
,"FOREST, WI",36.27%,20.59%,102
,"ADAMS, WA",40.23%,10.34%,261
,"DODGE, WI",41.67%,17.45%,3237
,"RACINE, WI",47.33%,20.51%,11854
,"BROWN, WI",45.04%,19.46%,27926
,"LOGAN, WV",39.18%,13.92%,194
,"JEFFERSON, WV",45.13%,20.17%,4075
,"PLATTE, WY",33.04%,14.29%,112
,"CHIPPEWA, WI",46.59%,14.07%,2687
,"PIERCE, WI",40.64%,23.98%,684
,"FOND DU LAC, WI",45.21%,23.61%,3922
,"CALUMET, WI",44.58%,18.74%,1745
,"COLUMBIA, WA",-,-,10 or fewer
,"GRANT, WI",39.73%,15.59%,1392
,"JUNEAU, WI",40.45%,17.96%,1058
,"POLK, WI",43.99%,20.43%,416
,"PRICE, WI",40.25%,-,159
,"KENOSHA, WI",48.18%,22.34%,10730
,"CRAWFORD, WI",37.32%,12.75%,753
,"RALEIGH, WV",44.57%,14.09%,433
,"LANGLADE, WI",42.86%,23.57%,140
,"MCDOWELL, WV",39.82%,12.77%,329
,"LINCOLN, WY",41.00%,7.50%,600
,"BUFFALO, WI",44.64%,19.29%,560
,"BAYFIELD, WI",40.67%,20.10%,627
,"JEFFERSON, WI",39.97%,18.76%,2932
,"ASHLAND, WI",41.14%,16.74%,914
,"TREMPEALEAU, WI",43.56%,16.61%,1981
,"MONROE, WI",41.76%,20.75%,2675
,"VILAS, WI",28.75%,13.75%,80
,"WAYNE, WV",52.16%,20.72%,1390
,"MONONGALIA, WV",42.53%,18.52%,9442
,"WAHKIAKUM, WA",43.17%,17.99%,139
,"MASON, WV",47.52%,15.14%,383
,"GREENBRIER, WV",43.32%,13.36%,217
,"LINCOLN, WA",32.35%,-,34
,"LARAMIE, WY",44.39%,17.35%,6092
,"SAWYER, WI",39.46%,15.17%,745
,"TAYLOR, WI",43.24%,11.71%,111
,"OUTAGAMIE, WI",41.23%,18.17%,7667
,"LINCOLN, WV",48.80%,16.49%,291
,"IRON, WI",46.02%,16.81%,113
,"SKAGIT, WA",43.34%,14.27%,7787
,"MORGAN, WV",46.67%,22.85%,827
,"VERNON, WI",39.16%,15.84%,1591
,"COLUMBIA, WI",37.06%,17.45%,2636
,"SAINT CROIX, WI",37.59%,21.62%,814
,"ISLAND, WA",38.25%,11.97%,1872
,"CABELL, WV",47.20%,14.76%,3625
,"MILWAUKEE, WI",43.39%,22.49%,64499
,"SKAMANIA, WA",42.33%,15.34%,378
,"HANCOCK, WV",49.72%,23.45%,354
,"EAU CLAIRE, WI",43.24%,14.21%,4075
,"GRANT, WV",33.46%,11.53%,529
,"GRAYS HARBOR, WA",30.50%,9.93%,141
,"BARRON, WI",43.57%,12.99%,824
,"DUNN, WI",43.15%,14.04%,876
,"CLARK, WI",39.16%,9.94%,332
,"ONEIDA, WI",17.83%,8.53%,129
,"DOUGLAS, WA",40.09%,18.46%,3288
,"WASHINGTON, WI",39.73%,18.97%,6327
,"SWEETWATER, WY",34.17%,13.07%,398
,"MERCER, WV",39.31%,12.10%,2910
,"FERRY, WA",-,-,18
,"LA CROSSE, WI",36.27%,15.99%,9383
,"LINCOLN, WI",36.22%,17.32%,127
,"WOOD, WI",41.71%,16.83%,398
,"PUTNAM, WV",47.63%,17.38%,886
,"FRANKLIN, WA",46.81%,13.83%,94
,"GREEN, WI",35.53%,18.31%,1382
,"ASOTIN, WA",-,-,14
,"SUMMERS, WV",31.91%,-,94
,"OKANOGAN, WA",40.35%,15.52%,1985
,"PEPIN, WI",35.38%,12.69%,260
,"SAUK, WI",33.31%,16.11%,1564
,"IOWA, WI",33.99%,16.73%,759
,"HARDY, WV",35.65%,12.73%,432
,"KITTITAS, WA",31.14%,9.82%,774
,"UINTA, WY",35.57%,10.39%,433
,"BOONE, WV",51.75%,25.44%,114
,"CHELAN, WA",36.64%,16.05%,5620
,"CARBON, WY",38.46%,14.74%,312
,"POCAHONTAS, WV",35.42%,16.67%,192
,"COWLITZ, WA",39.16%,12.75%,4070
,"PACIFIC, WA",35.23%,11.74%,298
,"WESTON, WY",33.59%,-,131
,"CLAY, WV",31.04%,13.74%,393
,"RICHLAND, WI",28.63%,14.52%,496
,"HOT SPRINGS, WY",-,-,23
,"KANAWHA, WV",41.42%,15.42%,1842
,"LAFAYETTE, WI",33.79%,18.53%,367
,"BENTON, WA",31.17%,13.55%,369
,"CAMPBELL, WY",29.52%,13.22%,227
,"CLALLAM, WA",24.41%,11.02%,127
,"CONVERSE, WY",26.53%,-,49
,"STEVENS, WA",-,-,34
,"HAMPSHIRE, WV",34.86%,15.41%,740
,"MARATHON, WI",37.76%,17.37%,829
,"JACKSON, WI",35.21%,14.85%,943
,"KLICKITAT, WA",30.76%,15.45%,764
,"MONROE, WV",37.70%,10.38%,183
,"YAKIMA, WA",51.64%,22.65%,1435
,"LEWIS, WA",36.42%,15.74%,324
,"WHITMAN, WA",29.36%,16.51%,109
,"SPOKANE, WA",26.68%,12.63%,491
,"OZAUKEE, WI",34.02%,18.39%,4736
,"PIERCE, WA",29.48%,11.49%,6058
,"SUBLETTE, WY",22.22%,-,72
,"FREMONT, WY",28.47%,9.72%,144
,"WAUKESHA, WI",35.40%,16.21%,14874
,"PORTAGE, WI",30.72%,14.23%,485
,"SNOHOMISH, WA",27.54%,10.18%,18772
,"NATRONA, WY",36.79%,14.62%,212
,"DANE, WI",27.41%,12.78%,60519
,"BIG HORN, WY",27.40%,-,146
,"PARK, WY",30.24%,6.23%,883
,"WALLA WALLA, WA",25.86%,-,58
,"CROOK, WY",29.01%,-,131
,"ALBANY, WY",28.41%,11.57%,1728
,"MASON, WA",15.34%,-,176
,"WASHAKIE, WY",32.56%,-,43
,"PEND OREILLE, WA",-,-,10 or fewer
,"JOHNSON, WY",-,-,32
,"KING, WA",22.37%,8.08%,87242
,"SHERIDAN, WY",31.31%,11.11%,99
,"JEFFERSON, WA",-,-,54
,"CLARK, WA",25.91%,11.38%,18689
,"WYOMING, WV",27.33%,-,150
,"GARFIELD, WA",-,-,10 or fewer
,"KITSAP, WA",20.83%,7.27%,1018
,"THURSTON, WA",17.64%,7.86%,1196
,"SAN JUAN, WA",18.40%,-,125
,"WHATCOM, WA",22.50%,11.74%,4337
,"TETON, WY",16.33%,-,147
,None of the above,21.89%,9.88%,30987
,Total,36.74%,16.36%,624691
≥ 35 and < 45 Years,"PLEASANTS, WV",58.13%,31.20%,375
,"WIRT, WV",58.36%,24.38%,365
,"TYLER, WV",62.66%,38.46%,533
,"DODDRIDGE, WV",59.27%,35.34%,464
,"RITCHIE, WV",60.49%,28.36%,610
,"WEBSTER, WV",57.89%,23.56%,399
,"WETZEL, WV",62.97%,34.50%,1110
,"BARBOUR, WV",58.57%,26.66%,799
,"TAYLOR, WV",60.10%,29.85%,1005
,"WOOD, WV",56.20%,28.60%,6902
,"CALHOUN, WV",55.81%,22.47%,267
,"MARINETTE, WI",57.52%,29.07%,3983
,"MINGO, WV",56.34%,28.27%,513
,"RANDOLPH, WV",55.68%,21.50%,986
,"HARRISON, WV",56.14%,28.80%,6514
,"MARION, WV",56.08%,26.62%,4888
,"BRAXTON, WV",55.02%,36.30%,967
,"LEWIS, WV",56.58%,24.88%,1246
,"GILMER, WV",58.82%,26.67%,255
,"OCONTO, WI",55.79%,25.27%,3621
,"SHAWANO, WI",55.62%,30.18%,1985
,"NICHOLAS, WV",51.77%,25.42%,1609
,"MARSHALL, WV",56.00%,27.87%,2332
,"BURNETT, WI",55.47%,24.82%,411
,"KEWAUNEE, WI",55.07%,28.91%,1923
,"JACKSON, WV",59.17%,33.12%,2153
,"MANITOWOC, WI",52.90%,27.43%,6707
,"WAUSHARA, WI",54.55%,29.55%,748
,"PRESTON, WV",56.14%,24.52%,1815
,"MINERAL, WV",54.36%,22.27%,1558
,"MENOMINEE, WI",62.35%,17.90%,324
,"UPSHUR, WV",51.22%,28.52%,2128
,"ROANE, WV",54.90%,23.92%,255
,"MARQUETTE, WI",43.57%,19.82%,661
,"WASHBURN, WI",51.37%,32.77%,769
,"GOSHEN, WY",47.73%,27.27%,132
,"FLORENCE, WI",51.40%,24.02%,179
,"DOUGLAS, WI",52.00%,32.73%,3902
,"TUCKER, WV",46.36%,16.86%,261
,"WAUPACA, WI",51.61%,27.69%,1116
,"SHEBOYGAN, WI",50.47%,28.54%,11319
,"BERKELEY, WV",52.93%,26.89%,12238
,"DOOR, WI",46.99%,21.55%,1545
,"GREEN LAKE, WI",49.24%,25.38%,461
,"OHIO, WV",49.41%,24.32%,3783
,"PENDLETON, WV",44.49%,18.63%,263
,"WALWORTH, WI",50.92%,27.30%,7773
,"BROOKE, WV",49.54%,22.45%,646
,"ROCK, WI",51.01%,28.87%,11102
,"FAYETTE, WV",53.13%,22.20%,527
,"RUSK, WI",48.68%,22.25%,454
,"ADAMS, WI",47.20%,19.91%,678
,"GRANT, WA",51.31%,21.97%,4683
,"WINNEBAGO, WI",50.44%,29.17%,8957
,"NIOBRARA, WY",-,-,23
,"FOREST, WI",44.68%,26.60%,94
,"ADAMS, WA",52.00%,19.20%,250
,"DODGE, WI",48.44%,20.04%,3757
,"RACINE, WI",53.01%,25.39%,12296
,"BROWN, WI",50.74%,25.50%,29862
,"LOGAN, WV",46.72%,21.83%,229
,"JEFFERSON, WV",50.11%,24.79%,4993
,"PLATTE, WY",43.48%,18.84%,138
,"CHIPPEWA, WI",50.02%,16.87%,3249
,"PIERCE, WI",48.00%,37.00%,900
,"FOND DU LAC, WI",50.20%,26.79%,4207
,"CALUMET, WI",49.24%,24.39%,1915
,"COLUMBIA, WA",-,-,10 or fewer
,"GRANT, WI",45.07%,18.82%,1520
,"JUNEAU, WI",45.50%,19.91%,1266
,"POLK, WI",46.64%,23.63%,491
,"PRICE, WI",41.44%,10.50%,181
,"KENOSHA, WI",53.75%,25.33%,11202
,"CRAWFORD, WI",42.81%,17.10%,918
,"RALEIGH, WV",50.09%,17.05%,563
,"LANGLADE, WI",44.74%,23.68%,152
,"MCDOWELL, WV",44.01%,14.91%,409
,"LINCOLN, WY",44.53%,13.97%,759
,"BUFFALO, WI",47.55%,21.76%,694
,"BAYFIELD, WI",43.84%,21.98%,860
,"JEFFERSON, WI",47.25%,22.09%,3418
,"ASHLAND, WI",47.20%,22.22%,1017
,"TREMPEALEAU, WI",43.92%,17.46%,2131
,"MONROE, WI",47.32%,25.66%,2931
,"VILAS, WI",35.48%,22.58%,93
,"WAYNE, WV",54.57%,23.97%,1268
,"MONONGALIA, WV",49.02%,23.94%,8295
,"WAHKIAKUM, WA",52.44%,21.95%,164
,"MASON, WV",54.70%,25.00%,468
,"GREENBRIER, WV",49.43%,21.89%,265
,"LINCOLN, WA",39.66%,-,58
,"LARAMIE, WY",49.48%,22.75%,6449
,"SAWYER, WI",46.46%,21.48%,945
,"TAYLOR, WI",49.52%,17.14%,105
,"OUTAGAMIE, WI",48.42%,23.74%,7935
,"LINCOLN, WV",49.83%,24.09%,303
,"IRON, WI",44.29%,20.00%,140
,"SKAGIT, WA",44.78%,16.64%,7895
,"MORGAN, WV",45.55%,20.71%,898
,"VERNON, WI",41.45%,18.08%,2058
,"COLUMBIA, WI",41.70%,18.25%,3096
,"SAINT CROIX, WI",42.99%,27.36%,1049
,"ISLAND, WA",42.24%,14.30%,2147
,"CABELL, WV",50.68%,19.68%,3481
,"MILWAUKEE, WI",51.10%,28.89%,59725
,"SKAMANIA, WA",43.76%,16.95%,537
,"HANCOCK, WV",53.27%,24.87%,398
,"EAU CLAIRE, WI",45.21%,17.49%,4282
,"GRANT, WV",40.26%,14.42%,534
,"GRAYS HARBOR, WA",30.92%,12.50%,152
,"BARRON, WI",43.95%,14.01%,885
,"DUNN, WI",45.68%,18.25%,915
,"CLARK, WI",47.06%,11.20%,357
,"ONEIDA, WI",47.73%,20.45%,132
,"DOUGLAS, WA",43.63%,23.48%,3530
,"WASHINGTON, WI",42.49%,20.58%,7347
,"SWEETWATER, WY",41.96%,21.22%,622
,"MERCER, WV",39.30%,12.20%,3181
,"FERRY, WA",-,-,22
,"LA CROSSE, WI",41.73%,21.19%,9517
,"LINCOLN, WI",52.52%,22.30%,139
,"WOOD, WI",45.99%,20.75%,424
,"PUTNAM, WV",48.99%,20.89%,986
,"FRANKLIN, WA",38.30%,15.96%,94
,"GREEN, WI",38.74%,19.75%,1696
,"ASOTIN, WA",-,-,22
,"SUMMERS, WV",48.85%,10.69%,131
,"OKANOGAN, WA",42.12%,18.40%,2543
,"PEPIN, WI",41.82%,21.07%,318
,"SAUK, WI",37.78%,15.71%,1731
,"IOWA, WI",38.72%,18.50%,811
,"HARDY, WV",39.34%,17.36%,455
,"KITTITAS, WA",37.53%,13.30%,842
,"UINTA, WY",39.15%,13.60%,544
,"BOONE, WV",43.57%,16.43%,140
,"CHELAN, WA",39.04%,18.87%,6683
,"CARBON, WY",38.62%,17.29%,347
,"POCAHONTAS, WV",38.21%,17.07%,246
,"COWLITZ, WA",44.84%,15.09%,4083
,"PACIFIC, WA",37.22%,17.90%,352
,"WESTON, WY",38.10%,9.52%,168
,"CLAY, WV",37.61%,15.76%,476
,"RICHLAND, WI",37.95%,13.68%,614
,"HOT SPRINGS, WY",-,-,27
,"KANAWHA, WV",43.17%,18.83%,2071
,"LAFAYETTE, WI",36.67%,16.94%,360
,"BENTON, WA",39.20%,13.62%,301
,"CAMPBELL, WY",35.24%,15.36%,332
,"CLALLAM, WA",30.77%,14.53%,117
,"CONVERSE, WY",49.23%,20.00%,65
,"STEVENS, WA",-,-,27
,"HAMPSHIRE, WV",40.17%,17.13%,829
,"MARATHON, WI",42.27%,25.00%,828
,"JACKSON, WI",34.32%,15.59%,1148
,"KLICKITAT, WA",32.23%,14.70%,1061
,"MONROE, WV",36.70%,11.93%,218
,"YAKIMA, WA",59.70%,30.14%,1387
,"LEWIS, WA",32.34%,15.84%,303
,"WHITMAN, WA",47.46%,25.42%,59
,"SPOKANE, WA",35.99%,18.22%,439
,"OZAUKEE, WI",38.57%,22.74%,6259
,"PIERCE, WA",34.45%,14.11%,5783
,"SUBLETTE, WY",41.57%,19.10%,89
,"FREMONT, WY",31.76%,16.31%,233
,"WAUKESHA, WI",39.94%,19.31%,18115
,"PORTAGE, WI",37.55%,16.95%,466
,"SNOHOMISH, WA",31.89%,12.68%,19386
,"NATRONA, WY",38.66%,16.81%,238
,"DANE, WI",33.23%,15.91%,57151
,"BIG HORN, WY",30.36%,-,168
,"PARK, WY",30.03%,6.55%,1069
,"WALLA WALLA, WA",31.87%,17.58%,91
,"CROOK, WY",28.83%,9.20%,163
,"ALBANY, WY",33.97%,14.49%,1822
,"MASON, WA",21.62%,8.11%,148
,"WASHAKIE, WY",31.75%,-,63
,"PEND OREILLE, WA",-,-,11
,"JOHNSON, WY",-,-,23
,"KING, WA",28.20%,10.80%,84934
,"SHERIDAN, WY",34.31%,17.65%,102
,"JEFFERSON, WA",27.69%,-,65
,"CLARK, WA",29.33%,11.93%,18154
,"WYOMING, WV",22.34%,9.22%,282
,"GARFIELD, WA",-,-,10 or fewer
,"KITSAP, WA",21.63%,9.77%,809
,"THURSTON, WA",21.58%,8.11%,1098
,"SAN JUAN, WA",23.12%,8.04%,199
,"WHATCOM, WA",26.54%,15.90%,3742
,"TETON, WY",18.22%,5.61%,214
,None of the above,24.81%,11.73%,40254
,Total,41.91%,20.17%,655426
≥ 45 and < 55 Years,"PLEASANTS, WV",69.47%,38.94%,547
,"WIRT, WV",63.49%,28.60%,493
,"TYLER, WV",68.54%,40.66%,728
,"DODDRIDGE, WV",67.58%,40.31%,583
,"RITCHIE, WV",63.14%,29.73%,841
,"WEBSTER, WV",64.51%,25.45%,617
,"WETZEL, WV",67.89%,41.04%,1523
,"BARBOUR, WV",61.49%,26.34%,1101
,"TAYLOR, WV",63.63%,33.58%,1328
,"WOOD, WV",61.30%,33.26%,7737
,"CALHOUN, WV",61.33%,26.59%,331
,"MARINETTE, WI",63.81%,34.72%,4087
,"MINGO, WV",57.89%,31.28%,748
,"RANDOLPH, WV",58.12%,22.98%,1397
,"HARRISON, WV",61.91%,33.10%,7421
,"MARION, WV",63.68%,30.93%,5477
,"BRAXTON, WV",58.76%,41.86%,1278
,"LEWIS, WV",60.63%,27.89%,1646
,"GILMER, WV",63.96%,34.52%,394
,"OCONTO, WI",60.11%,30.93%,3828
,"SHAWANO, WI",63.61%,36.48%,2245
,"NICHOLAS, WV",56.01%,29.36%,2180
,"MARSHALL, WV",61.26%,32.83%,2891
,"BURNETT, WI",52.84%,26.42%,511
,"KEWAUNEE, WI",60.73%,35.89%,2009
,"JACKSON, WV",60.76%,39.07%,2462
,"MANITOWOC, WI",58.37%,36.85%,6762
,"WAUSHARA, WI",55.27%,32.68%,921
,"PRESTON, WV",59.93%,28.36%,2049
,"MINERAL, WV",56.79%,25.61%,2011
,"MENOMINEE, WI",64.36%,25.82%,275
,"UPSHUR, WV",57.78%,30.24%,2371
,"ROANE, WV",54.07%,24.15%,381
,"MARQUETTE, WI",53.85%,26.73%,793
,"WASHBURN, WI",53.33%,36.46%,960
,"GOSHEN, WY",54.23%,19.72%,142
,"FLORENCE, WI",53.95%,30.26%,228
,"DOUGLAS, WI",57.58%,41.23%,3718
,"TUCKER, WV",53.99%,19.83%,363
,"WAUPACA, WI",57.82%,35.38%,1190
,"SHEBOYGAN, WI",54.68%,35.11%,11592
,"BERKELEY, WV",56.04%,29.64%,12606
,"DOOR, WI",52.42%,25.93%,1755
,"GREEN LAKE, WI",55.49%,28.32%,519
,"OHIO, WV",56.47%,28.34%,4016
,"PENDLETON, WV",53.99%,23.00%,426
,"WALWORTH, WI",54.90%,31.19%,8298
,"BROOKE, WV",57.01%,26.41%,977
,"ROCK, WI",56.08%,34.01%,10933
,"FAYETTE, WV",54.79%,23.55%,794
,"RUSK, WI",50.56%,22.04%,540
,"ADAMS, WI",52.35%,23.83%,894
,"GRANT, WA",54.51%,23.98%,5151
,"WINNEBAGO, WI",54.16%,35.60%,8312
,"NIOBRARA, WY",-,-,14
,"FOREST, WI",54.93%,34.51%,142
,"ADAMS, WA",50.00%,15.59%,340
,"DODGE, WI",55.41%,24.83%,4180
,"RACINE, WI",56.17%,29.49%,12164
,"BROWN, WI",55.60%,31.40%,27868
,"LOGAN, WV",53.93%,23.82%,382
,"JEFFERSON, WV",54.66%,27.72%,5595
,"PLATTE, WY",51.50%,20.96%,167
,"CHIPPEWA, WI",51.97%,21.76%,2950
,"PIERCE, WI",53.36%,42.37%,1192
,"FOND DU LAC, WI",54.81%,34.17%,4012
,"CALUMET, WI",54.75%,28.50%,2042
,"COLUMBIA, WA",-,-,10 or fewer
,"GRANT, WI",49.52%,20.28%,1652
,"JUNEAU, WI",52.55%,24.75%,1374
,"POLK, WI",50.38%,27.27%,528
,"PRICE, WI",48.89%,12.59%,270
,"KENOSHA, WI",57.36%,29.29%,11474
,"CRAWFORD, WI",51.01%,20.98%,1039
,"RALEIGH, WV",51.70%,18.37%,822
,"LANGLADE, WI",56.15%,29.95%,187
,"MCDOWELL, WV",46.37%,17.60%,716
,"LINCOLN, WY",53.84%,14.00%,886
,"BUFFALO, WI",48.91%,24.11%,734
,"BAYFIELD, WI",50.37%,25.91%,957
,"JEFFERSON, WI",51.55%,25.39%,3643
,"ASHLAND, WI",52.14%,24.93%,1003
,"TREMPEALEAU, WI",55.43%,25.56%,2015
,"MONROE, WI",55.21%,29.77%,2610
,"VILAS, WI",48.78%,24.39%,123
,"WAYNE, WV",57.69%,27.21%,1411
,"MONONGALIA, WV",54.98%,28.36%,6837
,"WAHKIAKUM, WA",51.83%,24.61%,191
,"MASON, WV",53.40%,25.66%,530
,"GREENBRIER, WV",53.74%,19.16%,428
,"LINCOLN, WA",50.79%,22.22%,63
,"LARAMIE, WY",54.95%,27.45%,6262
,"SAWYER, WI",47.99%,22.45%,1069
,"TAYLOR, WI",50.48%,16.19%,105
,"OUTAGAMIE, WI",54.08%,29.23%,6999
,"LINCOLN, WV",57.93%,21.91%,397
,"IRON, WI",54.10%,19.67%,183
,"SKAGIT, WA",48.42%,19.22%,7809
,"MORGAN, WV",52.04%,26.84%,1226
,"VERNON, WI",47.71%,21.50%,2033
,"COLUMBIA, WI",48.41%,20.39%,3237
,"SAINT CROIX, WI",48.28%,33.57%,1251
,"ISLAND, WA",43.94%,15.68%,2169
,"CABELL, WV",54.70%,23.22%,3424
,"MILWAUKEE, WI",55.53%,33.90%,53507
,"SKAMANIA, WA",50.70%,22.54%,497
,"HANCOCK, WV",57.53%,26.25%,598
,"EAU CLAIRE, WI",50.13%,22.42%,3461
,"GRANT, WV",44.59%,14.78%,785
,"GRAYS HARBOR, WA",38.92%,18.56%,167
,"BARRON, WI",48.36%,18.34%,856
,"DUNN, WI",49.08%,21.79%,872
,"CLARK, WI",49.04%,14.52%,365
,"ONEIDA, WI",47.78%,20.56%,180
,"DOUGLAS, WA",47.75%,26.49%,3617
,"WASHINGTON, WI",48.60%,26.06%,8025
,"SWEETWATER, WY",45.22%,23.03%,712
,"MERCER, WV",45.05%,15.03%,4357
,"FERRY, WA",36.36%,-,44
,"LA CROSSE, WI",49.40%,25.97%,8395
,"LINCOLN, WI",45.07%,28.87%,142
,"WOOD, WI",52.15%,29.67%,418
,"PUTNAM, WV",52.80%,22.56%,1108
,"FRANKLIN, WA",50.43%,19.13%,115
,"GREEN, WI",44.86%,23.30%,1781
,"ASOTIN, WA",-,-,22
,"SUMMERS, WV",44.17%,11.67%,240
,"OKANOGAN, WA",43.82%,21.31%,2896
,"PEPIN, WI",40.55%,22.26%,328
,"SAUK, WI",43.77%,19.88%,1821
,"IOWA, WI",46.14%,22.40%,817
,"HARDY, WV",45.31%,23.01%,704
,"KITTITAS, WA",42.55%,17.04%,886
,"UINTA, WY",46.27%,15.25%,577
,"BOONE, WV",46.55%,21.12%,232
,"CHELAN, WA",42.68%,23.56%,6549
,"CARBON, WY",40.92%,19.78%,369
,"POCAHONTAS, WV",39.12%,18.53%,340
,"COWLITZ, WA",47.55%,16.01%,3891
,"PACIFIC, WA",44.84%,20.19%,426
,"WESTON, WY",43.14%,14.71%,204
,"CLAY, WV",38.84%,17.63%,726
,"RICHLAND, WI",43.12%,19.84%,756
,"HOT SPRINGS, WY",50.00%,-,42
,"KANAWHA, WV",45.68%,20.57%,2791
,"LAFAYETTE, WI",45.56%,21.01%,338
,"BENTON, WA",36.99%,19.75%,319
,"CAMPBELL, WY",42.78%,19.55%,353
,"CLALLAM, WA",44.09%,14.17%,127
,"CONVERSE, WY",44.87%,23.08%,78
,"STEVENS, WA",33.33%,-,39
,"HAMPSHIRE, WV",42.59%,18.23%,1174
,"MARATHON, WI",48.20%,29.55%,917
,"JACKSON, WI",40.45%,18.29%,1110
,"KLICKITAT, WA",45.15%,17.58%,1041
,"MONROE, WV",39.43%,12.86%,350
,"YAKIMA, WA",57.73%,28.62%,1429
,"LEWIS, WA",40.94%,13.76%,298
,"WHITMAN, WA",51.11%,-,45
,"SPOKANE, WA",38.10%,19.55%,399
,"OZAUKEE, WI",42.31%,26.53%,6103
,"PIERCE, WA",38.61%,16.00%,4574
,"SUBLETTE, WY",40.32%,22.58%,124
,"FREMONT, WY",42.23%,17.53%,251
,"WAUKESHA, WI",43.92%,23.35%,18172
,"PORTAGE, WI",47.10%,22.67%,397
,"SNOHOMISH, WA",37.02%,15.42%,15282
,"NATRONA, WY",42.71%,23.26%,288
,"DANE, WI",38.42%,18.49%,46545
,"BIG HORN, WY",44.59%,8.28%,157
,"PARK, WY",35.09%,9.35%,1080
,"WALLA WALLA, WA",46.15%,23.08%,91
,"CROOK, WY",38.25%,14.75%,183
,"ALBANY, WY",34.79%,16.53%,1785
,"MASON, WA",32.57%,18.86%,175
,"WASHAKIE, WY",40.51%,-,79
,"PEND OREILLE, WA",-,-,13
,"JOHNSON, WY",36.36%,-,33
,"KING, WA",31.66%,12.79%,72091
,"SHERIDAN, WY",38.60%,16.67%,114
,"JEFFERSON, WA",28.57%,-,77
,"CLARK, WA",33.26%,13.71%,16881
,"WYOMING, WV",24.74%,8.66%,485
,"GARFIELD, WA",-,-,10 or fewer
,"KITSAP, WA",29.04%,13.15%,730
,"THURSTON, WA",30.61%,14.03%,905
,"SAN JUAN, WA",23.97%,5.99%,267
,"WHATCOM, WA",29.15%,17.92%,3208
,"TETON, WY",16.12%,-,242
,None of the above,28.42%,13.30%,39442
,Total,47.09%,24.19%,632502
≥ 55 and < 65 Years,"PLEASANTS, WV",65.03%,40.48%,672
,"WIRT, WV",59.86%,27.68%,690
,"TYLER, WV",65.04%,37.45%,924
,"DODDRIDGE, WV",62.01%,37.01%,716
,"RITCHIE, WV",60.43%,32.74%,1127
,"WEBSTER, WV",57.30%,20.91%,794
,"WETZEL, WV",64.46%,36.81%,1891
,"BARBOUR, WV",58.27%,23.03%,1294
,"TAYLOR, WV",58.15%,28.98%,1522
,"WOOD, WV",60.78%,31.37%,9317
,"CALHOUN, WV",54.46%,21.21%,448
,"MARINETTE, WI",60.45%,34.37%,6582
,"MINGO, WV",54.61%,26.30%,901
,"RANDOLPH, WV",55.70%,19.17%,1946
,"HARRISON, WV",59.81%,31.03%,8525
,"MARION, WV",59.17%,27.91%,5990
,"BRAXTON, WV",55.94%,43.07%,1616
,"LEWIS, WV",58.20%,26.12%,1914
,"GILMER, WV",54.39%,24.90%,478
,"OCONTO, WI",59.54%,32.53%,5672
,"SHAWANO, WI",59.22%,37.24%,3075
,"NICHOLAS, WV",56.71%,28.61%,2733
,"MARSHALL, WV",57.29%,30.31%,3421
,"BURNETT, WI",51.02%,27.65%,1027
,"KEWAUNEE, WI",59.87%,36.25%,2676
,"JACKSON, WV",57.73%,34.75%,3019
,"MANITOWOC, WI",55.67%,37.42%,9210
,"WAUSHARA, WI",53.06%,32.72%,1421
,"PRESTON, WV",55.60%,24.97%,2579
,"MINERAL, WV",56.79%,25.16%,2532
,"MENOMINEE, WI",58.38%,24.35%,382
,"UPSHUR, WV",56.28%,29.12%,2685
,"ROANE, WV",51.06%,22.82%,517
,"MARQUETTE, WI",51.27%,23.92%,1225
,"WASHBURN, WI",48.35%,32.74%,1576
,"GOSHEN, WY",53.28%,22.63%,274
,"FLORENCE, WI",52.15%,27.44%,441
,"DOUGLAS, WI",52.28%,39.15%,4608
,"TUCKER, WV",53.31%,18.71%,529
,"WAUPACA, WI",56.51%,36.22%,1568
,"SHEBOYGAN, WI",53.01%,36.50%,14634
,"BERKELEY, WV",53.36%,28.20%,13882
,"DOOR, WI",48.97%,27.03%,3096
,"GREEN LAKE, WI",53.59%,30.85%,765
,"OHIO, WV",53.47%,27.79%,5020
,"PENDLETON, WV",49.00%,20.67%,653
,"WALWORTH, WI",51.93%,31.11%,11398
,"BROOKE, WV",51.64%,22.65%,1307
,"ROCK, WI",54.62%,34.49%,12919
,"FAYETTE, WV",50.90%,19.58%,996
,"RUSK, WI",52.18%,21.79%,826
,"ADAMS, WI",49.22%,23.83%,1536
,"GRANT, WA",51.90%,22.89%,6279
,"WINNEBAGO, WI",53.38%,37.95%,9643
,"NIOBRARA, WY",37.93%,-,29
,"FOREST, WI",53.44%,33.59%,262
,"ADAMS, WA",54.35%,16.94%,425
,"DODGE, WI",52.11%,25.45%,5596
,"RACINE, WI",54.22%,31.35%,15080
,"BROWN, WI",54.36%,32.76%,32033
,"LOGAN, WV",44.36%,18.94%,417
,"JEFFERSON, WV",52.65%,26.29%,6410
,"PLATTE, WY",49.85%,20.92%,325
,"CHIPPEWA, WI",49.51%,20.20%,3945
,"PIERCE, WI",51.07%,40.67%,1586
,"FOND DU LAC, WI",52.23%,33.03%,4796
,"CALUMET, WI",54.00%,30.42%,2298
,"COLUMBIA, WA",-,-,10 or fewer
,"GRANT, WI",49.87%,20.80%,2284
,"JUNEAU, WI",48.30%,23.44%,2176
,"POLK, WI",49.94%,26.99%,893
,"PRICE, WI",46.15%,13.02%,338
,"KENOSHA, WI",53.30%,28.89%,13524
,"CRAWFORD, WI",49.71%,21.42%,1573
,"RALEIGH, WV",47.26%,16.60%,1060
,"LANGLADE, WI",49.60%,26.79%,377
,"MCDOWELL, WV",43.61%,13.88%,1009
,"LINCOLN, WY",48.30%,13.26%,1116
,"BUFFALO, WI",51.02%,28.25%,1076
,"BAYFIELD, WI",46.49%,22.92%,1667
,"JEFFERSON, WI",48.83%,25.10%,4876
,"ASHLAND, WI",48.42%,24.88%,1491
,"TREMPEALEAU, WI",53.81%,26.54%,2457
,"MONROE, WI",53.05%,30.57%,3310
,"VILAS, WI",44.85%,23.53%,408
,"WAYNE, WV",53.23%,23.72%,1484
,"MONONGALIA, WV",54.00%,27.85%,6805
,"WAHKIAKUM, WA",51.36%,27.55%,294
,"MASON, WV",51.58%,24.95%,537
,"GREENBRIER, WV",47.01%,15.25%,636
,"LINCOLN, WA",47.25%,12.09%,91
,"LARAMIE, WY",53.22%,27.62%,7875
,"SAWYER, WI",43.15%,21.41%,1854
,"TAYLOR, WI",49.30%,20.42%,142
,"OUTAGAMIE, WI",53.73%,31.07%,7741
,"LINCOLN, WV",48.76%,22.35%,443
,"IRON, WI",45.04%,20.21%,282
,"SKAGIT, WA",45.62%,18.67%,9513
,"MORGAN, WV",44.97%,23.10%,1701
,"VERNON, WI",49.93%,24.16%,2964
,"COLUMBIA, WI",48.33%,20.35%,4310
,"SAINT CROIX, WI",47.32%,35.48%,1663
,"ISLAND, WA",40.98%,14.37%,3355
,"CABELL, WV",49.92%,20.40%,3029
,"MILWAUKEE, WI",53.38%,34.82%,57051
,"SKAMANIA, WA",49.53%,19.40%,737
,"HANCOCK, WV",48.25%,20.27%,829
,"EAU CLAIRE, WI",48.86%,21.22%,3907
,"GRANT, WV",45.25%,16.25%,1052
,"GRAYS HARBOR, WA",42.27%,23.37%,291
,"BARRON, WI",48.69%,19.81%,1257
,"DUNN, WI",48.27%,21.78%,955
,"CLARK, WI",43.68%,16.80%,506
,"ONEIDA, WI",46.20%,19.96%,461
,"DOUGLAS, WA",45.92%,25.81%,4212
,"WASHINGTON, WI",46.96%,27.52%,10930
,"SWEETWATER, WY",43.69%,20.50%,927
,"MERCER, WV",43.80%,12.74%,4970
,"FERRY, WA",45.83%,16.67%,72
,"LA CROSSE, WI",48.56%,26.44%,9524
,"LINCOLN, WI",48.61%,25.50%,251
,"WOOD, WI",47.20%,28.73%,644
,"PUTNAM, WV",49.63%,21.83%,1223
,"FRANKLIN, WA",49.12%,21.05%,114
,"GREEN, WI",44.54%,24.03%,2014
,"ASOTIN, WA",50.00%,-,38
,"SUMMERS, WV",38.51%,11.04%,335
,"OKANOGAN, WA",43.87%,21.02%,4005
,"PEPIN, WI",40.33%,23.18%,548
,"SAUK, WI",42.37%,17.76%,2629
,"IOWA, WI",44.91%,20.37%,1149
,"HARDY, WV",41.02%,19.31%,1041
,"KITTITAS, WA",38.21%,13.43%,1154
,"UINTA, WY",50.61%,17.53%,656
,"BOONE, WV",47.93%,21.01%,338
,"CHELAN, WA",41.51%,23.63%,8252
,"CARBON, WY",41.10%,17.37%,472
,"POCAHONTAS, WV",37.89%,14.23%,541
,"COWLITZ, WA",42.53%,14.81%,4726
,"PACIFIC, WA",43.70%,23.88%,762
,"WESTON, WY",44.97%,13.84%,318
,"CLAY, WV",36.89%,16.54%,919
,"RICHLAND, WI",39.67%,19.02%,1036
,"HOT SPRINGS, WY",36.84%,-,57
,"KANAWHA, WV",41.33%,17.26%,3714
,"LAFAYETTE, WI",45.08%,21.15%,539
,"BENTON, WA",38.71%,14.52%,434
,"CAMPBELL, WY",36.50%,13.08%,474
,"CLALLAM, WA",32.86%,11.43%,280
,"CONVERSE, WY",46.28%,27.27%,121
,"STEVENS, WA",40.63%,-,64
,"HAMPSHIRE, WV",38.75%,16.59%,1706
,"MARATHON, WI",44.49%,27.21%,1099
,"JACKSON, WI",40.72%,21.48%,1476
,"KLICKITAT, WA",40.61%,15.51%,1251
,"MONROE, WV",35.81%,10.48%,458
,"YAKIMA, WA",53.86%,24.17%,1775
,"LEWIS, WA",34.92%,12.56%,398
,"WHITMAN, WA",44.00%,26.00%,50
,"SPOKANE, WA",38.04%,18.83%,531
,"OZAUKEE, WI",41.96%,28.22%,7745
,"PIERCE, WA",36.44%,15.23%,4821
,"SUBLETTE, WY",37.72%,19.76%,167
,"FREMONT, WY",41.90%,16.45%,389
,"WAUKESHA, WI",43.43%,24.00%,23394
,"PORTAGE, WI",40.63%,21.89%,571
,"SNOHOMISH, WA",36.50%,14.64%,16115
,"NATRONA, WY",40.17%,15.51%,361
,"DANE, WI",40.30%,19.80%,45585
,"BIG HORN, WY",29.92%,6.97%,244
,"PARK, WY",30.79%,7.49%,1588
,"WALLA WALLA, WA",28.97%,13.79%,145
,"CROOK, WY",31.89%,7.74%,323
,"ALBANY, WY",35.71%,17.63%,2019
,"MASON, WA",30.13%,15.48%,239
,"WASHAKIE, WY",35.16%,-,128
,"PEND OREILLE, WA",-,-,25
,"JOHNSON, WY",29.03%,-,62
,"KING, WA",32.73%,13.18%,69624
,"SHERIDAN, WY",29.74%,15.90%,195
,"JEFFERSON, WA",23.49%,10.24%,166
,"CLARK, WA",33.12%,13.78%,17486
,"WYOMING, WV",29.80%,9.28%,614
,"GARFIELD, WA",-,-,10 or fewer
,"KITSAP, WA",28.59%,13.15%,920
,"THURSTON, WA",28.72%,13.02%,968
,"SAN JUAN, WA",24.76%,8.49%,424
,"WHATCOM, WA",27.36%,16.39%,3691
,"TETON, WY",14.15%,7.38%,325
,None of the above,28.61%,13.27%,40963
,Total,46.46%,24.61%,733608
65 Years or more,"PLEASANTS, WV",56.99%,34.50%,1116
,"WIRT, WV",53.04%,21.70%,1037
,"TYLER, WV",54.88%,32.17%,1607
,"DODDRIDGE, WV",54.03%,28.49%,1116
,"RITCHIE, WV",53.23%,27.94%,1890
,"WEBSTER, WV",47.03%,15.59%,1533
,"WETZEL, WV",51.96%,30.35%,3193
,"BARBOUR, WV",49.55%,18.10%,2337
,"TAYLOR, WV",50.84%,22.20%,2378
,"WOOD, WV",51.01%,26.29%,15580
,"CALHOUN, WV",45.89%,13.72%,802
,"MARINETTE, WI",57.28%,41.72%,10577
,"MINGO, WV",43.61%,20.39%,1658
,"RANDOLPH, WV",44.98%,13.21%,3708
,"HARRISON, WV",50.36%,25.10%,13647
,"MARION, WV",51.00%,21.95%,10622
,"BRAXTON, WV",45.40%,36.73%,2872
,"LEWIS, WV",47.78%,18.31%,2922
,"GILMER, WV",44.21%,17.81%,803
,"OCONTO, WI",56.42%,33.73%,8203
,"SHAWANO, WI",55.96%,40.63%,4396
,"NICHOLAS, WV",45.68%,21.52%,4945
,"MARSHALL, WV",49.71%,26.03%,6051
,"BURNETT, WI",45.59%,24.01%,2220
,"KEWAUNEE, WI",57.14%,40.68%,4253
,"JACKSON, WV",46.74%,27.10%,5152
,"MANITOWOC, WI",51.43%,49.85%,14119
,"WAUSHARA, WI",51.76%,46.04%,2185
,"PRESTON, WV",45.93%,18.83%,4361
,"MINERAL, WV",47.16%,20.34%,4351
,"MENOMINEE, WI",53.19%,24.89%,470
,"UPSHUR, WV",45.82%,22.15%,4836
,"ROANE, WV",38.26%,13.26%,988
,"MARQUETTE, WI",48.42%,25.21%,2055
,"WASHBURN, WI",44.59%,33.70%,2985
,"GOSHEN, WY",45.45%,19.88%,825
,"FLORENCE, WI",46.11%,27.27%,759
,"DOUGLAS, WI",47.51%,36.63%,7062
,"TUCKER, WV",39.10%,13.47%,1151
,"WAUPACA, WI",56.05%,40.37%,1952
,"SHEBOYGAN, WI",50.68%,46.83%,22965
,"BERKELEY, WV",46.77%,25.81%,18399
,"DOOR, WI",43.51%,29.06%,6968
,"GREEN LAKE, WI",51.31%,34.65%,1111
,"OHIO, WV",44.95%,22.64%,9697
,"PENDLETON, WV",41.18%,17.85%,1423
,"WALWORTH, WI",46.95%,38.83%,18291
,"BROOKE, WV",41.96%,20.09%,2638
,"ROCK, WI",48.80%,30.92%,17475
,"FAYETTE, WV",40.78%,12.74%,1876
,"RUSK, WI",45.35%,16.52%,1259
,"ADAMS, WI",43.01%,20.22%,2488
,"GRANT, WA",46.60%,21.06%,10631
,"WINNEBAGO, WI",49.80%,50.48%,13289
,"NIOBRARA, WY",50.00%,14.47%,76
,"FOREST, WI",44.83%,27.36%,435
,"ADAMS, WA",48.55%,16.18%,655
,"DODGE, WI",47.51%,30.31%,8163
,"RACINE, WI",46.27%,42.37%,21742
,"BROWN, WI",52.55%,36.27%,46407
,"LOGAN, WV",39.65%,16.60%,807
,"JEFFERSON, WV",43.31%,21.79%,9010
,"PLATTE, WY",43.33%,21.78%,854
,"CHIPPEWA, WI",45.02%,18.11%,6311
,"PIERCE, WI",45.18%,38.67%,2948
,"FOND DU LAC, WI",48.18%,37.89%,6252
,"CALUMET, WI",53.63%,37.50%,2616
,"COLUMBIA, WA",-,-,16
,"GRANT, WI",44.49%,19.84%,4102
,"JUNEAU, WI",43.47%,21.00%,3586
,"POLK, WI",40.63%,21.36%,1526
,"PRICE, WI",38.82%,13.04%,322
,"KENOSHA, WI",47.63%,40.00%,17089
,"CRAWFORD, WI",43.37%,19.74%,2903
,"RALEIGH, WV",37.44%,10.32%,2441
,"LANGLADE, WI",41.60%,21.43%,476
,"MCDOWELL, WV",38.32%,10.88%,1691
,"LINCOLN, WY",45.85%,10.46%,2399
,"BUFFALO, WI",44.26%,23.12%,1726
,"BAYFIELD, WI",40.92%,22.39%,3404
,"JEFFERSON, WI",44.40%,28.38%,7399
,"ASHLAND, WI",42.06%,21.94%,2361
,"TREMPEALEAU, WI",49.66%,27.75%,3550
,"MONROE, WI",48.13%,28.78%,5038
,"VILAS, WI",40.11%,21.55%,566
,"WAYNE, WV",41.65%,19.02%,1935
,"MONONGALIA, WV",45.55%,21.85%,10498
,"WAHKIAKUM, WA",33.33%,16.75%,567
,"MASON, WV",43.56%,19.43%,916
,"GREENBRIER, WV",37.15%,11.07%,1292
,"LINCOLN, WA",35.48%,11.61%,155
,"LARAMIE, WY",44.41%,22.65%,14401
,"SAWYER, WI",41.37%,20.07%,3677
,"TAYLOR, WI",37.90%,15.73%,248
,"OUTAGAMIE, WI",52.42%,34.41%,8519
,"LINCOLN, WV",35.98%,16.77%,656
,"IRON, WI",39.56%,18.67%,450
,"SKAGIT, WA",39.17%,14.96%,20153
,"MORGAN, WV",35.09%,16.56%,2850
,"VERNON, WI",45.10%,23.56%,5492
,"COLUMBIA, WI",43.77%,20.11%,5678
,"SAINT CROIX, WI",42.75%,30.71%,2758
,"ISLAND, WA",35.54%,11.91%,7366
,"CABELL, WV",38.41%,16.75%,4077
,"MILWAUKEE, WI",46.61%,44.30%,78553
,"SKAMANIA, WA",41.35%,11.32%,1219
,"HANCOCK, WV",43.09%,16.48%,1541
,"EAU CLAIRE, WI",43.27%,18.82%,6757
,"GRANT, WV",35.87%,11.65%,2138
,"GRAYS HARBOR, WA",36.05%,15.24%,466
,"BARRON, WI",39.48%,12.40%,2419
,"DUNN, WI",43.31%,17.59%,1427
,"CLARK, WI",39.32%,14.47%,1030
,"ONEIDA, WI",36.61%,22.65%,702
,"DOUGLAS, WA",40.58%,23.26%,7525
,"WASHINGTON, WI",45.56%,46.30%,14841
,"SWEETWATER, WY",37.55%,16.95%,1864
,"MERCER, WV",35.58%,9.27%,9413
,"FERRY, WA",36.02%,11.80%,161
,"LA CROSSE, WI",46.27%,29.61%,15439
,"LINCOLN, WI",41.98%,24.57%,293
,"WOOD, WI",37.42%,24.54%,807
,"PUTNAM, WV",37.54%,17.33%,2291
,"FRANKLIN, WA",28.72%,13.83%,188
,"GREEN, WI",42.27%,23.10%,2957
,"ASOTIN, WA",34.48%,21.84%,87
,"SUMMERS, WV",31.68%,6.11%,704
,"OKANOGAN, WA",36.40%,17.68%,8448
,"PEPIN, WI",36.18%,17.71%,1067
,"SAUK, WI",37.93%,16.59%,4498
,"IOWA, WI",36.90%,17.01%,1675
,"HARDY, WV",31.53%,13.59%,1773
,"KITTITAS, WA",36.23%,10.55%,1924
,"UINTA, WY",42.42%,15.55%,1299
,"BOONE, WV",31.16%,8.17%,722
,"CHELAN, WA",37.50%,21.37%,15626
,"CARBON, WY",34.00%,15.55%,997
,"POCAHONTAS, WV",30.51%,10.20%,980
,"COWLITZ, WA",28.87%,10.58%,7097
,"PACIFIC, WA",27.87%,17.86%,1948
,"WESTON, WY",38.69%,10.03%,628
,"CLAY, WV",31.73%,14.88%,1472
,"RICHLAND, WI",34.57%,13.19%,2395
,"HOT SPRINGS, WY",30.17%,6.15%,179
,"KANAWHA, WV",32.26%,11.90%,8313
,"LAFAYETTE, WI",43.14%,16.96%,1020
,"BENTON, WA",34.77%,14.88%,719
,"CAMPBELL, WY",37.37%,15.40%,792
,"CLALLAM, WA",30.11%,10.22%,558
,"CONVERSE, WY",32.11%,17.37%,190
,"STEVENS, WA",31.36%,17.80%,118
,"HAMPSHIRE, WV",28.02%,11.95%,2930
,"MARATHON, WI",34.81%,19.21%,968
,"JACKSON, WI",32.87%,16.28%,2604
,"KLICKITAT, WA",34.15%,9.32%,2457
,"MONROE, WV",28.36%,6.91%,811
,"YAKIMA, WA",45.03%,16.94%,3229
,"LEWIS, WA",28.67%,11.22%,722
,"WHITMAN, WA",32.33%,18.05%,133
,"SPOKANE, WA",30.89%,14.95%,1010
,"OZAUKEE, WI",40.20%,44.75%,13514
,"PIERCE, WA",30.88%,12.55%,6153
,"SUBLETTE, WY",26.76%,14.59%,370
,"FREMONT, WY",29.06%,13.64%,733
,"WAUKESHA, WI",39.54%,37.53%,34587
,"PORTAGE, WI",36.41%,17.93%,725
,"SNOHOMISH, WA",29.76%,12.52%,26002
,"NATRONA, WY",34.60%,17.01%,682
,"DANE, WI",37.20%,20.07%,67050
,"BIG HORN, WY",28.96%,7.20%,625
,"PARK, WY",30.36%,7.23%,3485
,"WALLA WALLA, WA",24.77%,12.08%,331
,"CROOK, WY",30.52%,7.41%,675
,"ALBANY, WY",34.35%,16.47%,4099
,"MASON, WA",31.44%,13.71%,423
,"WASHAKIE, WY",23.81%,3.57%,336
,"PEND OREILLE, WA",-,-,35
,"JOHNSON, WY",30.77%,-,104
,"KING, WA",29.05%,11.41%,103873
,"SHERIDAN, WY",26.08%,10.89%,395
,"JEFFERSON, WA",23.56%,10.89%,450
,"CLARK, WA",30.91%,12.48%,32264
,"WYOMING, WV",23.09%,6.47%,1113
,"GARFIELD, WA",-,-,13
,"KITSAP, WA",23.62%,9.36%,1571
,"THURSTON, WA",23.57%,11.01%,1680
,"SAN JUAN, WA",19.89%,5.41%,1332
,"WHATCOM, WA",20.53%,11.40%,5788
,"TETON, WY",13.53%,5.13%,702
,None of the above,23.14%,11.94%,57589
,Total,40.95%,25.36%,1148609
"Total: Total includes all data, including data from rows not currently displayed.","PLEASANTS, WV",51.24%,29.51%,3751
,"WIRT, WV",50.04%,21.06%,3475
,"TYLER, WV",50.02%,28.65%,5292
,"DODDRIDGE, WV",49.78%,27.64%,4034
,"RITCHIE, WV",49.16%,24.39%,6092
,"WEBSTER, WV",48.61%,17.70%,4287
,"WETZEL, WV",47.57%,26.64%,11725
,"BARBOUR, WV",46.83%,18.79%,7811
,"TAYLOR, WV",46.56%,21.86%,9203
,"WOOD, WV",46.27%,23.10%,57705
,"CALHOUN, WV",45.94%,16.70%,2377
,"MARINETTE, WI",45.85%,26.21%,39504
,"MINGO, WV",45.19%,22.25%,4957
,"RANDOLPH, WV",45.03%,15.85%,10439
,"HARRISON, WV",44.65%,22.37%,54979
,"MARION, WV",44.58%,19.88%,42163
,"BRAXTON, WV",44.41%,31.96%,9214
,"LEWIS, WV",44.27%,19.21%,11253
,"GILMER, WV",44.24%,20.27%,2615
,"OCONTO, WI",44.23%,22.73%,33067
,"SHAWANO, WI",44.20%,26.11%,18928
,"NICHOLAS, WV",44.18%,20.95%,15019
,"MARSHALL, WV",43.89%,22.61%,22258
,"BURNETT, WI",43.49%,21.76%,5171
,"KEWAUNEE, WI",43.39%,25.37%,17516
,"JACKSON, WV",43.11%,24.09%,19723
,"MANITOWOC, WI",42.44%,29.15%,56365
,"WAUSHARA, WI",42.31%,28.59%,7538
,"PRESTON, WV",42.24%,18.47%,16408
,"MINERAL, WV",42.09%,17.48%,15318
,"MENOMINEE, WI",41.81%,16.38%,2858
,"UPSHUR, WV",41.40%,20.50%,18044
,"ROANE, WV",41.03%,16.77%,2803
,"MARQUETTE, WI",41.00%,19.89%,6234
,"WASHBURN, WI",40.98%,27.93%,8329
,"GOSHEN, WY",40.89%,17.63%,1883
,"FLORENCE, WI",40.81%,20.83%,2328
,"DOUGLAS, WI",40.46%,28.12%,30151
,"TUCKER, WV",40.39%,14.77%,2919
,"WAUPACA, WI",40.25%,24.31%,10388
,"SHEBOYGAN, WI",40.07%,27.75%,92853
,"BERKELEY, WV",40.00%,20.82%,93488
,"DOOR, WI",39.86%,22.07%,17665
,"GREEN LAKE, WI",39.72%,22.18%,4577
,"OHIO, WV",39.69%,19.66%,32783
,"PENDLETON, WV",39.68%,16.59%,3448
,"WALWORTH, WI",39.43%,24.88%,69019
,"BROOKE, WV",39.35%,17.80%,7766
,"ROCK, WI",39.34%,22.98%,86438
,"FAYETTE, WV",39.31%,14.17%,5739
,"RUSK, WI",39.24%,15.80%,4381
,"ADAMS, WI",38.87%,17.66%,7586
,"GRANT, WA",38.84%,17.61%,42459
,"WINNEBAGO, WI",38.51%,26.62%,68235
,"NIOBRARA, WY",38.42%,15.82%,177
,"FOREST, WI",38.40%,22.91%,1349
,"ADAMS, WA",38.39%,12.56%,2540
,"DODGE, WI",38.38%,19.05%,33130
,"RACINE, WI",38.20%,22.92%,101418
,"BROWN, WI",38.14%,21.25%,244897
,"LOGAN, WV",38.11%,16.29%,2535
,"JEFFERSON, WV",38.07%,18.90%,40894
,"PLATTE, WY",38.01%,17.66%,1976
,"CHIPPEWA, WI",37.99%,14.20%,25177
,"PIERCE, WI",37.97%,29.46%,9741
,"FOND DU LAC, WI",37.89%,23.36%,32347
,"CALUMET, WI",37.85%,20.21%,15788
,"COLUMBIA, WA",37.84%,-,37
,"GRANT, WI",37.62%,15.42%,14180
,"JUNEAU, WI",37.50%,17.26%,11938
,"POLK, WI",37.42%,19.08%,5094
,"PRICE, WI",37.41%,9.95%,1497
,"KENOSHA, WI",37.37%,21.20%,93811
,"CRAWFORD, WI",37.35%,15.53%,8863
,"RALEIGH, WV",37.34%,12.00%,6543
,"LANGLADE, WI",37.31%,19.05%,1753
,"MCDOWELL, WV",37.24%,11.60%,4726
,"LINCOLN, WY",37.20%,8.89%,7494
,"BUFFALO, WI",37.20%,18.19%,6228
,"BAYFIELD, WI",37.20%,19.16%,8861
,"JEFFERSON, WI",37.11%,19.76%,28554
,"ASHLAND, WI",37.10%,17.67%,8728
,"TREMPEALEAU, WI",37.07%,17.08%,16983
,"MONROE, WI",37.01%,20.16%,23060
,"VILAS, WI",37.00%,18.60%,1462
,"WAYNE, WV",36.96%,15.88%,11975
,"MONONGALIA, WV",36.91%,17.50%,59430
,"WAHKIAKUM, WA",36.90%,17.43%,1618
,"MASON, WV",36.52%,15.65%,4357
,"GREENBRIER, WV",36.50%,12.14%,3485
,"LINCOLN, WA",36.40%,12.21%,467
,"LARAMIE, WY",36.35%,17.39%,58108
,"SAWYER, WI",36.31%,16.89%,10136
,"TAYLOR, WI",36.14%,13.59%,949
,"OUTAGAMIE, WI",36.03%,19.01%,59715
,"LINCOLN, WV",35.95%,14.57%,3040
,"IRON, WI",35.78%,15.45%,1456
,"SKAGIT, WA",35.64%,14.49%,69115
,"MORGAN, WV",35.52%,17.34%,9404
,"VERNON, WI",35.48%,16.76%,18352
,"COLUMBIA, WI",35.31%,15.24%,24199
,"SAINT CROIX, WI",35.25%,24.04%,9990
,"ISLAND, WA",35.14%,11.88%,19010
,"CABELL, WV",35.04%,13.23%,27134
,"MILWAUKEE, WI",35.01%,23.63%,487731
,"SKAMANIA, WA",34.94%,12.45%,4842
,"HANCOCK, WV",34.54%,13.93%,5591
,"EAU CLAIRE, WI",34.38%,13.89%,31916
,"GRANT, WV",34.28%,11.35%,5957
,"GRAYS HARBOR, WA",34.19%,15.33%,1357
,"BARRON, WI",34.18%,11.66%,8416
,"DUNN, WI",34.08%,13.13%,7494
,"CLARK, WI",33.94%,11.29%,3365
,"ONEIDA, WI",33.91%,16.65%,1970
,"DOUGLAS, WA",33.70%,18.82%,29699
,"WASHINGTON, WI",33.69%,22.39%,65481
,"SWEETWATER, WY",33.67%,15.63%,5521
,"MERCER, WV",33.64%,9.77%,30833
,"FERRY, WA",33.63%,12.57%,342
,"LA CROSSE, WI",33.56%,17.81%,72138
,"LINCOLN, WI",33.36%,17.92%,1367
,"WOOD, WI",33.29%,17.73%,3887
,"PUTNAM, WV",33.13%,13.71%,9695
,"FRANKLIN, WA",33.08%,13.16%,798
,"GREEN, WI",32.98%,17.18%,12803
,"ASOTIN, WA",32.89%,14.22%,225
,"SUMMERS, WV",32.89%,8.18%,1724
,"OKANOGAN, WA",32.86%,15.64%,25249
,"PEPIN, WI",32.70%,16.32%,3076
,"SAUK, WI",32.48%,14.11%,15295
,"IOWA, WI",32.37%,14.90%,6618
,"HARDY, WV",32.35%,14.17%,5245
,"KITTITAS, WA",32.23%,10.83%,6516
,"UINTA, WY",31.93%,10.64%,4917
,"BOONE, WV",31.86%,11.89%,2128
,"CHELAN, WA",31.80%,17.24%,54721
,"CARBON, WY",31.65%,13.99%,3153
,"POCAHONTAS, WV",31.57%,12.30%,2594
,"COWLITZ, WA",31.50%,10.79%,31567
,"PACIFIC, WA",31.48%,16.71%,4256
,"WESTON, WY",31.24%,8.25%,1892
,"CLAY, WV",31.23%,13.91%,4643
,"RICHLAND, WI",31.19%,12.72%,6556
,"HOT SPRINGS, WY",31.12%,7.45%,376
,"KANAWHA, WV",31.10%,12.28%,24903
,"LAFAYETTE, WI",31.01%,13.91%,3667
,"BENTON, WA",30.85%,12.68%,2603
,"CAMPBELL, WY",30.48%,12.98%,2743
,"CLALLAM, WA",30.21%,10.79%,1334
,"CONVERSE, WY",30.21%,15.63%,672
,"STEVENS, WA",30.06%,14.11%,326
,"HAMPSHIRE, WV",29.77%,12.62%,9130
,"MARATHON, WI",29.58%,16.72%,7107
,"JACKSON, WI",29.52%,13.85%,9172
,"KLICKITAT, WA",29.26%,11.41%,9145
,"MONROE, WV",29.14%,7.96%,2474
,"YAKIMA, WA",28.90%,12.83%,19326
,"LEWIS, WA",28.73%,11.19%,2555
,"WHITMAN, WA",28.67%,14.17%,607
,"SPOKANE, WA",28.44%,13.73%,3650
,"OZAUKEE, WI",28.43%,22.02%,54892
,"PIERCE, WA",28.23%,11.46%,33760
,"SUBLETTE, WY",28.17%,14.24%,955
,"FREMONT, WY",27.58%,12.08%,2360
,"WAUKESHA, WI",27.46%,17.31%,166344
,"PORTAGE, WI",27.32%,13.08%,4220
,"SNOHOMISH, WA",27.24%,10.85%,116814
,"NATRONA, WY",27.07%,13.13%,2796
,"DANE, WI",26.80%,13.06%,373351
,"BIG HORN, WY",26.58%,5.77%,1682
,"PARK, WY",26.47%,6.15%,9550
,"WALLA WALLA, WA",26.11%,12.15%,831
,"CROOK, WY",26.07%,6.85%,1826
,"ALBANY, WY",25.81%,11.69%,15849
,"MASON, WA",25.64%,12.06%,1318
,"WASHAKIE, WY",25.55%,5.29%,775
,"PEND OREILLE, WA",25.47%,12.26%,106
,"JOHNSON, WY",24.46%,8.87%,327
,"KING, WA",23.86%,9.29%,519232
,"SHERIDAN, WY",23.66%,10.57%,1230
,"JEFFERSON, WA",22.47%,10.82%,850
,"CLARK, WA",22.44%,9.30%,151540
,"WYOMING, WV",22.25%,6.95%,3123
,"GARFIELD, WA",-,-,27
,"KITSAP, WA",21.94%,8.92%,5939
,"THURSTON, WA",20.93%,9.26%,7082
,"SAN JUAN, WA",20.24%,6.48%,2515
,"WHATCOM, WA",20.18%,11.29%,27567
,"TETON, WY",12.80%,4.54%,1938
,None of the above,20.19%,9.46%,281964
,Total,33.11%,17.35%,5156413
