Session Title,OBESITY by ICD and BMI County KYNY Age 2026,,,
Session ID,2818141,,,
Data Model,Patients,,,
Population Base,All Patients,,,
Population Criteria Filters: These criteria are a summary and do not fully reflect the content of the exported session.,"State of Residence: Kentucky, Louisiana, Maine, Maryland, Massachusetts, Michigan, Minnesota, Mississippi, Missouri, Montana, Nebraska, Nevada, New Hampshire, New Jersey, New Mexico, New York",Country of Residence: United States of America,Has Any Encounters?,Base Patient
Session Date Range,1/1/2026 - 3/30/2026,,,
Export User,Stephanie Perniciaro,,,
Date of Export,5/4/2026,,,
,,,,
,,,,
Measures,BMI 30+ (%),OBESITY (%),Number of Patients,
County of Residence,,,,
"KNOX, MO",69.23%,42.31%,26,
"HOWARD, MO",63.64%,29.55%,44,
"ISSAQUENA, MS",58.82%,38.24%,34,
"JEFFERSON, MS",57.08%,23.31%,459,
"JASPER, MS",56.76%,26.88%,3980,
"LAWRENCE, MS",56.30%,26.53%,5055,
"LOUP, NE",55.93%,25.42%,59,
"CLAIBORNE, MS",55.62%,25.19%,516,
"PIKE, MS",55.30%,24.79%,11533,
"SHARKEY, MS",55.19%,22.41%,241,
"YAZOO, MS",55.18%,20.29%,8715,
"HOLT, NE",54.98%,19.15%,1666,
"HARLAN, NE",54.85%,17.82%,505,
"IRON, MO",54.68%,59.67%,962,
"SOMERSET, MD",54.64%,34.40%,9798,
"WAYNE, MS",54.58%,24.24%,3527,
"POWELL, KY",54.46%,28.18%,2771,
"WALTHALL, MS",54.24%,26.82%,5094,
"KEMPER, MS",54.16%,32.61%,3462,
"SHERMAN, NE",54.03%,27.44%,583,
"FRANKLIN, MS",54.01%,23.46%,861,
"TUNICA, MS",53.85%,28.09%,1716,
"JEFFERSON DAVIS, MS",53.64%,29.91%,4707,
"NEWTON, MS",53.62%,31.83%,7660,
"NANCE, NE",53.61%,31.40%,707,
"HINDS, MS",53.58%,27.91%,46386,
"SCOTT, MS",53.57%,24.40%,5021,
"FRANKLIN, NE",53.57%,24.49%,588,
"DEKALB, MO",53.45%,23.53%,3001,
"SCOTLAND, MO",53.45%,29.31%,58,
"LINCOLN, MS",53.30%,21.37%,3758,
"HARRISON, MO",53.26%,21.34%,1504,
"MADISON, MO",53.15%,66.89%,1033,
"KEYA PAHA, NE",53.13%,24.22%,128,
"HUMPHREYS, MS",53.06%,22.21%,914,
"JACKSON, KY",52.97%,30.52%,3912,
"WASHINGTON, KY",52.95%,28.66%,2512,
"ROBERTSON, KY",52.91%,33.14%,344,
"HOLMES, MS",52.86%,21.51%,2399,
"ROCK, NE",52.76%,19.63%,163,
"WINSTON, MS",52.64%,26.30%,2958,
"QUITMAN, MS",52.63%,26.32%,760,
"WILKINSON, MS",52.55%,26.42%,1374,
"SAINT FRANCOIS, MO",52.45%,68.38%,6002,
"AMITE, MS",52.41%,23.83%,2656,
"FURNAS, NE",52.24%,20.61%,825,
"YORK, NE",52.19%,23.34%,1487,
"MARION, MO",52.17%,17.39%,92,
"CLINTON, MO",52.02%,24.62%,4631,
"FRANKLIN, NY",52.01%,29.98%,20529,
"KEARNEY, NE",51.96%,20.66%,1147,
"RANDOLPH, MO",51.96%,27.45%,102,
"HITCHCOCK, NE",51.95%,19.15%,564,
"LUCE, MI",51.95%,22.08%,154,
"PHELPS, NE",51.92%,21.78%,1171,
"SMITH, MS",51.90%,25.45%,3081,
"BROWN, NE",51.90%,19.53%,343,
"MARION, MS",51.88%,28.47%,12378,
"SAINT HELENA, LA",51.87%,29.86%,2599,
"WASHINGTON, MO",51.85%,60.07%,596,
"NELSON, KY",51.84%,34.78%,21935,
"COPIAH, MS",51.84%,24.69%,3617,
"JONES, MS",51.81%,24.12%,17442,
"AUDRAIN, MO",51.76%,30.59%,85,
"HOLT, MO",51.75%,23.28%,1654,
"FLOYD, KY",51.72%,30.65%,10322,
"LARUE, KY",51.72%,44.98%,7864,
"GOSPER, NE",51.66%,19.54%,302,
"OWSLEY, KY",51.54%,22.77%,584,
"SCOTT, KY",51.53%,31.94%,18582,
"NESHOBA, MS",51.51%,31.78%,9190,
"GREENE, MS",51.47%,23.01%,2586,
"SALINE, MO",51.46%,25.10%,478,
"LAUREL, KY",51.45%,24.89%,17712,
"PIKE, KY",51.43%,35.59%,26701,
"NICHOLAS, KY",51.41%,32.95%,1208,
"SIMPSON, MS",51.40%,26.53%,4387,
"WARREN, MS",51.34%,19.11%,4112,
"CHOCTAW, MS",51.32%,26.42%,1900,
"PERRY, MS",51.28%,29.65%,6782,
"MONROE, MS",51.27%,21.62%,15281,
"COVINGTON, MS",51.27%,29.06%,8760,
"WORCESTER, MD",51.19%,34.02%,31647,
"OSWEGO, NY",51.17%,26.12%,10283,
"TEXAS, MO",51.16%,22.10%,2547,
"HARRISON, KY",51.13%,29.19%,3683,
"LETCHER, KY",51.11%,31.29%,3909,
"GENTRY, MO",51.09%,17.51%,3169,
"SPENCER, KY",51.07%,30.87%,10674,
"DENT, MO",51.05%,27.41%,5530,
"CUSTER, NE",51.03%,21.88%,2134,
"SUNFLOWER, MS",51.00%,24.50%,902,
"ARENAC, MI",51.00%,23.11%,2055,
"WORTH, MO",50.93%,16.23%,1023,
"TRIMBLE, KY",50.92%,28.76%,3735,
"MERRICK, NE",50.90%,27.48%,3232,
"RICHARDSON, NE",50.83%,17.45%,2052,
"MEADE, KY",50.80%,35.53%,12792,
"CHICKASAW, MS",50.75%,22.81%,7860,
"FREEBORN, MN",50.75%,30.46%,1533,
"CHAUTAUQUA, NY",50.72%,25.91%,25124,
"WICOMICO, MD",50.69%,30.24%,47853,
"LEE, KY",50.68%,25.02%,1399,
"RANKIN, MS",50.68%,25.16%,38659,
"BOYD, NE",50.65%,18.18%,308,
"CHARLES, MD",50.65%,32.32%,21344,
"NOXUBEE, MS",50.64%,23.03%,2423,
"BUCHANAN, MO",50.63%,22.72%,43077,
"BUFFALO, NE",50.60%,21.88%,11242,
"RIPLEY, MO",50.57%,63.39%,2557,
"CLAY, KY",50.55%,28.21%,11410,
"MADISON, KY",50.49%,33.06%,39353,
"THURSTON, NE",50.47%,23.49%,745,
"HILLSDALE, MI",50.43%,31.01%,14089,
"CLARKE, MS",50.41%,30.96%,7147,
"NEMAHA, NE",50.40%,20.11%,756,
"CARROLL, MS",50.35%,22.85%,989,
"CLAY, MS",50.35%,22.80%,10423,
"BUTLER, NE",50.29%,21.53%,873,
"VERNON, MO",50.29%,25.54%,873,
"BRACKEN, KY",50.27%,29.29%,3199,
"JEFFERSON DAVIS, LA",50.25%,29.81%,9867,
"ANDERSON, KY",50.18%,29.25%,11474,
"PERRY, KY",50.17%,27.95%,3245,
"BATES, MO",50.16%,26.56%,1864,
"HICKMAN, KY",50.12%,34.39%,1227,
"MONTGOMERY, MS",50.08%,31.44%,1797,
"ANDREW, MO",50.06%,23.50%,8667,
"GRENADA, MS",50.06%,25.09%,2547,
"HOWARD, NE",50.05%,23.67%,1031,
"GALLATIN, KY",50.03%,29.48%,4491,
"CAMERON, LA",50.00%,26.36%,664,
"OKTIBBEHA, MS",49.97%,22.17%,7790,
"ATTALA, MS",49.97%,19.48%,5107,
"MENIFEE, KY",49.93%,30.12%,737,
"RED WILLOW, NE",49.92%,19.71%,1867,
"CAROLINE, MD",49.87%,33.23%,16907,
"LENAWEE, MI",49.83%,37.56%,52467,
"WOLFE, KY",49.73%,24.53%,750,
"LAFAYETTE, MO",49.68%,23.51%,4100,
"WAYNE, KY",49.68%,18.29%,2504,
"LAKE, MI",49.62%,31.84%,4821,
"LEAKE, MS",49.56%,20.07%,6855,
"FULTON, KY",49.53%,34.24%,2342,
"HALL, NE",49.49%,25.30%,13125,
"MONTGOMERY, KY",49.49%,28.49%,3637,
"KNOX, KY",49.48%,27.51%,11845,
"CALDWELL, MO",49.48%,21.03%,1821,
"WHEELER, NE",49.41%,17.65%,85,
"GARFIELD, NE",49.40%,20.72%,251,
"PENDLETON, KY",49.40%,31.71%,9013,
"COAHOMA, MS",49.39%,25.09%,1881,
"HARLAN, KY",49.38%,25.91%,2671,
"MERCER, KY",49.38%,27.38%,4767,
"MARSHALL, MS",49.38%,22.99%,11720,
"KNOTT, KY",49.35%,27.37%,3011,
"LEFLORE, MS",49.31%,24.27%,1158,
"SHANNON, MO",49.30%,30.23%,215,
"ATCHISON, MO",49.28%,20.00%,690,
"CATTARAUGUS, NY",49.27%,22.66%,5610,
"LINCOLN, KY",49.25%,26.63%,3218,
"GEORGE, MS",49.24%,23.94%,5518,
"TALLAHATCHIE, MS",49.24%,24.79%,1182,
"CASS, NE",49.19%,26.82%,7814,
"MORGAN, KY",49.16%,24.81%,1068,
"HENRY, MO",49.14%,23.09%,1516,
"ESTILL, KY",49.09%,27.25%,6044,
"MORGAN, MO",49.08%,28.08%,381,
"DESOTO, MS",49.07%,24.45%,59644,
"STONE, MS",49.04%,24.56%,5806,
"ORLEANS, NY",48.98%,24.58%,17210,
"IBERVILLE, LA",48.91%,32.77%,17480,
"GRAYSON, KY",48.88%,29.30%,6170,
"FARIBAULT, MN",48.88%,32.37%,5274,
"ST JOHN THE BAPTIST, LA",48.87%,32.90%,20933,
"DUNKLIN, MO",48.83%,45.11%,4673,
"DAWSON, NE",48.82%,19.46%,3572,
"JOHNSON, NE",48.79%,21.06%,660,
"BRECKINRIDGE, KY",48.78%,28.39%,5773,
"TAYLOR, KY",48.76%,24.04%,3499,
"MONTGOMERY, MO",48.65%,29.73%,37,
"FRONTIER, NE",48.64%,25.03%,843,
"WASHINGTON, MD",48.63%,26.77%,75323,
"REYNOLDS, MO",48.57%,56.98%,1153,
"LOGAN, NE",48.55%,22.38%,344,
"WHITLEY, KY",48.53%,24.83%,20416,
"JOHNSON, MO",48.53%,22.23%,5024,
"PANOLA, MS",48.52%,25.75%,7020,
"GLACIER, MT",48.50%,24.61%,1097,
"GRANT, KY",48.48%,27.28%,19530,
"GLADWIN, MI",48.44%,23.78%,1695,
"HARDIN, KY",48.42%,34.26%,69481,
"ALLEGANY, MD",48.38%,31.03%,16078,
"BUTLER, MO",48.38%,62.67%,12917,
"SAGINAW, MI",48.37%,30.17%,81163,
"CARROLL, KY",48.33%,27.83%,5353,
"RUSSELL, KY",48.32%,27.76%,2028,
"DODGE, NE",48.26%,21.03%,2791,
"ROWAN, KY",48.22%,26.99%,2138,
"ROCKCASTLE, KY",48.21%,27.84%,3358,
"CHARITON, MO",48.19%,27.54%,276,
"BENTON, MO",48.18%,22.84%,1042,
"BOLLINGER, MO",48.16%,60.04%,3206,
"MUSSELSHELL, MT",48.11%,26.05%,979,
"PEARL RIVER, MS",48.09%,27.56%,32064,
"NIAGARA, NY",48.04%,25.81%,42446,
"HAMILTON, NE",48.02%,23.46%,2093,
"CLINTON, NY",47.99%,15.22%,34499,
"UNION, KY",47.99%,38.30%,7318,
"SANILAC, MI",47.97%,25.01%,9773,
"OCEANA, MI",47.96%,40.22%,18883,
"WEBSTER, MS",47.95%,29.28%,5226,
"HENRY, KY",47.94%,27.36%,11524,
"CASS, MO",47.94%,26.69%,21196,
"HURON, MI",47.92%,25.28%,15604,
"COLFAX, NE",47.89%,19.60%,806,
"CASS, MI",47.87%,29.07%,16895,
"FILLMORE, NE",47.86%,18.95%,913,
"CRAWFORD, MO",47.85%,17.37%,2159,
"TUSCOLA, MI",47.84%,29.54%,22376,
"ANTELOPE, NE",47.84%,19.80%,1712,
"DAVIESS, MO",47.84%,21.87%,1733,
"BULLITT, KY",47.80%,31.31%,50035,
"MONROE, MI",47.80%,35.25%,76110,
"PEMISCOT, MO",47.79%,46.67%,3306,
"JOHNSON, KY",47.79%,25.95%,2647,
"GARRARD, KY",47.77%,29.84%,6220,
"SARPY, NE",47.74%,25.22%,46397,
"SAINT MARTIN, LA",47.73%,27.71%,18609,
"VALLEY, NE",47.72%,18.38%,593,
"TATE, MS",47.66%,24.40%,5615,
"OTOE, NE",47.65%,22.99%,2149,
"YALOBUSHA, MS",47.64%,25.52%,3573,
"GOLDEN VALLEY, MT",47.60%,23.20%,250,
"LYON, KY",47.59%,38.35%,3179,
"PETTIS, MO",47.58%,21.65%,1076,
"WASHINGTON, NY",47.58%,25.10%,21679,
"LESLIE, KY",47.48%,21.29%,3218,
"MAGOFFIN, KY",47.45%,24.26%,2061,
"SCHOHARIE, NY",47.45%,27.70%,16172,
"WAYNE, MO",47.45%,63.12%,4257,
"MENOMINEE, MI",47.42%,32.17%,13351,
"RAY, MO",47.37%,18.05%,3230,
"PRINCE GEORGES, MD",47.37%,26.55%,56044,
"MCCREARY, KY",47.35%,23.55%,3945,
"PHELPS, MO",47.34%,21.10%,18623,
"LIVINGSTON, KY",47.33%,31.83%,4568,
"ALGER, MI",47.33%,14.50%,655,
"MASON, MI",47.32%,33.64%,19650,
"CRITTENDEN, KY",47.29%,27.94%,2144,
"ASSUMPTION, LA",47.28%,28.92%,6083,
"WASHINGTON, MS",47.27%,19.78%,1466,
"THAYER, NE",47.25%,18.42%,673,
"PULASKI, KY",47.24%,22.95%,11479,
"CALHOUN, MI",47.23%,23.35%,50877,
"OSCEOLA, MI",47.21%,28.72%,11357,
"CALDWELL, KY",47.20%,34.82%,3621,
"WEST BATON ROUGE, LA",47.20%,31.05%,16550,
"MARSHALL, KY",47.18%,28.25%,17534,
"DEUEL, NE",47.15%,20.88%,613,
"CHENANGO, NY",47.14%,23.84%,30329,
"MUSKEGON, MI",47.13%,34.96%,112941,
"LAUDERDALE, MS",47.12%,28.84%,34519,
"GREEN, KY",47.12%,23.23%,1976,
"POINTE COUPEE, LA",47.11%,27.90%,10796,
"MARION, KY",47.06%,25.35%,3396,
"SAINT CLAIR, MO",47.04%,23.91%,389,
"BRANCH, MI",47.04%,24.75%,16539,
"HARFORD, MD",47.04%,34.94%,73958,
"HERKIMER, NY",47.03%,26.58%,33548,
"JEFFERSON, NY",47.02%,18.54%,6229,
"TRIGG, KY",47.00%,27.94%,1385,
"SAINT LAWRENCE, NY",47.00%,23.60%,48626,
"CLAY, MO",46.99%,25.16%,51405,
"JACKSON, MI",46.98%,34.60%,91157,
"DUNDY, NE",46.97%,16.14%,347,
"BALLARD, KY",46.93%,33.04%,3220,
"SAINTE GENEVIEVE, MO",46.92%,55.98%,552,
"BOX BUTTE, NE",46.91%,23.37%,1891,
"ADAMS, MS",46.83%,14.22%,2398,
"CORTLAND, NY",46.82%,25.82%,20643,
"MONTCALM, MI",46.81%,28.78%,34576,
"GREELEY, NE",46.79%,21.47%,312,
"BARTON, MO",46.76%,21.50%,293,
"JACKSON, MS",46.75%,26.53%,55509,
"MASON, KY",46.72%,24.16%,2517,
"DORCHESTER, MD",46.72%,25.88%,17187,
"OSAGE, MO",46.72%,28.47%,137,
"PRENTISS, MS",46.70%,22.58%,10983,
"CARTER, MO",46.68%,58.37%,1523,
"MARIES, MO",46.68%,26.52%,2078,
"GARRETT, MD",46.64%,24.14%,13771,
"PERRY, MO",46.64%,61.02%,1801,
"OWEN, KY",46.64%,26.71%,3849,
"ITAWAMBA, MS",46.63%,23.40%,11039,
"SAINT LANDRY, LA",46.62%,25.72%,15428,
"TISHOMINGO, MS",46.61%,19.48%,8947,
"PISCATAQUIS, ME",46.59%,27.42%,1674,
"GAGE, NE",46.59%,30.18%,12712,
"WEBSTER, NE",46.59%,23.47%,1129,
"CALCASIEU, LA",46.59%,21.24%,38190,
"GREENE, NY",46.53%,32.55%,21165,
"MONTGOMERY, NY",46.49%,25.20%,7864,
"BOONE, NE",46.49%,19.36%,940,
"IBERIA, LA",46.47%,25.36%,12699,
"GENESEE, NY",46.38%,23.04%,31532,
"LIVINGSTON, MO",46.37%,27.39%,6649,
"ANNE ARUNDEL, MD",46.32%,40.37%,119382,
"PENOBSCOT, ME",46.31%,30.61%,33417,
"BAY, MI",46.29%,24.26%,22316,
"MOREHOUSE, LA",46.28%,28.54%,4825,
"IONIA, MI",46.28%,28.88%,25682,
"BURT, NE",46.27%,18.83%,616,
"PLATTE, NE",46.26%,18.01%,3815,
"AITKIN, MN",46.24%,29.09%,8052,
"PONTOTOC, MS",46.21%,21.65%,12922,
"BANNER, NE",46.20%,23.98%,171,
"POLK, NE",46.19%,23.19%,565,
"JACKSON, MO",46.19%,25.89%,160282,
"HENDERSON, KY",46.18%,31.23%,25654,
"RICHLAND, MT",46.17%,25.63%,5805,
"WEBSTER, KY",46.14%,34.86%,4705,
"ACADIA, LA",46.12%,25.81%,16500,
"WASHINGTON, LA",46.11%,30.33%,18737,
"LOWNDES, MS",46.11%,23.94%,22546,
"BREATHITT, KY",46.08%,23.54%,1784,
"TANGIPAHOA, LA",46.02%,28.23%,68346,
"LAFOURCHE, LA",46.00%,26.44%,20345,
"MADISON, NY",45.96%,21.60%,14476,
"CLAY, NE",45.94%,25.69%,1911,
"MISSISSIPPI, MO",45.94%,57.29%,5416,
"MORRISON, MN",45.91%,29.93%,13347,
"IOSCO, MI",45.88%,21.77%,1663,
"NODAWAY, MO",45.88%,16.39%,10251,
"MILLE LACS, MN",45.87%,36.39%,11009,
"WYOMING, NY",45.86%,20.54%,11911,
"MECOSTA, MI",45.83%,27.88%,23164,
"OUACHITA, LA",45.81%,25.27%,51064,
"RENSSELAER, NY",45.80%,27.81%,69296,
"GARDEN, NE",45.79%,22.03%,522,
"STANTON, NE",45.78%,18.84%,1221,
"NEWAYGO, MI",45.72%,30.83%,30689,
"CIBOLA, NM",45.71%,19.43%,3185,
"CARROLL, MO",45.65%,23.32%,909,
"MAHNOMEN, MN",45.65%,30.25%,2688,
"FRANKLIN, LA",45.64%,19.24%,2360,
"RED LAKE, MN",45.62%,32.88%,2637,
"OGEMAW, MI",45.61%,20.22%,1197,
"GRAVES, KY",45.55%,28.92%,13760,
"MARTIN, MN",45.55%,36.48%,4918,
"GRANT, MN",45.54%,30.55%,3142,
"MADISON, LA",45.53%,21.66%,817,
"HART, KY",45.53%,27.38%,2392,
"TODD, MN",45.51%,28.91%,12848,
"ADAMS, NE",45.51%,26.46%,12383,
"CALHOUN, MS",45.47%,19.14%,5349,
"MINERAL, NV",45.45%,21.56%,473,
"SHELBY, KY",45.43%,27.65%,25908,
"STODDARD, MO",45.39%,58.90%,8251,
"SENECA, NY",45.37%,20.10%,13221,
"LANDER, NV",45.37%,18.89%,540,
"DELTA, MI",45.30%,17.34%,20991,
"ELLIOTT, KY",45.30%,24.50%,755,
"FULTON, NY",45.29%,18.96%,10864,
"JEFFERSON, NE",45.29%,23.79%,2270,
"FRANKLIN, KY",45.27%,32.51%,24038,
"VAN BUREN, MI",45.25%,25.07%,45223,
"CONCORDIA, LA",45.24%,19.56%,1375,
"SAINT CHARLES, LA",45.22%,33.75%,28766,
"LAMAR, MS",45.22%,27.03%,27908,
"BENTON, MS",45.18%,20.98%,2459,
"LEWIS, NY",45.17%,19.80%,1833,
"GRUNDY, MO",45.14%,28.80%,5046,
"UNION, LA",45.13%,24.05%,3672,
"WHEATLAND, MT",45.12%,16.16%,328,
"BLAINE, MT",45.11%,19.93%,552,
"SAINT CLAIR, MI",45.08%,25.95%,15891,
"EAST FELICIANA, LA",45.03%,25.50%,9787,
"CUMING, NE",45.00%,17.84%,880,
"SAINT BERNARD, LA",44.98%,28.62%,20379,
"ALCONA, MI",44.97%,23.77%,547,
"MORRILL, NE",44.97%,22.66%,1381,
"BERRIEN, MI",44.95%,33.41%,81633,
"HARRISON, MS",44.91%,22.21%,41457,
"DE BACA, NM",44.89%,18.98%,274,
"BOONE, KY",44.87%,28.57%,92600,
"LINCOLN, NE",44.87%,23.22%,18254,
"BIG HORN, MT",44.86%,22.94%,1665,
"WADENA, MN",44.86%,24.77%,10121,
"ONONDAGA, NY",44.85%,22.60%,83986,
"MOWER, MN",44.84%,22.42%,281,
"CALLOWAY, KY",44.83%,27.42%,5762,
"SAINT JAMES, LA",44.82%,29.42%,6780,
"PULASKI, MO",44.82%,20.01%,10708,
"NORMAN, MN",44.82%,32.65%,4061,
"ITASCA, MN",44.81%,33.23%,27151,
"CHOUTEAU, MT",44.80%,23.73%,1884,
"COOPER, MO",44.79%,19.02%,163,
"ERIE, NY",44.77%,25.26%,118567,
"BEAUREGARD, LA",44.74%,17.30%,3885,
"WARREN, NJ",44.68%,28.29%,33406,
"KENTON, KY",44.66%,29.40%,104504,
"UNION, MS",44.65%,21.76%,13987,
"FORREST, MS",44.64%,25.79%,52686,
"MARSHALL, MN",44.61%,28.34%,5920,
"CASEY, KY",44.60%,22.40%,1955,
"WASHINGTON, NE",44.60%,20.59%,2074,
"PASSAIC, NJ",44.55%,32.07%,51164,
"FLEMING, KY",44.53%,25.35%,2430,
"MARQUETTE, MI",44.50%,16.27%,3510,
"BELL, KY",44.50%,20.06%,4416,
"OREGON, MO",44.48%,32.82%,326,
"GLOUCESTER, NJ",44.47%,28.40%,114375,
"CALDWELL, LA",44.47%,19.45%,1383,
"MCCRACKEN, KY",44.42%,31.82%,40121,
"TOOLE, MT",44.40%,19.01%,563,
"LINN, MO",44.40%,23.71%,1822,
"BOYLE, KY",44.40%,24.08%,4534,
"SAUNDERS, NE",44.37%,22.75%,3196,
"HANCOCK, KY",44.35%,21.96%,947,
"QUEEN ANNES, MD",44.31%,37.68%,20462,
"SOMERSET, ME",44.28%,20.10%,5219,
"PERSHING, NV",44.27%,20.12%,646,
"ALLEGANY, NY",44.27%,26.54%,19835,
"BARRY, MI",44.26%,28.32%,30896,
"CHERRY, NE",44.25%,16.99%,965,
"HANCOCK, MS",44.24%,22.95%,13699,
"CAYUGA, NY",44.22%,20.54%,10936,
"ALCORN, MS",44.22%,17.63%,6875,
"WAYNE, MI",44.18%,29.22%,653849,
"DELAWARE, NY",44.17%,24.12%,25966,
"NUCKOLLS, NE",44.17%,19.31%,720,
"KANABEC, MN",44.15%,29.91%,1615,
"MADISON, MS",44.14%,19.44%,29248,
"KIMBALL, NE",44.14%,18.84%,913,
"WOODFORD, KY",44.13%,28.20%,7464,
"TENSAS, LA",44.12%,17.19%,442,
"CARLISLE, KY",44.09%,30.21%,2191,
"CEDAR, MO",44.08%,20.11%,363,
"WAYNE, NY",44.07%,25.15%,59672,
"HAMPDEN, MA",44.02%,31.01%,98898,
"RICHLAND, LA",44.01%,19.56%,3215,
"TORRANCE, NM",44.01%,19.48%,3445,
"PONDERA, MT",44.00%,21.37%,950,
"KENT, MD",43.99%,25.33%,8796,
"TIOGA, NY",43.98%,21.97%,31642,
"WILKIN, MN",43.97%,33.78%,4239,
"TIPPAH, MS",43.96%,18.98%,5880,
"PLAQUEMINES, LA",43.96%,30.45%,10327,
"MARTIN, KY",43.94%,25.67%,974,
"SCHUYLER, NY",43.93%,20.76%,10679,
"BATH, KY",43.93%,25.20%,2750,
"LYON, NV",43.93%,19.81%,15041,
"BENTON, MN",43.92%,35.66%,22712,
"LIVINGSTON, LA",43.90%,28.94%,83476,
"KNOX, NE",43.88%,18.53%,1160,
"SEWARD, NE",43.87%,17.40%,3189,
"LIVINGSTON, NY",43.87%,23.57%,36564,
"MACOMB, MI",43.84%,26.31%,308449,
"OSCODA, MI",43.82%,24.38%,283,
"MEEKER, MN",43.81%,35.92%,5357,
"BOLIVAR, MS",43.81%,18.96%,1477,
"VERMILION, LA",43.80%,24.81%,16516,
"SALEM, NJ",43.78%,22.76%,16773,
"ISANTI, MN",43.77%,32.76%,7528,
"KOOCHICHING, MN",43.75%,26.60%,7634,
"LEWIS, MO",43.75%,22.92%,48,
"CLARE, MI",43.74%,22.21%,2062,
"MERCER, MO",43.67%,24.63%,1470,
"SCOTTS BLUFF, NE",43.65%,25.06%,17268,
"CAMPBELL, KY",43.64%,27.56%,58584,
"FRANKLIN, ME",43.63%,27.15%,15390,
"MCKINLEY, NM",43.54%,17.09%,2703,
"JEFFERSON, LA",43.54%,29.50%,219233,
"ESSEX, NY",43.50%,15.91%,14819,
"LEE, MS",43.49%,21.01%,45749,
"CASS, MN",43.46%,30.74%,16204,
"DOUGLAS, NE",43.45%,24.54%,104942,
"MILLER, MO",43.37%,22.22%,279,
"CHEYENNE, NE",43.30%,21.84%,5372,
"GUADALUPE, NM",43.26%,18.73%,534,
"CARTER, KY",43.25%,24.09%,2437,
"ALLEGAN, MI",43.24%,26.44%,48640,
"SCOTT, MO",43.17%,55.17%,13441,
"ELKO, NV",43.15%,20.27%,9884,
"ONEIDA, NY",43.14%,23.32%,92900,
"JEFFERSON, KY",43.13%,28.11%,420626,
"ADAIR, KY",43.12%,22.47%,2078,
"LEWIS, KY",43.11%,21.55%,849,
"STEUBEN, NY",43.09%,21.34%,59088,
"MCPHERSON, NE",43.08%,23.85%,130,
"CAMDEN, NJ",43.03%,25.65%,254171,
"SALINE, NE",43.01%,20.40%,6077,
"WASHINGTON, ME",43.01%,21.27%,1932,
"BRISTOL, MA",42.96%,38.19%,211062,
"TREASURE, MT",42.96%,19.72%,142,
"DONA ANA, NM",42.96%,22.77%,5438,
"WALDO, ME",42.92%,26.95%,18531,
"SWIFT, MN",42.92%,34.47%,4842,
"PUTNAM, MO",42.89%,22.37%,380,
"GASCONADE, MO",42.86%,14.97%,441,
"WAYNE, NE",42.83%,12.97%,3516,
"WEST CARROLL, LA",42.82%,19.44%,1497,
"YATES, NY",42.81%,20.04%,10751,
"AROOSTOOK, ME",42.78%,21.51%,15821,
"GRATIOT, MI",42.76%,21.98%,2320,
"SHERIDAN, NE",42.73%,16.52%,557,
"CEDAR, NE",42.73%,15.19%,2001,
"CHAVES, NM",42.71%,26.49%,9093,
"STEVENS, MN",42.68%,24.78%,1961,
"MIDLAND, MI",42.67%,21.27%,7220,
"CASCADE, MT",42.66%,20.42%,34998,
"PENNINGTON, MN",42.65%,33.62%,9241,
"BOURBON, KY",42.61%,29.28%,11774,
"WRIGHT, MN",42.61%,27.10%,25461,
"PAWNEE, NE",42.59%,21.58%,533,
"LAPEER, MI",42.59%,24.65%,14025,
"KEITH, NE",42.58%,20.18%,2081,
"NEWTON, MO",42.58%,17.48%,761,
"PLATTE, MO",42.57%,22.99%,30216,
"ANDROSCOGGIN, ME",42.55%,22.24%,42727,
"CHIPPEWA, MN",42.55%,32.64%,6548,
"JESSAMINE, KY",42.52%,28.69%,22374,
"ASCENSION, LA",42.51%,31.19%,83307,
"SHERIDAN, MT",42.51%,15.31%,614,
"DIXON, NE",42.48%,15.25%,2321,
"CUMBERLAND, NJ",42.47%,18.70%,19255,
"OTSEGO, NY",42.46%,23.13%,36060,
"MADISON, NE",42.46%,17.74%,14670,
"PINE, MN",42.45%,28.48%,7141,
"SCHENECTADY, NY",42.44%,20.05%,24366,
"BALTIMORE CITY, MD",42.41%,28.47%,119048,
"HIDALGO, NM",42.37%,18.64%,59,
"ALLEN, LA",42.37%,18.41%,2032,
"DAWSON, MT",42.34%,17.20%,907,
"WARREN, NY",42.27%,18.95%,21468,
"JASPER, MO",42.27%,18.20%,2484,
"BALTIMORE, MD",42.27%,30.85%,170014,
"CALLAWAY, MO",42.25%,23.94%,142,
"CHEMUNG, NY",42.22%,24.61%,54981,
"LANCASTER, NE",42.21%,20.83%,93635,
"OXFORD, ME",42.19%,26.03%,26654,
"RENVILLE, MN",42.19%,34.07%,3475,
"CROW WING, MN",42.18%,26.71%,35260,
"CARROLL, MD",42.06%,23.49%,18452,
"WABASHA, MN",42.03%,28.07%,1913,
"ROSEBUD, MT",42.02%,20.78%,1492,
"CAPE GIRARDEAU, MO",42.00%,56.01%,25333,
"CHASE, NE",41.98%,18.83%,786,
"SAINT MARY, LA",41.98%,21.56%,11663,
"NEW MADRID, MO",41.97%,51.89%,3800,
"YELLOWSTONE, MT",41.93%,20.88%,51479,
"POPE, MN",41.93%,25.94%,2540,
"SHERBURNE, MN",41.92%,30.49%,35582,
"COLUMBIA, NY",41.91%,24.66%,27341,
"SARATOGA, NY",41.89%,23.31%,105718,
"CHISAGO, MN",41.87%,32.42%,22107,
"VALENCIA, NM",41.86%,20.23%,25197,
"STILLWATER, MT",41.85%,19.12%,2239,
"PETROLEUM, MT",41.79%,16.42%,67,
"DICKINSON, MI",41.79%,21.44%,11559,
"PERKINS, NE",41.69%,18.22%,686,
"ALBANY, NY",41.64%,23.53%,134783,
"BROOME, NY",41.62%,21.74%,123341,
"KENNEBEC, ME",41.59%,17.19%,18015,
"COTTONWOOD, MN",41.58%,24.52%,5570,
"ROSEAU, MN",41.57%,19.73%,9405,
"BECKER, MN",41.55%,33.89%,23093,
"KANDIYOHI, MN",41.54%,38.98%,27532,
"LAFAYETTE, LA",41.50%,25.09%,99516,
"CUSTER, MT",41.50%,17.61%,4299,
"HAMILTON, NY",41.48%,16.29%,1068,
"MCLEAN, KY",41.46%,23.56%,849,
"EAST BATON ROUGE, LA",41.32%,26.59%,235615,
"HILL, MT",41.31%,18.40%,1859,
"OLDHAM, KY",41.24%,26.71%,34091,
"FREDERICK, MD",41.23%,18.63%,16305,
"METCALFE, KY",41.22%,17.91%,296,
"GENESEE, MI",41.20%,25.30%,58060,
"BURLINGTON, NJ",41.12%,23.20%,224735,
"KALAMAZOO, MI",41.07%,21.60%,128095,
"LIBERTY, MT",41.03%,15.86%,290,
"ROSCOMMON, MI",41.03%,23.89%,1377,
"CLINTON, KY",41.02%,21.61%,1180,
"SAINT LOUIS, MN",41.00%,28.54%,102172,
"CLARK, KY",40.98%,25.02%,12316,
"LAFAYETTE, MS",40.95%,22.66%,13357,
"MONROE, NY",40.93%,22.59%,489196,
"FAYETTE, KY",40.91%,28.02%,124717,
"OTTER TAIL, MN",40.91%,31.48%,37623,
"ONTONAGON, MI",40.91%,21.02%,176,
"PIKE, MO",40.91%,,44,
"HUBBARD, MN",40.87%,27.83%,13302,
"TETON, MT",40.86%,18.84%,2112,
"HUMBOLDT, NV",40.86%,18.28%,1422,
"CALVERT, MD",40.85%,24.30%,2881,
"FILLMORE, MN",40.84%,26.00%,2904,
"SAINT TAMMANY, LA",40.82%,25.75%,123166,
"MONITEAU, MO",40.82%,,49,
"PRAIRIE, MT",40.73%,19.35%,248,
"WIBAUX, MT",40.71%,11.50%,113,
"MANISTEE, MI",40.70%,22.11%,2356,
"BROADWATER, MT",40.70%,18.88%,2580,
"ONTARIO, NY",40.62%,22.70%,72350,
"ORLEANS, LA",40.61%,26.72%,172098,
"SOCORRO, NM",40.58%,18.16%,6934,
"JACKSON, MN",40.56%,29.67%,4509,
"POLK, MN",40.55%,29.18%,19979,
"BIG STONE, MN",40.51%,30.30%,1528,
"SULLIVAN, NH",40.49%,20.61%,22352,
"LEWIS AND CLARK, MT",40.49%,20.31%,35195,
"CARLTON, MN",40.45%,28.47%,14726,
"REDWOOD, MN",40.44%,30.66%,6739,
"EVANGELINE, LA",40.39%,20.93%,2570,
"SAINT MARYS, MD",40.38%,19.51%,2635,
"STEARNS, MN",40.32%,32.43%,90325,
"QUAY, NM",40.21%,14.85%,3151,
"SCHOOLCRAFT, MI",40.20%,15.39%,903,
"DAVIESS, KY",40.18%,21.67%,11866,
"EAST CARROLL, LA",40.18%,19.82%,570,
"KENT, MI",40.15%,27.70%,427877,
"HANCOCK, ME",40.13%,21.46%,5290,
"POWELL, MT",40.11%,16.21%,728,
"MORA, NM",40.11%,16.36%,379,
"TRAVERSE, MN",40.09%,29.29%,2113,
"SUFFOLK, NY",40.05%,27.05%,310041,
"CATAHOULA, LA",40.00%,18.90%,455,
"HAYES, NE",40.00%,13.53%,170,
"STEELE, MN",40.00%,24.59%,370,
"ESSEX, NJ",39.99%,25.11%,150744,
"RIO ARRIBA, NM",39.99%,17.32%,12644,
"JACKSON, LA",39.93%,16.15%,904,
"MCLEOD, MN",39.91%,25.57%,1283,
"PHILLIPS, MT",39.86%,16.37%,281,
"FERGUS, MT",39.82%,15.94%,1587,
"MISSAUKEE, MI",39.73%,18.70%,818,
"SHIAWASSEE, MI",39.71%,21.63%,3440,
"CURRY, NM",39.70%,17.22%,14737,
"ROOSEVELT, MT",39.66%,17.31%,1069,
"SULLIVAN, MO",39.66%,21.46%,522,
"EATON, MI",39.64%,20.42%,8893,
"CAMDEN, MO",39.61%,19.81%,1030,
"ANOKA, MN",39.60%,27.61%,76451,
"MACKINAC, MI",39.55%,18.08%,354,
"SULLIVAN, NY",39.50%,23.25%,18097,
"LUNA, NM",39.45%,18.04%,654,
"YORK, ME",39.39%,21.62%,86699,
"FALLON, MT",39.37%,17.26%,475,
"DEER LODGE, MT",39.31%,12.73%,1155,
"SANDOVAL, NM",39.29%,19.35%,54839,
"OHIO, KY",39.25%,20.02%,1144,
"SUSSEX, NJ",39.24%,23.08%,4455,
"CAPE MAY, NJ",39.17%,22.49%,33321,
"NYE, NV",39.15%,22.68%,6419,
"LIVINGSTON, MI",39.15%,28.07%,77252,
"DAWES, NE",39.11%,16.94%,744,
"SAN MIGUEL, NM",39.10%,18.03%,2890,
"CARSON CITY, NV",39.10%,14.34%,10312,
"JUDITH BASIN, MT",39.09%,15.83%,417,
"CECIL, MD",39.04%,23.55%,12391,
"TODD, KY",39.02%,13.41%,164,
"CLARK, MO",39.02%,20.98%,305,
"CLEARWATER, MN",39.01%,30.44%,5914,
"CUMBERLAND, KY",38.99%,16.97%,218,
"OTTAWA, MI",38.96%,26.55%,160862,
"CHURCHILL, NV",38.95%,17.64%,6621,
"DAKOTA, NE",38.93%,18.33%,8364,
"DOUGLAS, MN",38.89%,29.71%,13071,
"KNOX, ME",38.80%,20.52%,26796,
"COLE, MO",38.77%,20.76%,472,
"PIERCE, NE",38.72%,15.73%,2340,
"CLAY, MN",38.68%,34.71%,42191,
"HUDSON, NJ",38.68%,25.42%,110044,
"TALBOT, MD",38.66%,22.06%,19496,
"HILLSBOROUGH, NH",38.64%,19.85%,119289,
"ISABELLA, MI",38.63%,19.83%,3808,
"HOUSTON, MN",38.57%,24.79%,8301,
"LINCOLN, ME",38.56%,22.16%,21537,
"FRANKLIN, MO",38.43%,15.05%,432,
"MONTMORENCY, MI",38.41%,22.46%,414,
"CHESHIRE, NH",38.40%,20.32%,37785,
"LYON, MN",38.38%,24.51%,3484,
"INGHAM, MI",38.36%,20.93%,20966,
"DAKOTA, MN",38.29%,29.33%,78301,
"THOMAS, NE",38.28%,17.49%,303,
"COOS, NH",38.27%,12.27%,4100,
"COLFAX, NM",38.25%,17.80%,983,
"SILVER BOW, MT",38.21%,15.88%,17174,
"CARBON, MT",38.19%,15.33%,2773,
"IRON, MI",38.16%,19.66%,1719,
"MIDDLESEX, NJ",38.15%,23.36%,122341,
"LINCOLN, LA",38.11%,16.75%,2776,
"BERNALILLO, NM",38.10%,18.84%,222066,
"SAINT LOUIS CITY, MO",38.07%,22.18%,8566,
"POWDER RIVER, MT",38.06%,15.16%,310,
"OCEAN, NJ",38.05%,19.65%,99327,
"SAGADAHOC, ME",38.03%,20.23%,19267,
"KITTSON, MN",37.98%,25.97%,2838,
"AVOYELLES, LA",37.98%,21.26%,2117,
"TAOS, NM",37.96%,15.56%,3683,
"WATONWAN, MN",37.91%,21.63%,430,
"UNION, NM",37.82%,13.45%,275,
"LEA, NM",37.81%,14.67%,484,
"LE SUEUR, MN",37.69%,26.28%,605,
"YELLOW MEDICINE, MN",37.61%,30.80%,3523,
"ORANGE, NY",37.61%,20.25%,55665,
"MINERAL, MT",37.41%,20.86%,139,
"VERNON, LA",37.41%,14.09%,1604,
"COOK, MN",37.37%,15.40%,2039,
"SWEET GRASS, MT",37.34%,19.71%,482,
"HICKORY, MO",37.34%,18.03%,233,
"NOBLES, MN",37.32%,34.85%,10018,
"UNION, NJ",37.30%,22.11%,65369,
"SOMERSET, NJ",37.24%,21.49%,63592,
"WHITE PINE, NV",37.23%,15.38%,728,
"LAKE OF THE WOODS, MN",37.10%,22.06%,1682,
"MONROE, KY",37.07%,18.53%,259,
"BARAGA, MI",37.06%,16.47%,170,
"DOUGLAS, MO",37.06%,14.72%,197,
"SCHUYLER, MO",36.99%,23.29%,73,
"MEAGHER, MT",36.96%,19.32%,533,
"BARNSTABLE, MA",36.94%,31.95%,54004,
"LAWRENCE, KY",36.90%,16.08%,1710,
"WEXFORD, MI",36.90%,16.49%,2225,
"BRONX, NY",36.88%,27.61%,439861,
"PLYMOUTH, MA",36.86%,29.43%,118810,
"JEFFERSON, MT",36.84%,18.12%,5741,
"RICE, MN",36.83%,25.23%,1716,
"WEST FELICIANA, LA",36.79%,18.64%,5509,
"BLAINE, NE",36.79%,14.15%,106,
"NASSAU, NY",36.69%,26.19%,311601,
"PRESQUE ISLE, MI",36.60%,20.98%,429,
"EUREKA, NV",36.55%,15.74%,197,
"HOOKER, NE",36.53%,19.95%,386,
"WINONA, MN",36.48%,23.91%,12102,
"EDDY, NM",36.48%,17.26%,869,
"GOGEBIC, MI",36.48%,18.20%,1346,
"TOMPKINS, NY",36.45%,14.94%,42477,
"ULSTER, NY",36.44%,22.16%,24969,
"LINCOLN, NM",36.40%,11.48%,9713,
"WORCESTER, MA",36.37%,26.76%,349788,
"MURRAY, MN",36.29%,26.25%,3654,
"SCOTT, MN",36.24%,27.59%,15816,
"CHRISTIAN, KY",36.18%,19.03%,1755,
"HOPKINS, KY",36.12%,20.28%,5734,
"SIBLEY, MN",36.07%,25.57%,305,
"LAKE, MN",36.02%,24.54%,2787,
"BLUE EARTH, MN",36.01%,21.86%,883,
"WINN, LA",36.00%,14.46%,325,
"ROCKINGHAM, NH",36.00%,20.80%,53157,
"EDMONSON, KY",35.98%,20.84%,667,
"MACON, MO",35.90%,14.53%,117,
"ROCKLAND, NY",35.87%,16.31%,58047,
"GOODHUE, MN",35.84%,24.75%,812,
"OZARK, MO",35.77%,14.63%,123,
"RAMSEY, MN",35.71%,26.50%,105237,
"CRAWFORD, MI",35.70%,19.57%,465,
"BELTRAMI, MN",35.62%,31.00%,28929,
"WASECA, MN",35.57%,26.17%,149,
"MERCER, NJ",35.57%,21.81%,75340,
"WASHINGTON, MN",35.55%,29.56%,52547,
"OAKLAND, MI",35.53%,23.77%,418626,
"GREENUP, KY",35.46%,19.39%,2042,
"DADE, MO",35.39%,16.85%,178,
"WASHTENAW, MI",35.38%,24.69%,128127,
"TERREBONNE, LA",35.38%,15.48%,17283,
"ROOSEVELT, NM",35.35%,13.21%,3270,
"MERRIMACK, NH",35.35%,17.37%,35257,
"ATLANTIC, NJ",35.34%,15.77%,57807,
"OTERO, NM",35.34%,11.32%,3744,
"DANIELS, MT",35.23%,12.50%,176,
"STOREY, NV",34.88%,19.60%,602,
"ALPENA, MI",34.81%,20.77%,698,
"LAC QUI PARLE, MN",34.79%,25.87%,1581,
"BARREN, KY",34.55%,17.79%,1832,
"GREENE, MO",34.54%,13.79%,20197,
"ESSEX, MA",34.46%,25.50%,180375,
"LINCOLN, MN",34.35%,26.78%,687,
"BROWN, MN",34.34%,24.36%,661,
"HOWARD, MD",34.32%,22.34%,42848,
"WASHOE, NV",34.26%,20.93%,170470,
"HUNTERDON, NJ",34.25%,17.48%,14898,
"KINGS, NY",34.20%,26.48%,487785,
"HOUGHTON, MI",34.19%,12.47%,778,
"CARTER, MT",34.17%,15.08%,199,
"CHEBOYGAN, MI",34.15%,17.41%,896,
"WEBSTER, MO",34.00%,11.17%,2212,
"CHIPPEWA, MI",33.99%,16.21%,759,
"BEAVERHEAD, MT",33.84%,14.59%,1844,
"BERGEN, NJ",33.79%,24.37%,160483,
"BELKNAP, NH",33.72%,16.41%,8981,
"WRIGHT, MO",33.40%,12.27%,497,
"HENNEPIN, MN",33.39%,21.85%,222182,
"BIENVILLE, LA",33.33%,11.81%,237,
"HARDING, NM",33.33%,12.64%,87,
"MCCONE, MT",33.33%,15.91%,264,
"SAN JUAN, NM",33.20%,15.26%,1750,
"BOONE, MO",33.20%,12.45%,1205,
"MONMOUTH, NJ",33.19%,17.47%,80418,
"DUTCHESS, NY",33.16%,17.95%,13638,
"OTSEGO, MI",33.09%,16.49%,940,
"OLMSTED, MN",33.08%,16.67%,1176,
"CARROLL, NH",33.04%,17.09%,16583,
"BOYD, KY",32.98%,16.98%,3187,
"VALLEY, MT",32.90%,13.32%,383,
"QUEENS, NY",32.78%,23.73%,389272,
"ROCK, MN",32.76%,23.74%,5779,
"RAPIDES, LA",32.74%,15.96%,3665,
"KALKASKA, MI",32.66%,14.31%,692,
"MISSOULA, MT",32.50%,12.93%,6742,
"GRAFTON, NH",32.48%,15.84%,29867,
"CLARK, NV",32.47%,24.28%,215581,
"SUFFOLK, MA",32.38%,26.40%,258312,
"GRANT, LA",32.32%,15.02%,526,
"EMMET, MI",32.27%,14.05%,1844,
"DODGE, MN",32.19%,21.23%,146,
"ARTHUR, NE",32.14%,,84,
"MUHLENBERG, KY",32.13%,14.75%,1363,
"GARFIELD, MT",32.12%,16.58%,193,
"HOWELL, MO",31.91%,15.83%,398,
"STRAFFORD, NH",31.90%,16.53%,6275,
"MIDDLESEX, MA",31.65%,24.69%,464719,
"LAKE, MT",31.58%,15.79%,304,
"PUTNAM, NY",31.55%,15.88%,6580,
"CATRON, NM",31.54%,12.85%,428,
"LA SALLE, LA",31.53%,14.69%,463,
"FRANKLIN, MA",31.52%,20.72%,7607,
"GRANT, NE",31.50%,15.50%,200,
"HAMPSHIRE, MA",31.47%,20.55%,10659,
"CUMBERLAND, ME",31.42%,16.23%,125245,
"GRANITE, MT",31.40%,14.53%,172,
"SIOUX, NE",31.37%,18.63%,102,
"MORRIS, NJ",31.32%,17.67%,25178,
"PIPESTONE, MN",31.31%,22.27%,1648,
"ADAIR, MO",31.28%,18.11%,243,
"WESTCHESTER, NY",30.90%,18.60%,196667,
"DALLAS, MO",30.88%,14.63%,800,
"DOUGLAS, NV",30.61%,11.85%,7074,
"MONROE, MO",30.56%,,36,
"LOS ALAMOS, NM",30.49%,11.87%,1912,
"SABINE, LA",30.47%,16.05%,430,
"MCDONALD, MO",30.31%,13.71%,518,
"SANDERS, MT",30.28%,16.20%,142,
"CLINTON, MI",30.26%,13.79%,3067,
"MONTGOMERY, MD",30.25%,15.07%,46158,
"NATCHITOCHES, LA",30.23%,15.95%,602,
"LACLEDE, MO",30.23%,10.33%,3708,
"WARREN, MO",30.08%,13.82%,123,
"GRANT, NM",30.05%,9.63%,436,
"BENZIE, MI",30.00%,13.13%,830,
"SIERRA, NM",29.95%,18.77%,1476,
"CARVER, MN",29.86%,21.81%,5865,
"RICHMOND, NY",29.60%,15.50%,47679,
"CHRISTIAN, MO",29.59%,13.35%,2764,
"BUTLER, KY",29.54%,12.89%,1459,
"PARK, MT",29.43%,17.69%,3969,
"SANTA FE, NM",29.36%,15.03%,29582,
"STONE, MO",29.32%,12.88%,955,
"NICOLLET, MN",29.18%,18.70%,401,
"MADISON, MT",28.90%,17.99%,2007,
"LINCOLN, MT",28.69%,13.93%,122,
"LAWRENCE, MO",28.63%,12.10%,992,
"CHARLEVOIX, MI",28.48%,13.31%,1127,
"POLK, MO",28.45%,12.27%,717,
"NORFOLK, MA",28.39%,22.07%,144144,
"LINCOLN, MO",28.33%,12.92%,240,
"RALLS, MO",,,25,
"KEWEENAW, MI",27.78%,20.37%,54,
"SAINT LOUIS, MO",27.65%,13.72%,11973,
"BERKSHIRE, MA",27.51%,13.80%,4304,
"LINCOLN, NV",26.96%,11.78%,382,
"ESMERALDA, NV",26.83%,,41,
"WARREN, KY",26.74%,12.37%,5157,
"CLAIBORNE, LA",26.00%,12.00%,200,
"LOGAN, KY",25.98%,12.15%,535,
"BARRY, MO",25.63%,12.15%,757,
"RAVALLI, MT",25.62%,12.05%,722,
"ANTRIM, MI",25.41%,11.89%,1169,
"DUKES, MA",24.64%,30.82%,2265,
"GALLATIN, MT",24.32%,15.15%,51918,
"FLATHEAD, MT",24.27%,10.12%,820,
"NEW YORK, NY",24.18%,17.12%,253807,
"TANEY, MO",23.96%,9.78%,2884,
"SIMPSON, KY",23.77%,9.18%,1035,
"SHELBY, MO",,,17,
"GRAND TRAVERSE, MI",22.48%,8.01%,5080,
"LEELANAU, MI",22.11%,9.83%,977,
"WEBSTER, LA",21.73%,10.12%,405,
"RED RIVER, LA",21.57%,,102,
"ALLEN, KY",21.36%,9.70%,969,
"NANTUCKET, MA",20.89%,16.88%,474,
"BOSSIER, LA",20.50%,9.45%,1693,
"DE SOTO, LA",19.70%,8.98%,401,
"CADDO, LA",19.64%,8.22%,4451,
"SAINT CHARLES, MO",18.96%,9.91%,3824,
"JEFFERSON, MO",14.95%,8.79%,3230,
None of the above,36.72%,23.01%,1042373,
Total,40.40%,25.60%,22494927,
