Session Title,OBESITY by ICD and BMI County NCTX Age 2026,,,
Session ID,2818143,,,
Data Model,Patients,,,
Population Base,All Patients,,,
Population Criteria Filters: These criteria are a summary and do not fully reflect the content of the exported session.,"State of Residence: North Carolina, North Dakota, Ohio, Oklahoma, Oregon, Pennsylvania, Rhode Island, South Carolina, South Dakota, Tennessee, Texas",Country of Residence: United States of America,Has Any Encounters?,Base Patient
Session Date Range,1/1/2026 - 3/30/2026,,,
Export User,Stephanie Perniciaro,,,
Date of Export,5/4/2026,,,
,,,,
,,,,
Measures,BMI 30+ (%),OBESITY (%),Number of Patients,
County of Residence,,,,
"WILLIAMSBURG, SC",55.71%,27.84%,12221,
"MCKEAN, PA",55.48%,23.49%,4977,
"CLAY, TN",55.26%,31.58%,38,
"POTTER, PA",54.82%,21.09%,4681,
"MARTIN, NC",54.32%,36.76%,10950,
"CLINTON, PA",54.29%,21.53%,5110,
"GATES, NC",54.04%,36.55%,4569,
"BERTIE, NC",54.04%,35.12%,9993,
"PIKE, OH",53.86%,39.98%,10277,
"WASHINGTON, NC",53.71%,38.62%,6038,
"JACKSON, OH",53.46%,32.46%,9764,
"LENOIR, NC",53.35%,36.35%,27504,
"FAYETTE, OH",53.31%,44.31%,12752,
"BAMBERG, SC",53.29%,22.89%,5211,
"SOMERSET, PA",53.17%,29.01%,24472,
"SAMPSON, NC",52.97%,28.35%,17431,
"MARLBORO, SC",52.95%,23.91%,6206,
"LAKE, TN",52.92%,28.67%,1608,
"MARION, TN",52.89%,23.67%,6818,
"WILSON, NC",52.89%,36.27%,25067,
"CAMERON, PA",52.89%,26.05%,641,
"VINTON, OH",52.83%,33.18%,4240,
"MEIGS, OH",52.79%,32.70%,4645,
"HALIFAX, NC",52.73%,29.15%,22600,
"CROSBY, TX",52.60%,17.53%,154,
"LEE, SC",52.55%,29.14%,5402,
"CLARENDON, SC",52.41%,29.44%,14638,
"COLUMBIANA, OH",52.41%,27.10%,26283,
"CALHOUN, SC",52.27%,22.91%,8098,
"BLADEN, NC",52.19%,31.88%,16247,
"MARION, SC",52.14%,24.13%,15095,
"WAYNE, NC",51.94%,30.95%,48228,
"VENANGO, PA",51.94%,22.63%,11177,
"NOBLE, OH",51.93%,24.56%,1531,
"DILLON, SC",51.92%,22.43%,14417,
"FOREST, PA",51.88%,16.04%,879,
"LOGAN, OH",51.84%,32.85%,11532,
"PICKAWAY, OH",51.77%,35.51%,30430,
"TYRRELL, NC",51.74%,31.47%,1697,
"COLUMBUS, NC",51.62%,30.22%,12860,
"LEWIS, TN",51.61%,23.66%,279,
"HERTFORD, NC",51.57%,37.58%,11494,
"ASHLAND, OH",51.55%,36.88%,21170,
"CRAWFORD, OH",51.53%,36.38%,24813,
"ORANGEBURG, SC",51.52%,23.13%,31052,
"EDGECOMBE, NC",51.49%,41.14%,26152,
"RICHLAND, OH",51.40%,40.14%,57451,
"NORTHAMPTON, NC",51.39%,28.99%,8102,
"MORROW, OH",51.39%,31.62%,17148,
"TRUMBULL, OH",51.24%,30.48%,69469,
"FLORENCE, SC",51.11%,23.87%,71382,
"PAWNEE, OK",51.09%,28.66%,4672,
"DECATUR, TN",51.07%,34.47%,2054,
"ROSS, OH",50.97%,36.43%,39696,
"DARLINGTON, SC",50.94%,22.71%,23340,
"HIGHLAND, OH",50.92%,43.51%,22433,
"BARNWELL, SC",50.86%,18.37%,3799,
"MONROE, OH",50.71%,29.49%,5395,
"MAHONING, OH",50.54%,29.20%,81230,
"GUERNSEY, OH",50.45%,22.54%,8093,
"CHESTERFIELD, SC",50.45%,26.62%,16020,
"GREER, OK",50.35%,18.59%,425,
"FAIRFIELD, OH",50.33%,30.40%,57275,
"HARDIN, OH",50.27%,29.08%,10752,
"MUSKINGUM, OH",50.25%,29.17%,7582,
"GRANT, OK",50.25%,20.53%,1218,
"MUSKOGEE, OK",50.24%,29.98%,20804,
"WEAKLEY, TN",50.24%,33.49%,11856,
"BEDFORD, PA",50.19%,24.43%,11017,
"CHESTER, SC",50.12%,24.72%,16725,
"WASHINGTON, OH",50.12%,26.72%,10294,
"LYCOMING, PA",50.03%,19.38%,19423,
"HUDSPETH, TX",,,16,
"ROBESON, NC",49.94%,23.99%,45685,
"HARDEMAN, TN",49.94%,26.94%,5739,
"CASWELL, NC",49.91%,27.89%,8228,
"TILLMAN, OK",49.91%,19.93%,587,
"COSHOCTON, OH",49.88%,33.14%,3687,
"PREBLE, OH",49.86%,32.16%,22024,
"MORGAN, OH",49.83%,28.33%,1172,
"HAYWOOD, TN",49.74%,30.24%,3687,
"NASH, NC",49.73%,32.28%,39374,
"LAUDERDALE, TN",49.71%,35.17%,6660,
"HARRISON, OH",49.71%,29.41%,6121,
"PASQUOTANK, NC",49.71%,32.83%,18784,
"HENDERSON, TN",49.68%,36.49%,6344,
"RANDOLPH, NC",49.61%,29.32%,62044,
"OBION, TN",49.61%,26.69%,12782,
"HOCKING, OH",49.60%,29.78%,9976,
"HURON, OH",49.55%,35.04%,16628,
"SENECA, OH",49.53%,27.90%,21258,
"SCIOTO, OH",49.47%,29.80%,6282,
"EDGEFIELD, SC",49.45%,25.28%,11271,
"WICHITA, TX",49.38%,21.78%,38897,
"HARNETT, NC",49.31%,30.60%,44627,
"CHAMPAIGN, OH",49.29%,31.66%,19207,
"CAMBRIA, PA",49.26%,27.12%,53137,
"JEFFERSON, OK",49.19%,24.32%,370,
"HOKE, NC",49.17%,27.16%,9471,
"LAKE, OR",49.13%,31.41%,1958,
"JONES, NC",49.12%,32.60%,3080,
"GREENE, NC",49.11%,29.19%,5926,
"WARREN, NC",49.08%,29.56%,4513,
"CLARK, OH",48.94%,33.48%,66563,
"KNOX, OH",48.91%,29.73%,11586,
"CUMBERLAND, NC",48.91%,29.23%,98926,
"LAMPASAS, TX",48.86%,26.00%,11485,
"VAN WERT, OH",48.84%,28.85%,8398,
"BROWN, OH",48.83%,28.47%,21031,
"ALLENDALE, SC",48.83%,15.98%,1577,
"FAIRFIELD, SC",48.82%,24.09%,9228,
"KAUFMAN, TX",48.81%,27.02%,64556,
"OKMULGEE, OK",48.79%,29.89%,12880,
"SCHUYLKILL, PA",48.77%,29.36%,69513,
"BEAUFORT, NC",48.74%,35.04%,26972,
"GALLIA, OH",48.74%,27.65%,3049,
"CHESTER, TN",48.72%,35.36%,4514,
"FRANKLIN, PA",48.69%,29.77%,58287,
"JOHNSTON, NC",48.68%,27.40%,92639,
"FULTON, PA",48.65%,26.98%,3914,
"CARBON, PA",48.62%,35.67%,45773,
"ALAMANCE, NC",48.61%,31.65%,101069,
"UNION, SC",48.60%,36.24%,15529,
"STONEWALL, TX",48.57%,,35,
"UNION, OH",48.47%,33.58%,30180,
"DAVIDSON, NC",48.45%,34.54%,98683,
"SANDUSKY, OH",48.44%,35.58%,22137,
"WYANDOT, OH",48.43%,28.23%,9687,
"MARION, OH",48.36%,32.71%,36136,
"DEFIANCE, OH",48.34%,32.29%,21562,
"MCNAIRY, TN",48.34%,37.00%,6459,
"HENRY, TN",48.33%,27.82%,4378,
"MCCULLOCH, TX",48.33%,26.86%,2938,
"CARROLL, TN",48.33%,23.78%,11720,
"CHEROKEE, SC",48.33%,34.91%,32308,
"BLAIR, PA",48.27%,21.37%,25415,
"UPSHUR, TX",48.23%,22.96%,3353,
"ROCKINGHAM, NC",48.22%,27.56%,49238,
"CLINTON, OH",48.19%,32.56%,21188,
"MILAM, TX",48.17%,29.17%,10931,
"SALUDA, SC",48.09%,27.32%,7251,
"KERSHAW, SC",48.08%,25.45%,36915,
"PERRY, OH",47.99%,27.71%,5705,
"ANSON, NC",47.99%,33.05%,11504,
"HAWKINS, TN",47.98%,18.55%,19403,
"MADISON, OH",47.98%,30.82%,25760,
"VANCE, NC",47.98%,30.45%,12477,
"VAN ZANDT, TX",47.95%,23.06%,13292,
"MCINTOSH, OK",47.88%,26.61%,6568,
"VAN BUREN, TN",47.87%,24.09%,328,
"DARKE, OH",47.86%,25.63%,20236,
"ALLEN, OH",47.81%,27.47%,41275,
"OTTAWA, OH",47.80%,32.75%,16390,
"CADDO, OK",47.77%,21.76%,3475,
"WILBARGER, TX",47.71%,20.93%,1486,
"NEWBERRY, SC",47.71%,25.52%,11492,
"BURKE, ND",47.69%,20.76%,713,
"VAL VERDE, TX",47.69%,20.36%,1577,
"FRANKLIN, NC",47.66%,28.31%,31555,
"DUPLIN, NC",47.66%,33.49%,17938,
"CRAWFORD, PA",47.66%,21.16%,14350,
"GIBSON, TN",47.65%,28.39%,12562,
"CREEK, OK",47.61%,28.84%,27399,
"WILLIAMS, OH",47.61%,28.76%,23438,
"AUGLAIZE, OH",47.60%,27.88%,15998,
"ROWAN, NC",47.56%,35.54%,75315,
"SEQUOYAH, OK",47.52%,23.64%,7321,
"RAINS, TX",47.51%,23.20%,2250,
"LICKING, OH",47.50%,31.00%,90028,
"CHEROKEE, OK",47.46%,29.69%,5402,
"PUTNAM, OH",47.43%,24.25%,14378,
"STOKES, NC",47.42%,31.43%,29296,
"PAULDING, OH",47.39%,27.52%,6377,
"PERQUIMANS, NC",47.38%,31.25%,6999,
"LE FLORE, OK",47.29%,20.61%,7060,
"JACKSON, OK",47.28%,20.24%,1616,
"CROCKETT, TN",47.27%,31.22%,3533,
"BLEDSOE, TN",47.26%,23.04%,4063,
"MAJOR, OK",47.25%,18.19%,1325,
"DYER, TN",47.18%,33.10%,13600,
"NOWATA, OK",47.17%,24.47%,1467,
"HENRY, OH",47.16%,26.36%,11885,
"POLK, TN",47.13%,25.03%,3955,
"MORRIS, TX",47.10%,20.12%,2053,
"CLARION, PA",47.04%,17.23%,6471,
"SARGENT, ND",47.03%,37.86%,2290,
"BELMONT, OH",47.02%,29.19%,34866,
"GARFIELD, OK",47.00%,19.86%,16675,
"JOHNSON, TN",46.99%,20.47%,6800,
"MALHEUR, OR",46.96%,28.90%,16945,
"ZAVALA, TX",46.95%,26.72%,262,
"ADAMS, OH",46.93%,27.88%,9437,
"KIMBLE, TX",46.92%,23.46%,260,
"CHOWAN, NC",46.88%,32.80%,8942,
"MADISON, TN",46.84%,32.89%,27995,
"LEE, TX",46.84%,25.98%,2833,
"FRANKLIN, OH",46.82%,30.10%,600550,
"RHEA, TN",46.77%,18.97%,4176,
"GRANT, ND",46.77%,31.87%,1067,
"MCCORMICK, SC",46.75%,29.44%,6423,
"CAMP, TX",46.67%,21.94%,4958,
"TUSCARAWAS, OH",46.66%,33.89%,33192,
"OLIVER, ND",46.66%,43.57%,778,
"SHELBY, OH",46.64%,33.38%,17573,
"BENTON, TN",46.61%,30.01%,5434,
"WOOD, TX",46.61%,20.57%,12472,
"ALFALFA, OK",46.59%,17.18%,850,
"TIPTON, TN",46.59%,25.67%,18426,
"WOODS, OK",46.58%,17.42%,1022,
"ABBEVILLE, SC",46.55%,25.99%,14408,
"HYDE, NC",46.51%,25.46%,1677,
"ADAMS, PA",46.49%,28.99%,46689,
"FALLS, TX",46.47%,31.11%,5573,
"CONCHO, TX",46.44%,24.11%,1124,
"MONROE, PA",46.44%,32.58%,101516,
"PITT, NC",46.42%,32.61%,65504,
"CHOCTAW, OK",46.41%,13.64%,821,
"CHEROKEE, NC",46.37%,35.60%,11780,
"ATASCOSA, TX",46.33%,32.76%,2830,
"SURRY, NC",46.31%,29.28%,30857,
"HENDERSON, TX",46.29%,18.84%,24807,
"SEQUATCHIE, TN",46.26%,23.26%,5249,
"COTTLE, TX",46.25%,15.00%,80,
"HUNTINGDON, PA",46.25%,15.37%,4463,
"MCMINN, TN",46.24%,20.84%,3378,
"CAMDEN, NC",46.23%,28.69%,4964,
"NAVARRO, TX",46.22%,25.96%,8577,
"CLAY, TX",46.19%,21.37%,2583,
"HAMPTON, SC",46.18%,16.97%,2828,
"SUMTER, SC",46.17%,26.45%,29591,
"WHARTON, TX",46.14%,24.17%,8201,
"GREENE, PA",46.12%,23.51%,13874,
"YADKIN, NC",46.12%,33.01%,21705,
"EDWARDS, TX",46.06%,23.03%,165,
"WAGONER, OK",46.03%,29.03%,30237,
"LINCOLN, OK",46.01%,23.89%,5697,
"DORCHESTER, SC",46.01%,21.69%,51518,
"MCDOWELL, NC",46.00%,24.85%,15510,
"BURLESON, TX",45.99%,25.28%,7706,
"HARDEMAN, TX",45.92%,21.43%,294,
"COLLETON, SC",45.92%,16.71%,7862,
"HOPKINS, TX",45.88%,17.52%,4143,
"BLOUNT, TN",45.88%,24.40%,31049,
"GRAY, TX",45.87%,13.29%,1550,
"LAMOURE, ND",45.85%,44.09%,2545,
"FULTON, OH",45.84%,25.86%,22396,
"KNOX, TX",45.83%,22.92%,240,
"WILKES, NC",45.83%,26.39%,32748,
"LUCAS, OH",45.83%,29.82%,220091,
"CORYELL, TX",45.82%,27.56%,25593,
"GRANVILLE, NC",45.79%,29.77%,24905,
"AIKEN, SC",45.73%,23.74%,45597,
"PANOLA, TX",45.71%,13.81%,7836,
"JEFFERSON, OH",45.70%,22.32%,15779,
"TIOGA, PA",45.70%,18.06%,16480,
"BRADLEY, TN",45.64%,25.24%,22715,
"LAWRENCE, TN",45.61%,24.56%,114,
"ROGERS, OK",45.60%,28.76%,34963,
"SEMINOLE, OK",45.60%,20.60%,1364,
"MORROW, OR",45.58%,18.99%,4708,
"DELTA, TX",45.57%,23.35%,531,
"RUTHERFORD, NC",45.55%,27.84%,25739,
"MIAMI, OH",45.49%,29.51%,62931,
"KIDDER, ND",45.49%,32.44%,1119,
"MAYES, OK",45.47%,28.32%,18527,
"STARK, OH",45.47%,30.64%,85747,
"CRAIG, OK",45.46%,21.91%,6892,
"COAL, OK",45.45%,17.86%,308,
"SCURRY, TX",45.43%,17.98%,317,
"MONTGOMERY, OH",45.43%,31.61%,303722,
"WALSH, ND",45.42%,21.00%,6991,
"MERCER, PA",45.41%,21.31%,52307,
"CLERMONT, OH",45.35%,28.02%,127952,
"ELLIS, TX",45.30%,29.39%,96323,
"MARION, OR",45.28%,25.43%,128989,
"PORTAGE, OH",45.27%,31.81%,65776,
"KAY, OK",45.25%,18.88%,12052,
"FAYETTE, TN",45.24%,21.96%,12893,
"CLEVELAND, NC",45.24%,33.20%,64005,
"KIOWA, OK",45.23%,18.12%,723,
"LAURENS, SC",45.22%,32.06%,33491,
"PIKE, PA",45.20%,29.97%,12981,
"GRAINGER, TN",45.19%,17.70%,582,
"COOS, OR",45.18%,29.61%,34978,
"FRANKLIN, TX",45.17%,19.63%,1355,
"CURRITUCK, NC",45.16%,27.86%,12238,
"ASHE, NC",45.16%,23.34%,8949,
"UVALDE, TX",45.15%,22.58%,722,
"RANSOM, ND",45.15%,38.22%,3422,
"ERIE, PA",45.12%,24.13%,117539,
"SUMMIT, OH",45.11%,31.34%,202270,
"FRIO, TX",45.11%,27.23%,481,
"MEIGS, TN",45.09%,21.47%,1537,
"ARCHER, TX",45.08%,19.94%,2327,
"SULLIVAN, PA",45.03%,17.80%,1730,
"STEELE, ND",45.01%,33.78%,1122,
"GRUNDY, TN",44.99%,20.25%,978,
"ELLIS, OK",44.97%,16.82%,547,
"MERCER, ND",44.95%,25.69%,5326,
"FAYETTE, PA",44.95%,24.67%,59796,
"ROBERTSON, TX",44.94%,25.83%,5389,
"TOM GREEN, TX",44.92%,25.88%,73023,
"WILLIAMS, ND",44.91%,16.90%,9395,
"BERKS, PA",44.89%,28.90%,202348,
"COTTON, OK",44.87%,17.31%,595,
"PAMLICO, NC",44.87%,29.53%,4165,
"CLAIBORNE, TN",44.87%,21.88%,448,
"MCPHERSON, SD",44.84%,33.09%,417,
"GASTON, NC",44.84%,32.59%,141299,
"CALDWELL, NC",44.79%,25.20%,40823,
"ASHTABULA, OH",44.78%,28.61%,42103,
"HUNT, TX",44.76%,26.79%,25718,
"RICHMOND, NC",44.71%,23.19%,2807,
"CARTER, TN",44.71%,18.16%,16518,
"OKFUSKEE, OK",44.70%,31.88%,2698,
"MONTGOMERY, NC",44.68%,30.59%,7855,
"HORRY, SC",44.66%,23.95%,88542,
"HARDIN, TN",44.66%,29.90%,3612,
"MARION, TX",44.64%,19.03%,289,
"SULLIVAN, TN",44.63%,19.32%,58507,
"UMATILLA, OR",44.63%,18.28%,18196,
"NOBLE, OK",44.57%,20.63%,1207,
"HUTCHINSON, TX",44.56%,13.37%,2206,
"COKE, TX",44.56%,24.09%,1764,
"SHELBY, TX",44.56%,15.82%,1580,
"GRADY, OK",44.53%,22.07%,6503,
"STEPHENS, OK",44.52%,18.09%,2747,
"HOWARD, TX",44.48%,33.19%,2302,
"ANDERSON, TX",44.48%,19.97%,5497,
"MONROE, TN",44.46%,22.70%,3538,
"SUTTON, TX",44.44%,21.36%,1161,
"OSAGE, OK",44.43%,26.33%,4486,
"WAYNE, PA",44.43%,20.07%,7095,
"SCOTLAND, NC",44.38%,21.37%,2812,
"BUTLER, OH",44.33%,28.16%,227230,
"MOUNTRAIL, ND",44.32%,24.75%,2234,
"JEFFERSON, OR",44.31%,28.84%,14569,
"LATIMER, OK",44.31%,16.22%,2318,
"BLAINE, OK",44.30%,18.74%,1158,
"YANCEY, NC",44.30%,17.29%,1648,
"DIVIDE, ND",44.29%,19.67%,910,
"WOODWARD, OK",44.27%,20.40%,5516,
"HANCOCK, OH",44.24%,24.46%,12401,
"PERSON, NC",44.18%,25.47%,15451,
"RED RIVER, TX",44.17%,14.57%,858,
"FANNIN, TX",44.17%,21.74%,3745,
"LOGAN, ND",44.14%,32.67%,802,
"ROGER MILLS, OK",44.13%,17.77%,349,
"OTTAWA, OK",44.12%,24.20%,13376,
"PENDER, NC",44.12%,29.71%,19744,
"SPARTANBURG, SC",44.10%,33.91%,202413,
"ONSLOW, NC",44.10%,25.43%,27774,
"BRUNSWICK, NC",44.07%,33.29%,88253,
"CLEARFIELD, PA",44.04%,16.16%,3583,
"RICHLAND, ND",44.01%,35.06%,10359,
"MOORE, TN",44.00%,,25,
"CUSTER, OK",44.00%,18.15%,2491,
"REAGAN, TX",44.00%,20.73%,1066,
"WASHITA, OK",43.98%,13.80%,855,
"PEMBINA, ND",43.97%,24.10%,4269,
"COLUMBIA, PA",43.96%,20.67%,2675,
"CRAVEN, NC",43.92%,29.26%,33339,
"BELL, TX",43.91%,27.80%,191521,
"JACKSON, TN",43.90%,,41,
"BURKE, NC",43.90%,24.72%,31273,
"STUTSMAN, ND",43.89%,43.00%,13234,
"GRANT, OR",43.88%,23.37%,1823,
"SHELBY, TN",43.87%,23.47%,252396,
"GREENWOOD, SC",43.86%,27.12%,47020,
"SEVIER, TN",43.84%,22.08%,1567,
"SAN SABA, TX",43.77%,23.83%,2102,
"GREENE, OH",43.73%,30.57%,91953,
"SHERIDAN, ND",43.73%,22.67%,375,
"CANADIAN, OK",43.73%,24.46%,41236,
"COCKE, TN",43.73%,17.15%,1283,
"LORAIN, OH",43.72%,34.69%,186605,
"WAYNE, TN",43.71%,17.37%,167,
"MADISON, NC",43.70%,17.54%,6829,
"JEFFERSON, TN",43.67%,17.90%,648,
"GARZA, TX",43.66%,,71,
"RICHLAND, SC",43.65%,25.82%,157961,
"TRINITY, TX",43.58%,25.02%,1395,
"GRIGGS, ND",43.58%,28.36%,1347,
"HUGHES, OK",43.58%,20.67%,1292,
"STANLY, NC",43.56%,29.82%,38310,
"WOOD, OH",43.53%,25.96%,59114,
"BRADFORD, PA",43.48%,21.11%,37818,
"KINGFISHER, OK",43.43%,21.93%,3753,
"OVERTON, TN",43.42%,17.11%,76,
"ARMSTRONG, PA",43.41%,16.94%,26574,
"LAMAR, TX",43.41%,14.93%,2732,
"CAMPBELL, TN",43.41%,21.55%,645,
"RUNNELS, TX",43.39%,23.55%,3669,
"SUSQUEHANNA, PA",43.38%,18.54%,10319,
"NORTHAMPTON, PA",43.37%,31.60%,224008,
"HAMILTON, TN",43.37%,22.61%,91214,
"TITUS, TX",43.35%,17.79%,4115,
"CAVALIER, ND",43.35%,27.06%,2247,
"MCCURTAIN, OK",43.32%,15.15%,1512,
"POLK, OR",43.31%,23.89%,29635,
"RUSK, TX",43.31%,17.30%,9330,
"DONLEY, TX",43.25%,11.81%,474,
"CUMBERLAND, PA",43.24%,24.50%,24688,
"BARNES, ND",43.24%,40.27%,6971,
"SWISHER, TX",43.23%,10.91%,495,
"LEBANON, PA",43.21%,23.18%,50980,
"BEXAR, TX",43.16%,38.50%,228674,
"ROLETTE, ND",43.13%,22.25%,2993,
"WYOMING, PA",43.11%,15.77%,5106,
"PITTSBURG, OK",43.06%,21.94%,10511,
"FOARD, TX",43.06%,15.28%,288,
"DAVIE, NC",43.04%,31.22%,30361,
"DALLAS, TX",43.03%,26.00%,711323,
"OCHILTREE, TX",43.01%,11.18%,465,
"PERRY, TN",43.00%,20.67%,300,
"CASS, TX",42.99%,19.21%,1463,
"NELSON, ND",42.96%,27.20%,2132,
"GRIMES, TX",42.95%,24.61%,11101,
"ANDERSON, SC",42.92%,23.42%,120995,
"POTTER, TX",42.90%,14.49%,16353,
"PUSHMATAHA, OK",42.89%,17.50%,823,
"DEWEY, OK",42.89%,17.92%,893,
"HYDE, SD",42.86%,17.58%,91,
"GREENE, TN",42.86%,18.77%,28066,
"MCCLAIN, OK",42.83%,21.46%,6413,
"PIERCE, ND",42.83%,21.14%,2029,
"BECKHAM, OK",42.82%,13.27%,1733,
"TULSA, OK",42.81%,26.59%,273235,
"MURRAY, OK",42.79%,18.49%,687,
"HILL, TX",42.79%,25.42%,8311,
"LAKE, SD",42.76%,21.78%,4338,
"PONTOTOC, OK",42.75%,20.39%,2075,
"SMITH, TX",42.73%,22.04%,54509,
"BAYLOR, TX",42.71%,18.83%,494,
"MERCER, OH",42.71%,29.04%,17214,
"PAYNE, OK",42.69%,19.29%,8217,
"DIMMIT, TX",42.68%,19.11%,246,
"PICKENS, SC",42.68%,29.12%,82539,
"LEE, NC",42.67%,24.94%,12516,
"CARSON, TX",42.65%,13.05%,912,
"WARREN, PA",42.62%,14.09%,8036,
"CROCKETT, TX",42.62%,18.82%,1727,
"MITCHELL, TX",42.61%,20.17%,352,
"JOHNSON, TX",42.59%,23.87%,70289,
"TERRELL, TX",42.55%,,47,
"AVERY, NC",42.53%,21.94%,7698,
"MCLEAN, ND",42.47%,28.07%,3826,
"DICKSON, TN",42.46%,15.39%,5184,
"CLEVELAND, OK",42.44%,21.68%,43287,
"CATAWBA, NC",42.43%,27.26%,38755,
"ROCKWALL, TX",42.42%,26.28%,49226,
"CLAY, NC",42.38%,29.10%,4254,
"MOORE, TX",42.37%,10.38%,1416,
"ATHENS, OH",42.37%,26.38%,22248,
"HARMON, OK",42.36%,19.44%,144,
"GUILFORD, NC",42.36%,25.86%,280275,
"HUGHES, SD",42.35%,22.41%,1700,
"MCKENZIE, ND",42.34%,25.79%,6890,
"ZIEBACH, SD",42.31%,13.85%,130,
"YOUNG, TX",42.29%,20.70%,1575,
"UNICOI, TN",42.27%,16.36%,5654,
"MCHENRY, ND",42.26%,22.21%,1427,
"ALEXANDER, NC",42.24%,22.80%,5403,
"ERIE, OH",42.21%,33.27%,21482,
"DELAWARE, OK",42.19%,23.29%,12308,
"GRAYSON, TX",42.17%,20.51%,14930,
"HAYWOOD, NC",42.17%,13.89%,4743,
"PERRY, PA",42.16%,21.38%,1333,
"DALLAM, TX",42.16%,11.89%,631,
"DICKEY, ND",42.14%,39.68%,2316,
"WASHINGTON, TX",42.11%,24.72%,20886,
"CRANE, TX",42.11%,16.84%,95,
"CROOK, OR",42.10%,28.34%,17913,
"DAY, SD",42.07%,26.14%,2674,
"SNYDER, PA",42.06%,13.72%,6289,
"LIMESTONE, TX",41.98%,24.28%,4226,
"DEAF SMITH, TX",41.97%,11.27%,1358,
"NORTHUMBERLAND, PA",41.97%,16.09%,10779,
"GREGG, TX",41.97%,17.51%,6198,
"BERKELEY, SC",41.90%,20.39%,103103,
"LYNN, TX",41.86%,,86,
"WASHINGTON, OK",41.80%,20.20%,9543,
"OCONEE, SC",41.80%,26.43%,31721,
"LOGAN, OK",41.79%,21.51%,8030,
"MCLENNAN, TX",41.78%,24.62%,96263,
"LAKE, OH",41.76%,30.15%,129403,
"CHEROKEE, TX",41.75%,19.79%,10331,
"MITCHELL, NC",41.74%,17.49%,1847,
"CASTRO, TX",41.67%,8.82%,408,
"LUZERNE, PA",41.58%,26.25%,51232,
"HALL, TX",41.57%,9.04%,166,
"LAWRENCE, PA",41.56%,16.86%,42133,
"HAMBLEN, TN",41.56%,15.08%,1273,
"HARNEY, OR",41.55%,18.72%,3990,
"LINCOLN, NC",41.55%,30.60%,51517,
"FORSYTH, NC",41.54%,29.08%,257147,
"TOWNER, ND",41.52%,19.98%,1156,
"POTTAWATOMIE, OK",41.50%,19.75%,5797,
"GILLIAM, OR",41.49%,18.56%,388,
"MATAGORDA, TX",41.47%,22.74%,3957,
"HUMPHREYS, TN",41.45%,16.41%,2328,
"BOSQUE, TX",41.43%,23.68%,4342,
"LEHIGH, PA",41.43%,31.60%,246407,
"LUBBOCK, TX",41.41%,14.33%,10866,
"BEAVER, OK",41.40%,15.16%,343,
"DOUGLAS, SD",41.38%,13.39%,1143,
"YORK, PA",41.37%,26.12%,208903,
"HOUSTON, TN",41.28%,13.76%,407,
"JUNIATA, PA",41.28%,14.80%,642,
"LOUDON, TN",41.27%,21.05%,2314,
"GREGORY, SD",41.21%,21.88%,1138,
"MONTAGUE, TX",41.19%,18.38%,2600,
"MORTON, ND",41.15%,33.82%,20761,
"WHEELER, OR",41.14%,26.50%,717,
"WESTMORELAND, PA",41.13%,18.81%,151863,
"LINCOLN, OR",41.05%,21.34%,31127,
"HASKELL, OK",40.97%,16.49%,3627,
"GALVESTON, TX",40.96%,28.01%,149344,
"OLDHAM, TX",40.94%,13.12%,381,
"WARREN, OH",40.93%,26.03%,143355,
"HARPER, OK",40.92%,14.50%,545,
"SCHLEICHER, TX",40.91%,23.54%,1007,
"LIPSCOMB, TX",40.91%,13.18%,220,
"MENARD, TX",40.87%,17.77%,619,
"MILLS, TX",40.84%,23.53%,595,
"WASHINGTON, TN",40.82%,17.13%,39639,
"HALE, TX",40.82%,14.25%,463,
"CHAMBERS, TX",40.78%,26.50%,13295,
"MARSHALL, SD",40.77%,28.37%,1040,
"BENSON, ND",40.73%,25.24%,2647,
"TRIPP, SD",40.72%,21.25%,2598,
"CABARRUS, NC",40.72%,29.32%,140107,
"CHILDRESS, TX",40.71%,11.46%,253,
"LINN, OR",40.68%,23.70%,76324,
"ALLEGHANY, NC",40.64%,20.02%,2862,
"OKLAHOMA, OK",40.63%,22.15%,196302,
"SWAIN, NC",40.60%,15.05%,638,
"STERLING, TX",40.55%,20.52%,614,
"DAUPHIN, PA",40.55%,20.61%,10616,
"LACKAWANNA, PA",40.55%,16.85%,30727,
"COLORADO, TX",40.52%,22.49%,2717,
"RANDALL, TX",40.52%,12.95%,24882,
"HENDERSON, NC",40.48%,21.49%,55163,
"BRAZORIA, TX",40.40%,26.77%,129024,
"LANCASTER, SC",40.37%,24.84%,60155,
"MARSHALL, OK",40.36%,16.89%,669,
"PARMER, TX",40.36%,13.78%,617,
"PERKINS, SD",40.32%,18.45%,439,
"HAMILTON, OH",40.29%,25.35%,536471,
"MEDINA, OH",40.27%,30.29%,85401,
"CLAY, SD",40.26%,20.19%,5355,
"DUNN, ND",40.25%,20.08%,2246,
"WINKLER, TX",40.24%,20.73%,82,
"WAYNE, OH",40.24%,30.69%,30791,
"FREESTONE, TX",40.20%,21.03%,2644,
"PECOS, TX",40.13%,17.38%,466,
"EASTLAND, TX",40.12%,19.18%,1194,
"SPINK, SD",40.09%,31.28%,1055,
"RAMSEY, ND",40.05%,27.50%,7183,
"FLOYD, TX",40.00%,17.50%,80,
"MOTLEY, TX",,,15,
"PHILADELPHIA, PA",39.96%,25.51%,664018,
"COLUMBIA, OR",39.93%,20.08%,20400,
"JEFFERSON, PA",39.92%,12.19%,3036,
"TRAILL, ND",39.86%,27.58%,5271,
"HICKMAN, TN",39.85%,14.83%,1079,
"MEDINA, TX",39.85%,27.12%,2718,
"HOUSTON, TX",39.83%,20.52%,1564,
"BUFFALO, SD",39.83%,19.92%,477,
"CAMPBELL, SD",39.82%,22.75%,334,
"POLK, NC",39.78%,23.93%,9352,
"MARTIN, TX",39.74%,22.44%,156,
"THROCKMORTON, TX",39.71%,22.06%,136,
"BAKER, OR",39.68%,22.07%,9264,
"GARVIN, OK",39.66%,19.34%,1644,
"DELAWARE, OH",39.62%,25.15%,122872,
"IRION, TX",39.62%,23.02%,886,
"SULLY, SD",39.58%,23.96%,96,
"BRYAN, OK",39.56%,13.99%,1701,
"COLEMAN, TX",39.56%,20.71%,589,
"TARRANT, TX",39.55%,24.74%,681649,
"LOVE, OK",39.52%,16.53%,496,
"BOTTINEAU, ND",39.47%,22.56%,1064,
"SIOUX, ND",39.44%,29.38%,1222,
"LANCASTER, PA",39.44%,23.25%,205310,
"LEXINGTON, SC",39.44%,22.16%,87026,
"CARROLL, OH",39.44%,29.85%,5738,
"GOLIAD, TX",39.41%,17.65%,340,
"ADAIR, OK",39.38%,22.01%,1295,
"HAMILTON, TX",39.32%,19.97%,1302,
"CARTERET, NC",39.28%,20.36%,13273,
"GREENVILLE, SC",39.25%,27.29%,332510,
"COMANCHE, OK",39.21%,18.14%,4994,
"WALLER, TX",39.20%,23.38%,12205,
"WISE, TX",39.15%,21.06%,12232,
"DOUGLAS, OR",39.15%,18.11%,10494,
"HANCOCK, TN",39.12%,17.59%,2058,
"ELK, PA",39.08%,12.34%,1612,
"WILSON, TX",39.05%,25.53%,1931,
"POLK, TX",39.04%,21.98%,5492,
"LLANO, TX",39.03%,25.49%,11953,
"LAWRENCE, OH",38.97%,15.17%,7138,
"FAYETTE, TX",38.96%,21.90%,2854,
"HOLMES, OH",38.91%,28.09%,2976,
"LEON, TX",38.91%,20.08%,3760,
"NOLAN, TX",38.90%,18.72%,545,
"SAN JACINTO, TX",38.89%,22.68%,3078,
"LA SALLE, TX",38.85%,19.11%,157,
"COFFEE, TN",38.72%,17.07%,328,
"RENVILLE, ND",38.72%,21.73%,359,
"EDMUNDS, SD",38.71%,29.84%,1307,
"BOWIE, TX",38.69%,16.04%,3771,
"ARMSTRONG, TX",38.68%,13.68%,380,
"CUYAHOGA, OH",38.65%,29.42%,720545,
"JACKSON, TX",38.60%,17.43%,987,
"YOAKUM, TX",38.60%,,57,
"NEW HANOVER, NC",38.55%,27.80%,72805,
"HARTLEY, TX",38.51%,10.14%,148,
"MADISON, TX",38.47%,21.47%,2636,
"DICKENS, TX",38.46%,,39,
"TROUSDALE, TN",,,26,
"HAAKON, SD",38.44%,7.79%,398,
"COOKE, TX",38.42%,18.12%,6700,
"MASON, TX",38.40%,18.91%,513,
"BURLEIGH, ND",38.36%,29.82%,61975,
"SHERMAN, TX",38.34%,6.74%,193,
"GEORGETOWN, SC",38.33%,19.73%,11830,
"ROBERTS, SD",38.32%,21.05%,4569,
"BURNET, TX",38.32%,25.21%,20132,
"FRANKLIN, TN",38.31%,14.39%,556,
"STEWART, TN",38.31%,16.92%,201,
"TODD, SD",38.30%,18.58%,1227,
"IREDELL, NC",38.30%,26.66%,67358,
"MINER, SD",38.28%,22.94%,606,
"SCOTT, TN",38.28%,21.53%,209,
"TYLER, TX",38.21%,19.81%,1060,
"TILLAMOOK, OR",38.20%,15.45%,6383,
"DEWEY, SD",38.18%,19.95%,757,
"WAKE, NC",38.11%,22.40%,524451,
"CHARLES MIX, SD",38.10%,18.15%,777,
"UPTON, TX",38.10%,16.67%,168,
"EMMONS, ND",38.07%,24.50%,1253,
"WARD, ND",38.07%,23.20%,12321,
"YORK, SC",38.05%,23.50%,127686,
"CORSON, SD",38.04%,24.50%,694,
"HANSON, SD",38.03%,22.82%,539,
"BROWN, TX",38.02%,18.51%,1507,
"AUSTIN, TX",38.00%,21.49%,9452,
"PALO PINTO, TX",37.99%,18.91%,3114,
"MAVERICK, TX",37.99%,18.80%,1282,
"YANKTON, SD",37.98%,20.83%,1527,
"SAN AUGUSTINE, TX",37.98%,17.21%,337,
"CALHOUN, TX",37.98%,21.23%,961,
"WELLS, ND",37.90%,21.87%,1029,
"JACK, TX",37.82%,17.73%,1100,
"TEXAS, OK",37.80%,10.70%,738,
"TRANSYLVANIA, NC",37.77%,16.98%,13521,
"HOCKLEY, TX",37.74%,13.58%,265,
"BLANCO, TX",37.73%,24.22%,2770,
"BEAVER, PA",37.70%,16.49%,51132,
"PUTNAM, TN",37.69%,18.07%,321,
"DARE, NC",37.67%,23.54%,20721,
"KINNEY, TX",37.61%,20.51%,117,
"GONZALES, TX",37.60%,20.37%,383,
"UNION, SD",37.58%,21.45%,5995,
"WHEELER, TX",37.56%,9.81%,418,
"KARNES, TX",37.50%,19.50%,400,
"UNION, TN",37.50%,16.96%,112,
"NACOGDOCHES, TX",37.42%,17.15%,2560,
"CARTER, OK",37.39%,17.16%,2145,
"BUNCOMBE, NC",37.31%,16.62%,50091,
"ALLEGHENY, PA",37.21%,18.83%,685359,
"CHATHAM, NC",37.18%,24.30%,39238,
"AURORA, SD",37.15%,18.99%,611,
"HASKELL, TX",37.14%,19.43%,175,
"TURNER, SD",37.13%,24.97%,4045,
"CASS, ND",37.06%,32.68%,122306,
"MCCOOK, SD",37.03%,28.17%,1931,
"LIBERTY, TX",37.02%,24.28%,19660,
"FAULK, SD",36.94%,28.61%,360,
"GRAHAM, NC",36.88%,22.19%,1361,
"HEMPHILL, TX",36.88%,7.98%,263,
"CURRY, OR",36.86%,17.98%,3036,
"PICKETT, TN",36.84%,28.95%,38,
"SABINE, TX",36.83%,17.02%,429,
"HARRISON, TX",36.82%,14.91%,1415,
"BROWN, SD",36.80%,34.26%,12345,
"BRAZOS, TX",36.80%,20.16%,68913,
"JACKSON, NC",36.78%,14.52%,1990,
"REAL, TX",36.75%,23.08%,117,
"MCINTOSH, ND",36.75%,22.25%,800,
"UNION, PA",36.72%,13.19%,9923,
"GEAUGA, OH",36.70%,26.80%,48466,
"DENTON, TX",36.69%,20.51%,249697,
"FENTRESS, TN",36.69%,19.42%,139,
"INDIANA, PA",36.69%,13.36%,12906,
"CALDWELL, TX",36.68%,22.79%,3787,
"WILLIAMSON, TX",36.63%,22.59%,129643,
"UNION, NC",36.61%,28.16%,158145,
"HANSFORD, TX",36.60%,8.13%,418,
"JEFFERSON, TX",36.59%,23.95%,20079,
"ERATH, TX",36.59%,17.91%,6855,
"BUCKS, PA",36.56%,23.52%,260466,
"BUTLER, PA",36.53%,17.53%,99338,
"MACON, NC",36.51%,20.53%,2435,
"PARKER, TX",36.49%,20.91%,53536,
"NEWPORT, RI",36.48%,35.42%,39474,
"COMANCHE, TX",36.45%,17.82%,1358,
"MONTOUR, PA",36.42%,15.34%,939,
"SOMERVELL, TX",36.33%,18.55%,1046,
"CIMARRON, OK",36.31%,12.50%,168,
"BAILEY, TX",36.29%,12.24%,237,
"BRULE, SD",36.22%,17.62%,2355,
"STANLEY, SD",36.20%,15.64%,326,
"WATAUGA, NC",36.15%,19.28%,17826,
"JASPER, TX",36.14%,19.90%,1915,
"HARRIS, TX",36.08%,22.85%,1330505,
"ATOKA, OK",36.07%,12.99%,585,
"MIFFLIN, PA",36.06%,15.94%,502,
"FALL RIVER, SD",36.04%,21.10%,1332,
"CHEATHAM, TN",36.03%,12.07%,605,
"BUTTE, SD",35.99%,11.40%,1781,
"CUMBERLAND, TN",35.95%,16.92%,804,
"LYMAN, SD",35.91%,16.72%,1011,
"ADAMS, ND",35.90%,17.63%,312,
"UNION, OR",35.89%,16.37%,2700,
"HARDING, SD",35.83%,9.58%,240,
"BOWMAN, ND",35.83%,16.40%,494,
"GRAND FORKS, ND",35.76%,23.49%,43387,
"BRISTOL, RI",35.73%,26.86%,17875,
"TERRY, TX",35.71%,9.52%,126,
"JACKSON, SD",35.56%,6.39%,360,
"NEWTON, TX",35.46%,19.79%,485,
"BRISCOE, TX",35.42%,,96,
"WASCO, OR",35.38%,16.13%,6716,
"PROVIDENCE, RI",35.35%,23.40%,190327,
"POTTER, SD",35.29%,18.95%,153,
"CUSTER, SD",35.22%,13.95%,1763,
"BROOKINGS, SD",35.18%,27.05%,7576,
"MECKLENBURG, NC",35.04%,25.35%,673332,
"DURHAM, NC",35.03%,21.78%,181155,
"LAVACA, TX",34.99%,18.60%,1086,
"GUADALUPE, TX",34.97%,22.43%,5244,
"BASTROP, TX",34.90%,21.03%,13655,
"BANDERA, TX",34.89%,20.56%,1138,
"WASHINGTON, PA",34.82%,15.96%,86048,
"REEVES, TX",34.78%,19.13%,115,
"MELLETTE, SD",34.65%,12.87%,303,
"FORT BEND, TX",34.61%,22.03%,283818,
"WARREN, TN",34.53%,14.03%,278,
"LINCOLN, TN",34.51%,12.39%,113,
"JASPER, SC",34.49%,18.80%,4862,
"STEPHENS, TX",34.48%,15.92%,377,
"COLLIN, TX",34.44%,20.91%,310721,
"JERAULD, SD",34.25%,22.65%,181,
"ROBERTS, TX",34.25%,,73,
"ANGELINA, TX",34.24%,16.35%,3438,
"ORANGE, TX",34.18%,19.08%,5896,
"KINGSBURY, SD",34.02%,24.02%,1270,
"HETTINGER, ND",33.99%,18.96%,865,
"MINNEHAHA, SD",33.93%,27.64%,88606,
"MEADE, SD",33.89%,11.10%,4946,
"PENNINGTON, SD",33.87%,13.06%,19544,
"BREWSTER, TX",33.79%,14.61%,219,
"WHITE, TN",33.77%,12.34%,154,
"KENT, RI",33.76%,19.74%,41567,
"CHARLESTON, SC",33.74%,18.60%,209591,
"HARDIN, TX",33.69%,20.79%,3992,
"DELAWARE, PA",33.66%,20.90%,256646,
"BENNETT, SD",33.64%,12.95%,440,
"FOSTER, ND",33.54%,23.94%,1303,
"JOHNSTON, OK",33.53%,13.69%,504,
"WALWORTH, SD",33.50%,22.08%,779,
"BORDEN, TX",33.33%,,45,
"MCMULLEN, TX",,,30,
"STARK, ND",33.28%,19.91%,19297,
"HAYS, TX",33.15%,17.78%,22525,
"SANBORN, SD",32.96%,20.22%,267,
"MOODY, SD",32.89%,21.15%,1669,
"MONTGOMERY, TX",32.88%,20.06%,192248,
"KENDALL, TX",32.88%,23.37%,4489,
"CENTRE, PA",32.86%,14.17%,2611,
"DEKALB, TN",32.84%,,67,
"YAMHILL, OR",32.57%,17.64%,19301,
"WASHINGTON, RI",32.52%,21.65%,35637,
"VICTORIA, TX",32.50%,18.36%,4188,
"PRESIDIO, TX",32.43%,,74,
"BON HOMME, SD",32.36%,21.22%,377,
"MONTGOMERY, PA",32.26%,19.14%,387789,
"WALKER, TX",32.16%,15.76%,23832,
"SLOPE, ND",32.00%,16.00%,75,
"EDDY, ND",31.98%,24.60%,935,
"GILLESPIE, TX",31.95%,17.75%,845,
"TRAVIS, TX",31.90%,18.88%,203715,
"LAMB, TX",31.90%,8.59%,163,
"SHERMAN, OR",31.82%,16.88%,308,
"ECTOR, TX",31.78%,14.53%,1803,
"HOOD, TX",31.73%,17.56%,10445,
"LINCOLN, SD",31.71%,25.38%,30405,
"BILLINGS, ND",31.58%,17.54%,285,
"DESCHUTES, OR",31.54%,22.66%,128396,
"COLLINGSWORTH, TX",31.47%,12.18%,197,
"JONES, SD",31.46%,21.35%,89,
"WARD, TX",31.45%,15.72%,159,
"GOLDEN VALLEY, ND",31.36%,13.94%,574,
"MOORE, NC",31.26%,14.69%,9130,
"GILES, TN",31.17%,22.08%,77,
"WILLACY, TX",31.11%,18.43%,434,
"LAWRENCE, SD",31.09%,10.81%,4661,
"KERR, TX",30.96%,15.98%,1389,
"HUTCHINSON, SD",30.78%,19.64%,718,
"FISHER, TX",30.77%,14.62%,130,
"ANDREWS, TX",30.38%,12.69%,260,
"WALLOWA, OR",30.33%,9.86%,3670,
"CALLAHAN, TX",30.31%,15.83%,518,
"REFUGIO, TX",30.20%,15.10%,298,
"DAVISON, SD",30.18%,18.44%,2929,
"ORANGE, NC",30.16%,19.05%,75509,
"BEADLE, SD",30.05%,20.73%,1997,
"MIDLAND, TX",29.69%,14.32%,2745,
"DEUEL, SD",29.60%,21.30%,2000,
"CHESTER, PA",29.38%,17.82%,233734,
"JEFF DAVIS, TX",29.31%,,58,
"ZAPATA, TX",29.22%,20.16%,243,
"CAMERON, TX",29.08%,18.68%,10488,
"KLAMATH, OR",28.99%,19.40%,5943,
"LANE, OR",28.94%,12.85%,28821,
"CODINGTON, SD",28.87%,20.35%,10478,
"CLARK, SD",28.84%,18.39%,1713,
"COCHRAN, TX",,,35,
"GLASSCOCK, TX",28.42%,14.21%,183,
"ROBERTSON, TN",28.37%,15.22%,289,
"GRANT, SD",28.09%,20.58%,972,
"TAYLOR, TX",28.07%,16.56%,3563,
"BENTON, OR",28.06%,13.50%,35850,
"JACKSON, OR",27.91%,15.10%,30311,
"JONES, TX",27.25%,18.77%,389,
"OGLALA LAKOTA, SD",27.18%,12.62%,309,
"CLACKAMAS, OR",27.15%,13.14%,107340,
"GAINES, TX",27.11%,6.67%,225,
"HIDALGO, TX",27.06%,20.01%,26357,
"COMAL, TX",27.04%,17.02%,8560,
"EL PASO, TX",26.99%,13.22%,2549,
"WASHINGTON, OR",26.74%,14.48%,146441,
"KENT, TX",,,15,
"STARR, TX",26.53%,23.76%,1406,
"BEAUFORT, SC",26.22%,13.17%,32870,
"MULTNOMAH, OR",26.02%,12.36%,228348,
"HAMLIN, SD",25.79%,23.08%,2656,
"SMITH, TN",25.71%,17.14%,70,
"CLATSOP, OR",25.68%,13.05%,3968,
"DAWSON, TX",25.51%,11.22%,98,
"KNOX, TN",25.37%,11.57%,5937,
"BEDFORD, TN",25.35%,12.44%,217,
"ROANE, TN",25.24%,13.25%,634,
"MARSHALL, TN",24.47%,12.77%,94,
"SHACKELFORD, TX",24.32%,,111,
"HAND, SD",23.84%,17.44%,172,
"MORGAN, TN",23.75%,16.88%,160,
"WEBB, TX",23.56%,20.58%,5670,
"MAURY, TN",23.38%,14.12%,616,
"ANDERSON, TN",23.33%,11.27%,1020,
"KENEDY, TX",,,13,
"HOOD RIVER, OR",22.59%,10.48%,6888,
"ARANSAS, TX",22.43%,16.27%,1266,
"LIVE OAK, TX",22.22%,14.22%,450,
"BEE, TX",21.69%,16.19%,1019,
"JOSEPHINE, OR",21.64%,10.21%,2546,
"CANNON, TN",21.13%,,71,
"JIM HOGG, TX",20.47%,16.37%,171,
"DUVAL, TX",20.43%,18.44%,553,
"MACON, TN",,,45,
"WILLIAMSON, TN",19.75%,10.73%,2329,
"BROOKS, TX",19.61%,22.35%,255,
"SUMNER, TN",18.21%,13.33%,1373,
"JIM WELLS, TX",17.46%,15.03%,2136,
"KLEBERG, TX",17.11%,14.96%,1210,
"SAN PATRICIO, TX",14.71%,12.03%,3833,
"CULBERSON, TX",,,14,
"MONTGOMERY, TN",13.99%,9.53%,3202,
"WILSON, TN",13.84%,7.05%,1134,
"DAVIDSON, TN",13.18%,7.67%,6335,
"RUTHERFORD, TN",12.07%,11.01%,2743,
"NUECES, TX",11.60%,10.89%,23936,
"KING, TX",,,10 or fewer,
"LOVING, TX",,,10 or fewer,
None of the above,36.60%,21.10%,1578137,
Total,40.63%,25.22%,29410101,
