Session Title,OBESITY by ICD and BMI State Age 2023,,,
Session ID,2776841,,,
Data Model,Patients,,,
Population Base,All Patients,,,
Population Criteria Filters: These criteria are a summary and do not fully reflect the content of the exported session.,State of Residence (U.S.): States AL-DE,Has Any Encounters?,Base Patient,
Session Date Range,1/1/2023 - 12/31/2023,,,
Export User,Stephanie Perniciaro,,,
Date of Export,11/14/2025,,,
,,,,
,,,,
,Measures,BMI 30+ (%),OBESITY (%),Number of Patients
Age at Encounter in Years,County of Residence,,,
Less than 18 Years,"KUSILVAK, AK",-,-,10 or fewer
,"WILCOX, AL",-,-,25
,"CLAY, AL",-,-,23
,"CHOCTAW, AL",11.84%,1.75%,1030
,"WALKER, AL",12.79%,-,86
,"CLEBURNE, AL",11.38%,-,123
,"BLOUNT, AL",-,-,40
,"YUKON KOYUKUK, AK",-,-,10 or fewer
,"MARENGO, AL",-,-,120
,"TALLADEGA, AL",-,-,68
,"CLARKE, AL",8.43%,6.63%,166
,"MISSISSIPPI, AR",7.42%,5.27%,1443
,"COOSA, AL",-,-,10 or fewer
,"CHAMBERS, AL",7.05%,-,227
,"SUMTER, AL",9.70%,5.05%,773
,"PIKE, AL",-,-,69
,"MARSHALL, AL",-,-,67
,"GREENE, AL",16.46%,-,158
,"WASHINGTON, AL",7.09%,-,268
,"ALEUTIANS EAST, AK",-,-,10 or fewer
,"MOBILE, AL",8.43%,4.53%,10736
,"BULLOCK, AL",-,-,15
,"CALHOUN, AL",5.22%,-,268
,"MONROE, AL",10.00%,4.58%,240
,"POINSETT, AR",9.15%,5.31%,2372
,"JACKSON, AR",9.03%,3.89%,565
,"LAWRENCE, AR",6.79%,3.11%,707
,"ETOWAH, AL",13.58%,4.41%,1134
,"SAINT FRANCIS, AR",7.61%,4.65%,473
,"RANDOLPH, AL",-,-,178
,"RANDOLPH, AR",9.53%,3.36%,535
,"KENT, DE",8.35%,8.28%,23750
,"NEVADA, AR",9.96%,4.17%,552
,"JACKSON, AL",3.80%,-,316
,"DALLAS, AL",-,-,12
,"CULLMAN, AL",-,-,39
,"MACON, AL",-,-,42
,"SAINT CLAIR, AL",-,-,76
,"WINSTON, AL",-,-,55
,"BARBOUR, AL",9.36%,-,203
,"PHILLIPS, AR",10.59%,6.08%,510
,"COLBERT, AL",-,-,51
,"CONECUH, AL",9.45%,6.69%,254
,"OUACHITA, AR",13.27%,4.60%,2284
,"PERRY, AR",9.64%,5.19%,809
,"GREENE, AR",8.54%,3.24%,2776
,"SHARP, AR",9.46%,2.82%,497
,"CRAIGHEAD, AR",7.86%,4.83%,11750
,"CROSS, AR",7.35%,3.76%,1116
,"PICKENS, AL",9.65%,2.63%,570
,"MONROE, AR",9.28%,3.30%,636
,"LEE, AR",9.44%,6.67%,180
,"CLAY, AR",4.34%,2.26%,576
,"LOWNDES, AL",-,-,10 or fewer
,"CLARK, AR",7.95%,2.77%,1913
,"FAYETTE, AL",-,-,49
,"SUSSEX, DE",9.45%,12.22%,25092
,"LITTLE RIVER, AR",9.47%,5.33%,338
,"ARKANSAS, AR",10.54%,6.11%,2666
,"CRITTENDEN, AR",6.78%,5.33%,3582
,"TUSCALOOSA, AL",12.22%,8.23%,2479
,"MILLER, AR",10.88%,6.34%,1562
,"MORGAN, AL",-,-,51
,"CHEROKEE, AL",8.24%,-,170
,"BRISTOL BAY, AK",-,-,10 or fewer
,"SCOTT, AR",7.63%,2.48%,524
,"VAN BUREN, AR",6.12%,3.35%,686
,"DALLAS, AR",7.95%,2.89%,415
,"LASSEN, CA",7.27%,3.43%,495
,"FULTON, AR",7.69%,-,234
,"MARION, AL",9.00%,9.00%,1266
,"NORTH SLOPE, AK",-,-,10 or fewer
,"PRAIRIE, AR",6.66%,2.43%,781
,"SALINE, AR",6.69%,7.09%,9888
,"CRAWFORD, AR",8.61%,3.72%,6933
,"FRANKLIN, AL",7.78%,-,167
,"ALEUTIANS WEST, AK",-,-,10 or fewer
,"NORTHWEST ARCTIC, AK",-,-,10 or fewer
,"HEMPSTEAD, AR",9.34%,4.82%,664
,"DALE, AL",3.80%,1.48%,1080
,"CROWLEY, CO",11.30%,-,115
,"YUMA, AZ",-,-,119
,"LAMAR, AL",6.65%,3.85%,571
,"HOT SPRING, AR",9.95%,4.24%,2170
,"BUTLER, AL",-,-,37
,"HOUSTON, AL",6.51%,2.15%,3162
,"HALE, AL",8.98%,6.59%,167
,"LOGAN, CO",4.65%,2.71%,516
,"COFFEE, AL",6.14%,1.37%,4317
,"HENRY, AL",5.84%,-,308
,"BIBB, AL",-,-,35
,"PERRY, AL",-,-,10 or fewer
,"SEBASTIAN, AR",10.21%,5.30%,11494
,"LONOKE, AR",6.54%,4.89%,7559
,"COVINGTON, AL",7.19%,-,292
,"LOGAN, AR",7.44%,3.72%,995
,"BALDWIN, AL",6.61%,2.42%,11718
,"CRENSHAW, AL",-,-,62
,"WINDHAM, CT",8.94%,14.71%,11921
,"LAUDERDALE, AL",-,-,29
,"LAFAYETTE, AR",7.01%,-,157
,"JEFFERSON, AR",7.88%,6.70%,7092
,"JOHNSON, AR",10.50%,3.77%,1248
,"MIDDLESEX, CT",6.95%,14.33%,16931
,"TALLAPOOSA, AL",-,-,11
,"OTERO, CO",7.92%,4.19%,669
,"AUTAUGA, AL",-,-,49
,"LAWRENCE, AL",-,-,10 or fewer
,"CLEBURNE, AR",8.60%,2.68%,2164
,"SEDGWICK, CO",-,-,63
,"DEL NORTE, CA",7.80%,2.60%,1962
,"IMPERIAL, CA",4.81%,3.53%,312
,"INDEPENDENCE, AR",9.15%,4.09%,1344
,"CALHOUN, AR",9.60%,-,250
,"CONWAY, AR",6.69%,3.48%,1091
,"FRANKLIN, AR",6.76%,2.22%,991
,"ESCAMBIA, AL",7.45%,2.58%,1355
,"LITCHFIELD, CT",6.75%,4.84%,11385
,"PUEBLO, CO",6.68%,4.26%,9641
,"ELMORE, AL",-,-,49
,"CHICOT, AR",11.70%,5.32%,282
,"NEW LONDON, CT",7.89%,10.11%,22130
,"COLUMBIA, AR",9.90%,7.01%,970
,"GRANT, AR",6.91%,4.15%,1374
,"WOODRUFF, AR",7.91%,-,215
,"NEW HAVEN, CT",7.67%,11.92%,31024
,"PROWERS, CO",9.56%,7.84%,408
,"GILA, AZ",-,-,127
,"FAULKNER, AR",5.81%,4.42%,9331
,"FRESNO, CA",6.67%,6.36%,114901
,"BENT, CO",11.30%,-,115
,"MOHAVE, AZ",8.19%,-,171
,"WHITE, AR",6.93%,4.28%,3808
,"RUSSELL, AL",9.72%,-,247
,"NAVAJO, AZ",-,-,69
,"PRINCE OF WALES HYDER, AK",-,-,10 or fewer
,"MOFFAT, CO",6.87%,3.41%,1993
,"SOUTHEAST FAIRBANKS, AK",-,-,10 or fewer
,"MODOC, CA",-,-,48
,"APACHE, AZ",-,-,37
,"LINCOLN, AR",9.68%,6.22%,434
,"LIMESTONE, AL",-,-,68
,"LA PAZ, AZ",-,-,49
,"PULASKI, AR",6.63%,8.35%,47756
,"HOWARD, AR",8.42%,4.21%,380
,"MORGAN, CO",5.31%,6.07%,1187
,"SEARCY, AR",10.81%,-,185
,"TOLLAND, CT",6.32%,12.02%,13047
,"GENEVA, AL",3.75%,1.61%,933
,"LEE, AL",6.77%,-,399
,"GREENLEE, AZ",-,-,41
,"SKAGWAY, AK",-,-,10 or fewer
,"WASHINGTON, CO",-,-,132
,"MONTGOMERY, AL",-,-,121
,"IZARD, AR",5.17%,-,290
,"YELL, AR",9.67%,5.25%,610
,"UNION, AR",7.45%,5.11%,1194
,"PIKE, AR",4.81%,-,395
,"LAS ANIMAS, CO",5.28%,5.56%,360
,"DESHA, AR",8.55%,6.93%,433
,"ASHLEY, AR",9.88%,4.41%,567
,"HARTFORD, CT",7.44%,10.88%,103786
,"MADISON, AL",-,-,262
,"LINCOLN, CO",6.99%,-,186
,"HUERFANO, CO",-,-,160
,"GRAHAM, AZ",7.32%,-,164
,"KERN, CA",8.72%,9.29%,48129
,"KIOWA, CO",-,-,49
,"CLEVELAND, AR",6.38%,3.90%,564
,"PHILLIPS, CO",-,-,128
,"MARICOPA, AZ",3.70%,1.80%,81767
,"JACKSON, CO",-,-,56
,"STONE, AR",8.18%,4.83%,269
,"CHILTON, AL",-,-,20
,"KINGS, CA",6.73%,6.02%,5851
,"CHEYENNE, CO",-,-,58
,"FAIRFIELD, CT",7.06%,7.49%,27453
,"KODIAK ISLAND, AK",3.73%,2.10%,1288
,"SONOMA, CA",14.44%,5.38%,25741
,"FREMONT, CO",4.85%,3.44%,1134
,"PLUMAS, CA",5.07%,-,217
,"MADERA, CA",4.89%,4.94%,14568
,"POPE, AR",7.50%,4.19%,2052
,"WELD, CO",4.24%,3.54%,46200
,"HUMBOLDT, CA",6.77%,4.72%,14504
,"SHELBY, AL",-,-,154
,"COCHISE, AZ",5.70%,6.26%,1438
,"SANTA BARBARA, CA",8.73%,17.07%,7977
,"JEFFERSON, AL",4.12%,3.90%,461
,"LAKE, CA",6.30%,8.67%,1857
,"BRADLEY, AR",7.36%,4.55%,462
,"RIO BLANCO, CO",-,-,145
,"BACA, CO",-,-,90
,"SAN BENITO, CA",8.07%,6.43%,2318
,"DELTA, CO",6.39%,3.65%,438
,"MESA, CO",5.42%,3.42%,7433
,"SHASTA, CA",10.01%,3.43%,729
,"POLK, AR",5.59%,3.31%,483
,"PIMA, AZ",6.36%,13.27%,69893
,"KETCHIKAN GATEWAY, AK",-,-,14
,"GARLAND, AR",7.59%,4.85%,2805
,"TULARE, CA",8.32%,6.94%,15664
,"FAIRBANKS NORTH STAR, AK",-,-,59
,"MONTEREY, CA",8.38%,10.09%,46632
,"YUMA, CO",5.00%,5.00%,280
,"KENAI PENINSULA, AK",-,-,36
,"SEVIER, AR",7.72%,4.47%,492
,"SAN JOAQUIN, CA",5.45%,6.68%,19904
,"GLENN, CA",-,-,75
,"MENDOCINO, CA",5.67%,8.86%,6512
,"RIVERSIDE, CA",5.93%,4.37%,93302
,"HAINES, AK",-,-,10 or fewer
,"INYO, CA",14.77%,-,88
,"PETERSBURG, AK",-,-,10 or fewer
,"BAXTER, AR",5.94%,3.50%,657
,"MARION, AR",7.96%,-,226
,"DREW, AR",6.01%,2.93%,682
,"SOLANO, CA",6.96%,9.21%,10376
,"SIERRA, CA",-,-,69
,"MONTGOMERY, AR",6.28%,-,207
,"DOLORES, CO",-,-,21
,"MATANUSKA SUSITNA, AK",-,-,76
,"SISKIYOU, CA",10.20%,-,196
,"NAPA, CA",5.99%,7.95%,918
,"BETHEL, AK",-,-,10 or fewer
,"CALAVERAS, CA",4.81%,-,270
,"TEHAMA, CA",9.60%,-,125
,"TRINITY, CA",-,-,100
,"LOS ANGELES, CA",8.07%,17.08%,100195
,"ALPINE, CA",-,-,10 or fewer
,"SANTA CRUZ, AZ",3.02%,7.55%,662
,"TELLER, CO",4.11%,2.00%,1847
,"SAN BERNARDINO, CA",5.76%,7.10%,74659
,"MONTROSE, CO",6.23%,4.53%,530
,"NOME, AK",-,-,10 or fewer
,"ADAMS, CO",5.08%,4.46%,52910
,"VALDEZ CORDOVA, AK",-,-,10 or fewer
,"ALAMOSA, CO",5.74%,4.10%,366
,"COSTILLA, CO",-,-,70
,"SAN DIEGO, CA",3.48%,6.57%,108898
,"EL PASO, CO",3.45%,2.59%,82328
,"LARIMER, CO",3.30%,2.75%,41305
,"DENALI, AK",-,-,10 or fewer
,"DILLINGHAM, AK",-,-,10 or fewer
,"MARIPOSA, CA",3.21%,4.59%,436
,"YAVAPAI, AZ",-,-,567
,"AMADOR, CA",-,-,215
,"RIO GRANDE, CO",8.01%,7.12%,337
,"CONEJOS, CO",-,-,177
,"ALAMEDA, CA",6.24%,9.66%,92942
,"SANTA CRUZ, CA",8.46%,13.41%,8105
,"JUNEAU, AK",-,-,20
,"MERCED, CA",7.67%,6.69%,14197
,"ANCHORAGE, AK",-,-,171
,"PARK, CO",2.45%,-,489
,"KIT CARSON, CO",4.96%,-,242
,"SACRAMENTO, CA",4.80%,9.94%,40281
,"CONTRA COSTA, CA",7.14%,9.07%,77711
,"BOONE, AR",7.10%,3.92%,817
,"NEWTON, AR",-,-,150
,"PINAL, AZ",1.89%,1.56%,9725
,"BUTTE, CA",6.94%,1.74%,634
,"NEW CASTLE, DE",6.46%,10.62%,67584
,"MONTEZUMA, CO",4.51%,4.51%,266
,"CUSTER, CO",-,-,115
,"SAGUACHE, CO",-,-,38
,"ARAPAHOE, CO",4.11%,4.68%,65812
,"YAKUTAT, AK",-,-,10 or fewer
,"ELBERT, CO",3.05%,2.09%,1867
,"DENVER, CO",5.85%,3.80%,82831
,"HINSDALE, CO",-,-,12
,"ORANGE, CA",4.00%,8.05%,72311
,"MONO, CA",-,-,67
,"MARIN, CA",6.18%,16.72%,14734
,"TUOLUMNE, CA",5.92%,2.96%,439
,"WRANGELL, AK",-,-,10 or fewer
,"BROOMFIELD, CO",2.38%,2.01%,6129
,"JEFFERSON, CO",3.50%,2.40%,38668
,"SANTA CLARA, CA",5.08%,5.00%,86048
,"YUBA, CA",2.78%,-,539
,"GILPIN, CO",-,-,204
,"SITKA, AK",-,-,10 or fewer
,"GARFIELD, CO",5.18%,5.28%,966
,"ARCHULETA, CO",-,-,106
,"EL DORADO, CA",2.78%,1.02%,2737
,"SAN LUIS OBISPO, CA",5.91%,4.86%,1522
,"CARROLL, AR",6.39%,4.18%,814
,"MINERAL, CO",-,-,20
,"COLUSA, CA",-,-,151
,"CLEAR CREEK, CO",-,-,168
,"DOUGLAS, CO",1.80%,1.41%,36795
,"CHAFFEE, CO",2.83%,-,389
,"BOULDER, CO",2.71%,1.98%,28676
,"SAN FRANCISCO, CA",5.73%,13.04%,34775
,"SAN MATEO, CA",4.10%,5.79%,43702
,"HOONAH ANGOON, AK",-,-,10 or fewer
,"LAKE AND PENINSULA, AK",-,-,10 or fewer
,"GRAND, CO",3.32%,-,422
,"SUTTER, CA",4.26%,-,399
,"PLACER, CA",2.29%,1.77%,3840
,"STANISLAUS, CA",8.33%,6.91%,11285
,"LAKE, CO",-,-,140
,"ROUTT, CO",1.99%,1.19%,3016
,"OURAY, CO",-,-,33
,"WASHINGTON, AR",6.14%,5.55%,19750
,"GUNNISON, CO",-,-,216
,"YOLO, CA",2.29%,2.82%,3977
,"LA PLATA, CO",5.07%,4.44%,631
,"MADISON, AR",6.58%,4.61%,1216
,"NEVADA, CA",-,-,439
,"COCONINO, AZ",-,-,251
,"BENTON, AR",4.56%,3.74%,18121
,"SAN JUAN, CO",-,-,10 or fewer
,"SUMMIT, CO",2.11%,2.11%,522
,"VENTURA, CA",1.26%,1.68%,3164
,"EAGLE, CO",2.93%,3.49%,717
,"PITKIN, CO",-,-,581
,"SAN MIGUEL, CO",-,-,151
,None of the above,4.90%,5.47%,347482
,Total,5.84%,6.95%,2882363
≥ 18 and < 25 Years,"KUSILVAK, AK",-,-,10 or fewer
,"WILCOX, AL",-,-,28
,"CLAY, AL",-,-,27
,"CHOCTAW, AL",47.87%,14.10%,376
,"WALKER, AL",43.33%,-,30
,"CLEBURNE, AL",50.00%,-,72
,"BLOUNT, AL",27.87%,-,61
,"YUKON KOYUKUK, AK",-,-,10 or fewer
,"MARENGO, AL",41.51%,-,53
,"TALLADEGA, AL",44.74%,-,76
,"CLARKE, AL",31.65%,17.72%,158
,"MISSISSIPPI, AR",42.26%,20.06%,698
,"COOSA, AL",-,-,10 or fewer
,"CHAMBERS, AL",35.02%,12.24%,237
,"SUMTER, AL",38.55%,15.26%,249
,"PIKE, AL",37.88%,-,66
,"MARSHALL, AL",29.89%,12.64%,87
,"GREENE, AL",27.50%,-,40
,"WASHINGTON, AL",37.29%,11.44%,236
,"ALEUTIANS EAST, AK",-,-,10 or fewer
,"MOBILE, AL",34.64%,16.20%,6672
,"BULLOCK, AL",-,-,10 or fewer
,"CALHOUN, AL",37.55%,14.08%,277
,"MONROE, AL",35.43%,11.81%,127
,"POINSETT, AR",45.11%,23.61%,991
,"JACKSON, AR",37.56%,16.59%,205
,"LAWRENCE, AR",41.91%,22.06%,272
,"ETOWAH, AL",39.69%,17.34%,519
,"SAINT FRANCIS, AR",42.21%,23.62%,199
,"RANDOLPH, AL",34.15%,14.63%,123
,"RANDOLPH, AR",41.80%,24.87%,189
,"KENT, DE",36.59%,17.84%,7545
,"NEVADA, AR",39.33%,17.99%,239
,"JACKSON, AL",24.81%,8.27%,133
,"DALLAS, AL",-,-,17
,"CULLMAN, AL",-,-,38
,"MACON, AL",-,-,29
,"SAINT CLAIR, AL",25.00%,-,68
,"WINSTON, AL",-,-,27
,"BARBOUR, AL",44.71%,7.65%,170
,"PHILLIPS, AR",41.29%,20.65%,155
,"COLBERT, AL",36.67%,-,30
,"CONECUH, AL",40.35%,-,57
,"OUACHITA, AR",39.92%,14.76%,759
,"PERRY, AR",34.10%,12.26%,261
,"GREENE, AR",37.21%,16.65%,1177
,"SHARP, AR",36.67%,14.00%,150
,"CRAIGHEAD, AR",38.10%,16.03%,5102
,"CROSS, AR",43.58%,25.37%,335
,"PICKENS, AL",32.80%,7.60%,250
,"MONROE, AR",36.28%,12.09%,215
,"LEE, AR",42.62%,-,61
,"CLAY, AR",35.85%,20.13%,159
,"LOWNDES, AL",-,-,10 or fewer
,"CLARK, AR",37.27%,12.53%,998
,"FAYETTE, AL",-,-,15
,"SUSSEX, DE",37.24%,18.56%,7484
,"LITTLE RIVER, AR",40.43%,12.77%,94
,"ARKANSAS, AR",37.56%,13.76%,836
,"CRITTENDEN, AR",32.92%,10.54%,1756
,"TUSCALOOSA, AL",31.92%,11.49%,1062
,"MILLER, AR",38.26%,16.46%,413
,"MORGAN, AL",-,-,47
,"CHEROKEE, AL",36.36%,14.77%,88
,"BRISTOL BAY, AK",-,-,10 or fewer
,"SCOTT, AR",41.27%,13.49%,126
,"VAN BUREN, AR",36.56%,16.13%,186
,"DALLAS, AR",38.02%,23.14%,121
,"LASSEN, CA",19.33%,7.33%,150
,"FULTON, AR",-,-,43
,"MARION, AL",35.93%,18.09%,398
,"NORTH SLOPE, AK",-,-,10 or fewer
,"PRAIRIE, AR",34.33%,16.31%,233
,"SALINE, AR",35.34%,15.19%,3087
,"CRAWFORD, AR",35.86%,12.34%,1977
,"FRANKLIN, AL",28.99%,-,69
,"ALEUTIANS WEST, AK",-,-,10 or fewer
,"NORTHWEST ARCTIC, AK",-,-,10 or fewer
,"HEMPSTEAD, AR",41.41%,15.66%,198
,"DALE, AL",33.86%,10.18%,511
,"CROWLEY, CO",39.22%,25.49%,51
,"YUMA, AZ",19.85%,-,131
,"LAMAR, AL",35.98%,9.52%,189
,"HOT SPRING, AR",34.15%,14.27%,855
,"BUTLER, AL",-,-,16
,"HOUSTON, AL",36.15%,9.99%,2152
,"HALE, AL",38.60%,-,57
,"LOGAN, CO",29.86%,9.72%,144
,"COFFEE, AL",34.51%,10.77%,678
,"HENRY, AL",30.14%,6.39%,219
,"BIBB, AL",46.15%,-,26
,"PERRY, AL",-,-,10 or fewer
,"SEBASTIAN, AR",36.21%,14.13%,3828
,"LONOKE, AR",36.27%,14.01%,2255
,"COVINGTON, AL",32.43%,14.86%,74
,"LOGAN, AR",33.08%,13.16%,266
,"BALDWIN, AL",30.70%,12.79%,4574
,"CRENSHAW, AL",-,-,15
,"WINDHAM, CT",29.48%,19.29%,4257
,"LAUDERDALE, AL",-,-,35
,"LAFAYETTE, AR",-,-,41
,"JEFFERSON, AR",40.88%,19.48%,1299
,"JOHNSON, AR",31.37%,9.01%,322
,"MIDDLESEX, CT",24.62%,18.75%,6457
,"TALLAPOOSA, AL",-,-,12
,"OTERO, CO",34.09%,27.27%,220
,"AUTAUGA, AL",-,-,31
,"LAWRENCE, AL",-,-,11
,"CLEBURNE, AR",29.02%,10.77%,789
,"SEDGWICK, CO",-,-,25
,"DEL NORTE, CA",28.46%,9.16%,513
,"IMPERIAL, CA",24.17%,10.33%,629
,"INDEPENDENCE, AR",37.37%,13.64%,396
,"CALHOUN, AR",36.96%,-,46
,"CONWAY, AR",36.78%,18.01%,261
,"FRANKLIN, AR",32.68%,9.73%,257
,"ESCAMBIA, AL",34.13%,15.70%,293
,"LITCHFIELD, CT",22.32%,9.43%,4749
,"PUEBLO, CO",32.96%,15.49%,4196
,"ELMORE, AL",-,-,35
,"CHICOT, AR",41.94%,20.97%,62
,"NEW LONDON, CT",25.95%,14.93%,9144
,"COLUMBIA, AR",38.66%,17.47%,269
,"GRANT, AR",41.19%,15.03%,386
,"WOODRUFF, AR",34.29%,-,35
,"NEW HAVEN, CT",23.18%,14.41%,14831
,"PROWERS, CO",34.58%,12.15%,107
,"GILA, AZ",28.57%,-,70
,"FAULKNER, AR",32.28%,10.86%,2965
,"FRESNO, CA",32.04%,12.60%,31605
,"BENT, CO",32.08%,-,53
,"MOHAVE, AZ",18.55%,-,124
,"WHITE, AR",32.69%,12.99%,985
,"RUSSELL, AL",24.14%,-,87
,"NAVAJO, AZ",19.32%,-,88
,"PRINCE OF WALES HYDER, AK",-,-,10 or fewer
,"MOFFAT, CO",27.46%,9.99%,681
,"SOUTHEAST FAIRBANKS, AK",-,-,10 or fewer
,"MODOC, CA",-,-,13
,"APACHE, AZ",-,-,35
,"LINCOLN, AR",37.11%,11.34%,97
,"LIMESTONE, AL",-,-,75
,"LA PAZ, AZ",-,-,19
,"PULASKI, AR",33.45%,15.90%,15256
,"HOWARD, AR",27.47%,13.19%,91
,"MORGAN, CO",30.16%,13.44%,305
,"SEARCY, AR",-,-,33
,"TOLLAND, CT",22.42%,14.46%,4385
,"GENEVA, AL",37.02%,8.29%,362
,"LEE, AL",19.61%,6.27%,255
,"GREENLEE, AZ",-,-,21
,"SKAGWAY, AK",-,-,10 or fewer
,"WASHINGTON, CO",-,-,22
,"MONTGOMERY, AL",22.82%,-,149
,"IZARD, AR",20.90%,-,67
,"YELL, AR",41.35%,15.79%,133
,"UNION, AR",30.85%,10.64%,282
,"PIKE, AR",33.90%,17.80%,118
,"LAS ANIMAS, CO",30.40%,17.60%,125
,"DESHA, AR",32.14%,16.67%,84
,"ASHLEY, AR",33.55%,13.82%,152
,"HARTFORD, CT",24.43%,15.57%,34462
,"MADISON, AL",13.21%,-,280
,"LINCOLN, CO",40.00%,-,50
,"HUERFANO, CO",45.10%,-,51
,"GRAHAM, AZ",18.29%,-,82
,"KERN, CA",34.49%,19.26%,13758
,"KIOWA, CO",-,-,10 or fewer
,"CLEVELAND, AR",29.35%,14.13%,92
,"PHILLIPS, CO",-,-,49
,"MARICOPA, AZ",19.18%,6.44%,50960
,"JACKSON, CO",-,-,24
,"STONE, AR",-,-,52
,"CHILTON, AL",-,-,18
,"KINGS, CA",33.33%,17.92%,1077
,"CHEYENNE, CO",-,-,12
,"FAIRFIELD, CT",18.79%,10.21%,15331
,"KODIAK ISLAND, AK",32.86%,8.93%,280
,"SONOMA, CA",28.58%,8.69%,8240
,"FREMONT, CO",26.42%,10.23%,352
,"PLUMAS, CA",21.74%,-,92
,"MADERA, CA",27.86%,12.52%,3299
,"POPE, AR",28.28%,11.48%,488
,"WELD, CO",25.86%,9.20%,14295
,"HUMBOLDT, CA",25.13%,7.39%,4834
,"SHELBY, AL",20.00%,-,165
,"COCHISE, AZ",31.82%,16.92%,396
,"SANTA BARBARA, CA",25.93%,13.26%,3077
,"JEFFERSON, AL",17.35%,3.76%,559
,"LAKE, CA",25.17%,7.35%,735
,"BRADLEY, AR",39.80%,13.27%,98
,"RIO BLANCO, CO",33.33%,-,33
,"BACA, CO",-,-,30
,"SAN BENITO, CA",26.96%,10.75%,586
,"DELTA, CO",24.29%,11.86%,177
,"MESA, CO",25.86%,9.06%,3124
,"SHASTA, CA",21.65%,2.33%,1118
,"POLK, AR",30.39%,-,102
,"PIMA, AZ",28.52%,19.02%,21103
,"KETCHIKAN GATEWAY, AK",-,-,10 or fewer
,"GARLAND, AR",34.46%,13.48%,653
,"TULARE, CA",34.04%,21.46%,3449
,"FAIRBANKS NORTH STAR, AK",21.05%,-,76
,"MONTEREY, CA",25.93%,14.21%,13778
,"YUMA, CO",23.44%,-,64
,"KENAI PENINSULA, AK",-,-,46
,"SEVIER, AR",29.23%,-,65
,"SAN JOAQUIN, CA",20.85%,10.93%,5774
,"GLENN, CA",24.27%,-,206
,"MENDOCINO, CA",29.60%,11.84%,2027
,"RIVERSIDE, CA",23.42%,10.29%,35505
,"HAINES, AK",-,-,10 or fewer
,"INYO, CA",30.77%,-,39
,"PETERSBURG, AK",-,-,10 or fewer
,"BAXTER, AR",22.79%,9.56%,136
,"MARION, AR",-,-,28
,"DREW, AR",29.35%,17.41%,201
,"SOLANO, CA",25.78%,9.08%,4217
,"SIERRA, CA",-,-,13
,"MONTGOMERY, AR",30.00%,-,40
,"DOLORES, CO",-,-,10 or fewer
,"MATANUSKA SUSITNA, AK",15.49%,-,71
,"SISKIYOU, CA",19.48%,-,77
,"NAPA, CA",22.79%,13.09%,917
,"BETHEL, AK",-,-,10 or fewer
,"CALAVERAS, CA",18.80%,13.68%,117
,"TEHAMA, CA",20.59%,-,306
,"TRINITY, CA",-,-,34
,"LOS ANGELES, CA",25.54%,15.10%,39573
,"ALPINE, CA",-,-,10 or fewer
,"SANTA CRUZ, AZ",20.08%,17.72%,254
,"TELLER, CO",20.64%,6.58%,562
,"SAN BERNARDINO, CA",23.20%,13.52%,22555
,"MONTROSE, CO",27.27%,10.61%,198
,"NOME, AK",-,-,10 or fewer
,"ADAMS, CO",25.80%,9.58%,14666
,"VALDEZ CORDOVA, AK",-,-,10 or fewer
,"ALAMOSA, CO",28.41%,-,88
,"COSTILLA, CO",-,-,17
,"SAN DIEGO, CA",17.04%,7.95%,68081
,"EL PASO, CO",20.95%,7.94%,29756
,"LARIMER, CO",16.58%,5.70%,18296
,"DENALI, AK",-,-,10 or fewer
,"DILLINGHAM, AK",-,-,10 or fewer
,"MARIPOSA, CA",25.97%,-,77
,"YAVAPAI, AZ",10.95%,2.43%,493
,"AMADOR, CA",-,-,100
,"RIO GRANDE, CO",-,-,54
,"CONEJOS, CO",-,-,29
,"ALAMEDA, CA",21.49%,9.86%,31859
,"SANTA CRUZ, CA",21.29%,12.93%,3626
,"JUNEAU, AK",-,-,34
,"MERCED, CA",29.47%,15.92%,1822
,"ANCHORAGE, AK",9.06%,-,276
,"PARK, CO",13.86%,-,101
,"KIT CARSON, CO",30.95%,-,42
,"SACRAMENTO, CA",17.77%,9.73%,15039
,"CONTRA COSTA, CA",23.97%,11.67%,25914
,"BOONE, AR",36.27%,13.73%,102
,"NEWTON, AR",-,-,22
,"PINAL, AZ",16.49%,6.31%,2250
,"BUTTE, CA",16.78%,1.76%,1990
,"NEW CASTLE, DE",26.06%,14.13%,11526
,"MONTEZUMA, CO",28.89%,-,45
,"CUSTER, CO",-,-,26
,"SAGUACHE, CO",-,-,10 or fewer
,"ARAPAHOE, CO",21.70%,8.57%,18915
,"YAKUTAT, AK",-,-,10 or fewer
,"ELBERT, CO",18.55%,7.23%,415
,"DENVER, CO",20.83%,7.42%,30994
,"HINSDALE, CO",-,-,10 or fewer
,"ORANGE, CA",17.19%,9.10%,30586
,"MONO, CA",-,-,33
,"MARIN, CA",19.33%,12.81%,4878
,"TUOLUMNE, CA",20.80%,-,125
,"WRANGELL, AK",-,-,10 or fewer
,"BROOMFIELD, CO",13.30%,5.59%,2218
,"JEFFERSON, CO",18.19%,6.45%,11162
,"SANTA CLARA, CA",16.95%,6.66%,28228
,"YUBA, CA",17.79%,-,253
,"GILPIN, CO",-,-,56
,"SITKA, AK",-,-,10 or fewer
,"GARFIELD, CO",16.38%,7.91%,354
,"ARCHULETA, CO",-,-,27
,"EL DORADO, CA",9.46%,2.73%,1575
,"SAN LUIS OBISPO, CA",15.89%,5.93%,472
,"CARROLL, AR",28.57%,-,56
,"MINERAL, CO",-,-,10 or fewer
,"COLUSA, CA",-,-,56
,"CLEAR CREEK, CO",-,-,49
,"DOUGLAS, CO",11.53%,4.30%,9002
,"CHAFFEE, CO",14.71%,-,102
,"BOULDER, CO",11.85%,4.36%,13219
,"SAN FRANCISCO, CA",14.28%,7.39%,17159
,"SAN MATEO, CA",16.15%,7.57%,11231
,"HOONAH ANGOON, AK",-,-,10 or fewer
,"LAKE AND PENINSULA, AK",-,-,10 or fewer
,"GRAND, CO",11.76%,5.88%,204
,"SUTTER, CA",15.20%,4.80%,250
,"PLACER, CA",10.41%,2.83%,2085
,"STANISLAUS, CA",20.17%,9.51%,2062
,"LAKE, CO",-,-,32
,"ROUTT, CO",9.41%,4.34%,1105
,"OURAY, CO",-,-,18
,"WASHINGTON, AR",22.75%,8.40%,2369
,"GUNNISON, CO",8.90%,-,146
,"YOLO, CA",10.79%,5.37%,1807
,"LA PLATA, CO",10.75%,-,186
,"MADISON, AR",29.76%,-,84
,"NEVADA, CA",7.95%,-,239
,"COCONINO, AZ",7.53%,1.60%,877
,"BENTON, AR",21.57%,6.97%,1233
,"SAN JUAN, CO",-,-,10 or fewer
,"SUMMIT, CO",8.23%,-,158
,"VENTURA, CA",7.17%,1.93%,1868
,"EAGLE, CO",8.41%,3.60%,333
,"PITKIN, CO",6.12%,-,327
,"SAN MIGUEL, CO",-,-,61
,None of the above,18.07%,10.12%,148585
,Total,22.42%,10.71%,1055023
≥ 25 and < 35 Years,"KUSILVAK, AK",-,-,10 or fewer
,"WILCOX, AL",45.24%,28.57%,42
,"CLAY, AL",58.54%,-,41
,"CHOCTAW, AL",59.25%,26.23%,530
,"WALKER, AL",64.81%,40.74%,54
,"CLEBURNE, AL",51.66%,28.48%,151
,"BLOUNT, AL",53.15%,24.32%,111
,"YUKON KOYUKUK, AK",-,-,10 or fewer
,"MARENGO, AL",41.30%,-,92
,"TALLADEGA, AL",51.16%,27.91%,172
,"CLARKE, AL",49.47%,26.69%,281
,"MISSISSIPPI, AR",55.79%,32.99%,1079
,"COOSA, AL",-,-,10 or fewer
,"CHAMBERS, AL",50.53%,24.52%,469
,"SUMTER, AL",57.57%,25.22%,337
,"PIKE, AL",39.67%,11.57%,121
,"MARSHALL, AL",44.29%,24.29%,140
,"GREENE, AL",48.78%,-,41
,"WASHINGTON, AL",47.55%,25.65%,347
,"ALEUTIANS EAST, AK",-,-,10 or fewer
,"MOBILE, AL",47.16%,25.84%,11701
,"BULLOCK, AL",-,-,18
,"CALHOUN, AL",45.49%,24.25%,499
,"MONROE, AL",49.29%,23.21%,280
,"POINSETT, AR",57.38%,31.80%,1349
,"JACKSON, AR",50.18%,29.30%,273
,"LAWRENCE, AR",47.70%,27.36%,413
,"ETOWAH, AL",47.92%,26.59%,1008
,"SAINT FRANCIS, AR",49.56%,27.70%,343
,"RANDOLPH, AL",47.22%,20.83%,216
,"RANDOLPH, AR",52.69%,33.33%,279
,"KENT, DE",52.71%,28.25%,11327
,"NEVADA, AR",56.85%,30.03%,343
,"JACKSON, AL",50.70%,17.21%,215
,"DALLAS, AL",-,-,24
,"CULLMAN, AL",55.38%,20.00%,65
,"MACON, AL",39.53%,17.44%,86
,"SAINT CLAIR, AL",38.83%,16.50%,103
,"WINSTON, AL",70.59%,-,17
,"BARBOUR, AL",57.56%,15.13%,238
,"PHILLIPS, AR",54.31%,27.16%,232
,"COLBERT, AL",39.53%,-,43
,"CONECUH, AL",49.02%,27.45%,102
,"OUACHITA, AR",53.54%,28.65%,932
,"PERRY, AR",52.27%,25.87%,375
,"GREENE, AR",47.46%,24.48%,1871
,"SHARP, AR",44.62%,19.35%,186
,"CRAIGHEAD, AR",52.92%,27.73%,7740
,"CROSS, AR",55.89%,36.31%,526
,"PICKENS, AL",46.90%,12.16%,403
,"MONROE, AR",50.47%,21.94%,319
,"LEE, AR",59.26%,20.99%,81
,"CLAY, AR",50.39%,29.84%,258
,"LOWNDES, AL",-,-,10 or fewer
,"CLARK, AR",51.14%,23.40%,1359
,"FAYETTE, AL",45.95%,-,37
,"SUSSEX, DE",50.11%,26.12%,11091
,"LITTLE RIVER, AR",49.53%,29.91%,107
,"ARKANSAS, AR",52.12%,25.85%,1180
,"CRITTENDEN, AR",48.31%,19.94%,2573
,"TUSCALOOSA, AL",48.97%,17.01%,1693
,"MILLER, AR",49.03%,27.03%,518
,"MORGAN, AL",43.55%,-,62
,"CHEROKEE, AL",44.91%,19.76%,167
,"BRISTOL BAY, AK",-,-,10 or fewer
,"SCOTT, AR",47.12%,19.71%,208
,"VAN BUREN, AR",44.27%,18.70%,262
,"DALLAS, AR",56.41%,32.05%,156
,"LASSEN, CA",45.60%,21.38%,318
,"FULTON, AR",48.33%,30.00%,60
,"MARION, AL",52.25%,29.59%,534
,"NORTH SLOPE, AK",-,-,10 or fewer
,"PRAIRIE, AR",50.56%,20.90%,354
,"SALINE, AR",51.54%,26.18%,5516
,"CRAWFORD, AR",49.05%,20.42%,2836
,"FRANKLIN, AL",40.31%,15.50%,129
,"ALEUTIANS WEST, AK",-,-,10 or fewer
,"NORTHWEST ARCTIC, AK",-,-,10 or fewer
,"HEMPSTEAD, AR",53.70%,27.24%,257
,"DALE, AL",45.22%,16.35%,1046
,"CROWLEY, CO",37.14%,17.14%,105
,"YUMA, AZ",30.80%,11.16%,224
,"LAMAR, AL",46.13%,19.35%,310
,"HOT SPRING, AR",48.90%,23.98%,1276
,"BUTLER, AL",-,-,34
,"HOUSTON, AL",48.26%,17.45%,3846
,"HALE, AL",40.37%,15.60%,109
,"LOGAN, CO",39.43%,19.87%,317
,"COFFEE, AL",51.82%,22.74%,1042
,"HENRY, AL",53.54%,16.54%,381
,"BIBB, AL",-,-,25
,"PERRY, AL",-,-,18
,"SEBASTIAN, AR",47.20%,21.47%,5269
,"LONOKE, AR",51.20%,21.21%,3617
,"COVINGTON, AL",44.34%,17.92%,106
,"LOGAN, AR",46.84%,19.21%,380
,"BALDWIN, AL",44.28%,21.66%,7776
,"CRENSHAW, AL",-,-,19
,"WINDHAM, CT",42.82%,21.52%,6551
,"LAUDERDALE, AL",33.33%,-,54
,"LAFAYETTE, AR",50.94%,28.30%,53
,"JEFFERSON, AR",55.55%,29.56%,1847
,"JOHNSON, AR",51.94%,19.66%,412
,"MIDDLESEX, CT",40.26%,20.45%,10162
,"TALLAPOOSA, AL",33.33%,-,36
,"OTERO, CO",50.28%,31.22%,362
,"AUTAUGA, AL",33.33%,-,42
,"LAWRENCE, AL",-,-,17
,"CLEBURNE, AR",41.42%,17.81%,1067
,"SEDGWICK, CO",-,-,31
,"DEL NORTE, CA",42.71%,17.71%,796
,"IMPERIAL, CA",37.23%,19.00%,1179
,"INDEPENDENCE, AR",44.91%,23.96%,530
,"CALHOUN, AR",45.98%,27.59%,87
,"CONWAY, AR",50.42%,25.77%,357
,"FRANKLIN, AR",44.70%,20.06%,349
,"ESCAMBIA, AL",52.98%,26.05%,453
,"LITCHFIELD, CT",40.36%,18.90%,6804
,"PUEBLO, CO",44.41%,23.50%,7264
,"ELMORE, AL",35.00%,-,40
,"CHICOT, AR",41.77%,26.58%,79
,"NEW LONDON, CT",41.01%,21.23%,13686
,"COLUMBIA, AR",55.00%,28.24%,340
,"GRANT, AR",48.70%,22.36%,577
,"WOODRUFF, AR",43.24%,21.62%,74
,"NEW HAVEN, CT",37.66%,21.34%,21962
,"PROWERS, CO",53.13%,32.81%,128
,"GILA, AZ",30.51%,16.95%,118
,"FAULKNER, AR",46.35%,20.67%,4388
,"FRESNO, CA",47.51%,18.78%,51426
,"BENT, CO",46.67%,30.67%,75
,"MOHAVE, AZ",32.74%,14.88%,168
,"WHITE, AR",49.65%,20.16%,1414
,"RUSSELL, AL",34.40%,11.20%,125
,"NAVAJO, AZ",30.34%,12.36%,178
,"PRINCE OF WALES HYDER, AK",-,-,10 or fewer
,"MOFFAT, CO",42.60%,19.79%,1061
,"SOUTHEAST FAIRBANKS, AK",-,-,10 or fewer
,"MODOC, CA",33.33%,-,39
,"APACHE, AZ",44.44%,18.52%,81
,"LINCOLN, AR",47.55%,24.48%,143
,"LIMESTONE, AL",37.93%,19.54%,87
,"LA PAZ, AZ",-,-,29
,"PULASKI, AR",46.22%,22.37%,23897
,"HOWARD, AR",43.75%,24.11%,112
,"MORGAN, CO",41.43%,18.33%,502
,"SEARCY, AR",46.34%,-,41
,"TOLLAND, CT",37.96%,17.54%,6344
,"GENEVA, AL",45.53%,16.84%,582
,"LEE, AL",35.66%,11.89%,286
,"GREENLEE, AZ",32.65%,34.69%,49
,"SKAGWAY, AK",-,-,10 or fewer
,"WASHINGTON, CO",50.00%,-,44
,"MONTGOMERY, AL",34.54%,11.34%,194
,"IZARD, AR",45.59%,22.06%,68
,"YELL, AR",44.72%,17.39%,161
,"UNION, AR",45.07%,17.75%,355
,"PIKE, AR",46.67%,25.00%,120
,"LAS ANIMAS, CO",49.05%,30.00%,210
,"DESHA, AR",46.60%,25.24%,103
,"ASHLEY, AR",40.59%,24.26%,202
,"HARTFORD, CT",37.93%,19.57%,51589
,"MADISON, AL",30.90%,12.24%,343
,"LINCOLN, CO",42.37%,-,59
,"HUERFANO, CO",42.86%,26.05%,119
,"GRAHAM, AZ",32.31%,34.62%,130
,"KERN, CA",46.17%,25.58%,18415
,"KIOWA, CO",-,-,27
,"CLEVELAND, AR",43.90%,27.64%,123
,"PHILLIPS, CO",36.73%,-,49
,"MARICOPA, AZ",31.13%,12.84%,89507
,"JACKSON, CO",27.50%,-,40
,"STONE, AR",45.45%,18.18%,66
,"CHILTON, AL",-,-,16
,"KINGS, CA",49.74%,27.86%,1741
,"CHEYENNE, CO",54.55%,-,22
,"FAIRFIELD, CT",33.29%,19.20%,19856
,"KODIAK ISLAND, AK",47.52%,15.41%,545
,"SONOMA, CA",38.34%,12.92%,10748
,"FREMONT, CO",39.08%,15.28%,563
,"PLUMAS, CA",28.29%,11.84%,152
,"MADERA, CA",45.64%,21.36%,5285
,"POPE, AR",41.60%,18.76%,613
,"WELD, CO",39.74%,17.01%,24763
,"HUMBOLDT, CA",35.99%,11.53%,8324
,"SHELBY, AL",37.01%,12.99%,154
,"COCHISE, AZ",44.80%,25.54%,654
,"SANTA BARBARA, CA",36.53%,16.04%,4183
,"JEFFERSON, AL",31.71%,11.17%,555
,"LAKE, CA",38.22%,10.50%,1133
,"BRADLEY, AR",37.98%,26.36%,129
,"RIO BLANCO, CO",41.18%,-,68
,"BACA, CO",41.18%,-,34
,"SAN BENITO, CA",32.88%,16.81%,809
,"DELTA, CO",32.85%,18.61%,274
,"MESA, CO",35.55%,16.11%,4998
,"SHASTA, CA",29.12%,4.88%,1188
,"POLK, AR",35.94%,16.41%,128
,"PIMA, AZ",40.12%,26.05%,31496
,"KETCHIKAN GATEWAY, AK",-,-,11
,"GARLAND, AR",38.65%,18.51%,740
,"TULARE, CA",45.59%,30.47%,5209
,"FAIRBANKS NORTH STAR, AK",24.69%,13.58%,81
,"MONTEREY, CA",38.43%,20.10%,18067
,"YUMA, CO",33.33%,-,78
,"KENAI PENINSULA, AK",-,-,41
,"SEVIER, AR",43.16%,22.11%,95
,"SAN JOAQUIN, CA",32.01%,18.00%,8533
,"GLENN, CA",28.06%,-,196
,"MENDOCINO, CA",39.96%,16.67%,3336
,"RIVERSIDE, CA",34.12%,16.28%,59348
,"HAINES, AK",-,-,10 or fewer
,"INYO, CA",29.82%,22.81%,57
,"PETERSBURG, AK",-,-,10 or fewer
,"BAXTER, AR",44.76%,20.95%,105
,"MARION, AR",41.67%,-,36
,"DREW, AR",41.67%,22.08%,240
,"SOLANO, CA",36.63%,15.31%,7046
,"SIERRA, CA",-,-,28
,"MONTGOMERY, AR",39.58%,-,48
,"DOLORES, CO",-,-,10 or fewer
,"MATANUSKA SUSITNA, AK",21.67%,-,60
,"SISKIYOU, CA",31.78%,9.30%,129
,"NAPA, CA",35.07%,20.02%,1209
,"BETHEL, AK",-,-,10 or fewer
,"CALAVERAS, CA",19.14%,9.88%,162
,"TEHAMA, CA",30.28%,4.93%,284
,"TRINITY, CA",25.00%,-,92
,"LOS ANGELES, CA",30.82%,16.12%,68128
,"ALPINE, CA",-,-,13
,"SANTA CRUZ, AZ",40.38%,29.93%,421
,"TELLER, CO",28.15%,9.79%,1062
,"SAN BERNARDINO, CA",32.88%,20.67%,40575
,"MONTROSE, CO",38.78%,17.55%,245
,"NOME, AK",-,-,10 or fewer
,"ADAMS, CO",34.83%,14.31%,24074
,"VALDEZ CORDOVA, AK",-,-,10 or fewer
,"ALAMOSA, CO",37.30%,14.29%,126
,"COSTILLA, CO",-,-,25
,"SAN DIEGO, CA",26.79%,12.83%,128699
,"EL PASO, CO",32.38%,12.94%,48825
,"LARIMER, CO",27.46%,11.62%,27782
,"DENALI, AK",-,-,10 or fewer
,"DILLINGHAM, AK",-,-,10 or fewer
,"MARIPOSA, CA",29.85%,12.69%,134
,"YAVAPAI, AZ",21.00%,5.55%,919
,"AMADOR, CA",23.68%,5.79%,190
,"RIO GRANDE, CO",27.85%,15.19%,79
,"CONEJOS, CO",-,-,34
,"ALAMEDA, CA",29.08%,12.09%,53571
,"SANTA CRUZ, CA",26.74%,16.94%,5341
,"JUNEAU, AK",-,-,31
,"MERCED, CA",42.50%,21.93%,2266
,"ANCHORAGE, AK",27.51%,11.35%,229
,"PARK, CO",23.56%,11.56%,225
,"KIT CARSON, CO",23.91%,-,46
,"SACRAMENTO, CA",23.30%,11.35%,29584
,"CONTRA COSTA, CA",33.74%,14.24%,34967
,"BOONE, AR",30.93%,13.40%,97
,"NEWTON, AR",-,-,21
,"PINAL, AZ",27.68%,11.84%,3783
,"BUTTE, CA",26.78%,2.58%,1822
,"NEW CASTLE, DE",39.38%,18.10%,10712
,"MONTEZUMA, CO",38.18%,27.27%,55
,"CUSTER, CO",27.87%,18.03%,61
,"SAGUACHE, CO",-,-,14
,"ARAPAHOE, CO",30.96%,13.12%,30729
,"YAKUTAT, AK",-,-,10 or fewer
,"ELBERT, CO",25.27%,9.89%,566
,"DENVER, CO",22.42%,8.77%,66514
,"HINSDALE, CO",-,-,10 or fewer
,"ORANGE, CA",24.44%,12.04%,56102
,"MONO, CA",-,-,66
,"MARIN, CA",30.84%,18.96%,5791
,"TUOLUMNE, CA",16.59%,16.59%,217
,"WRANGELL, AK",-,-,10 or fewer
,"BROOMFIELD, CO",23.37%,9.55%,3782
,"JEFFERSON, CO",22.72%,8.94%,22305
,"SANTA CLARA, CA",21.23%,8.67%,49669
,"YUBA, CA",20.90%,10.25%,488
,"GILPIN, CO",21.29%,7.74%,155
,"SITKA, AK",-,-,12
,"GARFIELD, CO",27.62%,12.50%,496
,"ARCHULETA, CO",-,-,43
,"EL DORADO, CA",16.14%,5.04%,2063
,"SAN LUIS OBISPO, CA",19.24%,8.62%,499
,"CARROLL, AR",25.00%,-,52
,"MINERAL, CO",-,-,10 or fewer
,"COLUSA, CA",21.52%,-,79
,"CLEAR CREEK, CO",23.26%,-,129
,"DOUGLAS, CO",23.12%,9.35%,12476
,"CHAFFEE, CO",18.47%,10.83%,157
,"BOULDER, CO",18.28%,7.27%,20006
,"SAN FRANCISCO, CA",15.20%,6.37%,37135
,"SAN MATEO, CA",22.49%,9.76%,17516
,"HOONAH ANGOON, AK",-,-,10 or fewer
,"LAKE AND PENINSULA, AK",-,-,10 or fewer
,"GRAND, CO",17.38%,6.42%,374
,"SUTTER, CA",15.67%,4.98%,402
,"PLACER, CA",16.12%,5.85%,3400
,"STANISLAUS, CA",19.40%,13.31%,2495
,"LAKE, CO",-,-,61
,"ROUTT, CO",15.40%,6.04%,2136
,"OURAY, CO",-,-,23
,"WASHINGTON, AR",32.27%,13.08%,1537
,"GUNNISON, CO",19.21%,9.04%,177
,"YOLO, CA",15.40%,7.82%,2863
,"LA PLATA, CO",20.27%,10.14%,148
,"MADISON, AR",36.67%,-,60
,"NEVADA, CA",13.32%,6.53%,398
,"COCONINO, AZ",10.24%,3.28%,977
,"BENTON, AR",29.91%,10.65%,1023
,"SAN JUAN, CO",-,-,10 or fewer
,"SUMMIT, CO",12.87%,4.04%,272
,"VENTURA, CA",10.38%,4.25%,2755
,"EAGLE, CO",9.75%,2.75%,400
,"PITKIN, CO",8.80%,-,500
,"SAN MIGUEL, CO",-,-,63
,None of the above,27.99%,15.22%,230995
,Total,31.99%,15.34%,1715618
≥ 35 and < 45 Years,"KUSILVAK, AK",-,-,10 or fewer
,"WILCOX, AL",60.00%,41.82%,55
,"CLAY, AL",63.79%,24.14%,58
,"CHOCTAW, AL",66.84%,30.46%,591
,"WALKER, AL",57.33%,28.00%,75
,"CLEBURNE, AL",64.74%,31.79%,173
,"BLOUNT, AL",54.66%,21.74%,161
,"YUKON KOYUKUK, AK",-,-,10 or fewer
,"MARENGO, AL",62.26%,23.58%,106
,"TALLADEGA, AL",60.35%,26.43%,227
,"CLARKE, AL",52.24%,37.01%,335
,"MISSISSIPPI, AR",61.36%,34.42%,1162
,"COOSA, AL",-,-,11
,"CHAMBERS, AL",59.49%,33.20%,506
,"SUMTER, AL",66.47%,27.89%,337
,"PIKE, AL",56.16%,32.19%,146
,"MARSHALL, AL",51.64%,22.95%,244
,"GREENE, AL",60.23%,18.18%,88
,"WASHINGTON, AL",52.01%,26.38%,398
,"ALEUTIANS EAST, AK",-,-,10 or fewer
,"MOBILE, AL",54.32%,33.47%,14011
,"BULLOCK, AL",54.55%,-,22
,"CALHOUN, AL",54.85%,24.75%,691
,"MONROE, AL",57.27%,24.55%,330
,"POINSETT, AR",59.76%,33.28%,1307
,"JACKSON, AR",57.78%,33.65%,315
,"LAWRENCE, AR",54.24%,31.11%,389
,"ETOWAH, AL",55.73%,28.51%,1091
,"SAINT FRANCIS, AR",53.42%,28.77%,365
,"RANDOLPH, AL",53.48%,28.21%,273
,"RANDOLPH, AR",55.52%,26.81%,317
,"KENT, DE",58.85%,31.85%,11673
,"NEVADA, AR",61.45%,39.39%,358
,"JACKSON, AL",55.76%,20.14%,278
,"DALLAS, AL",52.00%,-,25
,"CULLMAN, AL",48.60%,20.56%,107
,"MACON, AL",50.98%,25.49%,102
,"SAINT CLAIR, AL",52.73%,30.00%,110
,"WINSTON, AL",59.52%,30.95%,42
,"BARBOUR, AL",51.55%,24.84%,322
,"PHILLIPS, AR",55.59%,30.59%,304
,"COLBERT, AL",55.00%,21.67%,60
,"CONECUH, AL",44.00%,19.33%,150
,"OUACHITA, AR",60.17%,37.77%,1067
,"PERRY, AR",53.01%,34.26%,432
,"GREENE, AR",54.61%,29.99%,1824
,"SHARP, AR",52.89%,24.79%,242
,"CRAIGHEAD, AR",58.01%,31.76%,7145
,"CROSS, AR",53.00%,37.63%,566
,"PICKENS, AL",53.28%,23.06%,503
,"MONROE, AR",53.91%,28.30%,371
,"LEE, AR",53.00%,35.00%,100
,"CLAY, AR",55.04%,37.60%,258
,"LOWNDES, AL",-,-,10 or fewer
,"CLARK, AR",58.56%,33.24%,1402
,"FAYETTE, AL",55.26%,-,38
,"SUSSEX, DE",54.47%,30.49%,11326
,"LITTLE RIVER, AR",47.86%,30.77%,117
,"ARKANSAS, AR",56.91%,32.31%,1309
,"CRITTENDEN, AR",55.49%,28.79%,2622
,"TUSCALOOSA, AL",55.51%,22.92%,1562
,"MILLER, AR",58.59%,31.26%,611
,"MORGAN, AL",50.88%,-,57
,"CHEROKEE, AL",51.43%,23.67%,245
,"BRISTOL BAY, AK",-,-,10 or fewer
,"SCOTT, AR",62.04%,27.35%,245
,"VAN BUREN, AR",50.69%,20.78%,361
,"DALLAS, AR",56.95%,35.43%,223
,"LASSEN, CA",50.66%,27.29%,458
,"FULTON, AR",53.97%,20.63%,63
,"MARION, AL",55.88%,30.50%,646
,"NORTH SLOPE, AK",-,-,10 or fewer
,"PRAIRIE, AR",49.00%,26.75%,400
,"SALINE, AR",52.76%,29.95%,6590
,"CRAWFORD, AR",53.31%,24.81%,3228
,"FRANKLIN, AL",53.45%,25.86%,116
,"ALEUTIANS WEST, AK",-,-,10 or fewer
,"NORTHWEST ARCTIC, AK",-,-,10 or fewer
,"HEMPSTEAD, AR",57.43%,30.12%,249
,"DALE, AL",47.34%,20.10%,1204
,"CROWLEY, CO",44.26%,24.59%,122
,"YUMA, AZ",44.71%,25.60%,293
,"LAMAR, AL",53.35%,25.20%,373
,"HOT SPRING, AR",51.10%,29.29%,1540
,"BUTLER, AL",41.38%,-,29
,"HOUSTON, AL",47.31%,23.05%,4413
,"HALE, AL",51.94%,19.38%,129
,"LOGAN, CO",45.56%,25.74%,338
,"COFFEE, AL",56.83%,27.24%,1619
,"HENRY, AL",42.41%,15.18%,573
,"BIBB, AL",-,-,23
,"PERRY, AL",-,-,10 or fewer
,"SEBASTIAN, AR",51.74%,26.79%,5932
,"LONOKE, AR",52.53%,25.39%,4329
,"COVINGTON, AL",48.07%,23.76%,181
,"LOGAN, AR",49.89%,28.41%,447
,"BALDWIN, AL",46.79%,27.14%,9782
,"CRENSHAW, AL",50.00%,-,46
,"WINDHAM, CT",48.28%,26.32%,6787
,"LAUDERDALE, AL",51.35%,-,37
,"LAFAYETTE, AR",46.88%,29.69%,64
,"JEFFERSON, AR",58.42%,33.67%,2085
,"JOHNSON, AR",52.37%,21.62%,569
,"MIDDLESEX, CT",47.01%,25.39%,10676
,"TALLAPOOSA, AL",-,-,28
,"OTERO, CO",51.10%,29.10%,409
,"AUTAUGA, AL",55.56%,24.44%,45
,"LAWRENCE, AL",-,-,10 or fewer
,"CLEBURNE, AR",44.89%,21.87%,1477
,"SEDGWICK, CO",45.45%,27.27%,55
,"DEL NORTE, CA",53.03%,22.21%,941
,"IMPERIAL, CA",42.63%,23.53%,1356
,"INDEPENDENCE, AR",47.87%,23.70%,633
,"CALHOUN, AR",50.00%,26.09%,92
,"CONWAY, AR",55.19%,29.65%,462
,"FRANKLIN, AR",51.80%,20.86%,417
,"ESCAMBIA, AL",49.63%,28.73%,536
,"LITCHFIELD, CT",45.13%,23.88%,7672
,"PUEBLO, CO",47.91%,25.66%,7324
,"ELMORE, AL",37.14%,-,70
,"CHICOT, AR",61.54%,30.77%,104
,"NEW LONDON, CT",46.86%,25.70%,14229
,"COLUMBIA, AR",50.28%,32.67%,352
,"GRANT, AR",46.26%,26.95%,668
,"WOODRUFF, AR",43.69%,28.16%,103
,"NEW HAVEN, CT",45.20%,27.19%,21297
,"PROWERS, CO",50.00%,25.00%,184
,"GILA, AZ",41.98%,20.99%,162
,"FAULKNER, AR",50.73%,24.96%,4715
,"FRESNO, CA",50.58%,22.05%,54675
,"BENT, CO",47.31%,27.96%,93
,"MOHAVE, AZ",40.95%,19.83%,232
,"WHITE, AR",48.84%,23.42%,1644
,"RUSSELL, AL",50.37%,19.26%,135
,"NAVAJO, AZ",34.29%,13.33%,210
,"PRINCE OF WALES HYDER, AK",-,-,10 or fewer
,"MOFFAT, CO",46.20%,16.96%,1067
,"SOUTHEAST FAIRBANKS, AK",-,-,10 or fewer
,"MODOC, CA",42.86%,-,42
,"APACHE, AZ",40.00%,19.09%,110
,"LINCOLN, AR",48.95%,25.79%,190
,"LIMESTONE, AL",43.08%,24.62%,65
,"LA PAZ, AZ",51.52%,-,33
,"PULASKI, AR",48.95%,27.84%,24456
,"HOWARD, AR",53.45%,37.07%,116
,"MORGAN, CO",50.76%,27.19%,526
,"SEARCY, AR",43.86%,28.07%,57
,"TOLLAND, CT",43.63%,21.29%,7041
,"GENEVA, AL",41.80%,19.77%,799
,"LEE, AL",42.11%,17.54%,342
,"GREENLEE, AZ",52.17%,-,23
,"SKAGWAY, AK",-,-,10 or fewer
,"WASHINGTON, CO",41.07%,-,56
,"MONTGOMERY, AL",37.93%,18.97%,174
,"IZARD, AR",53.19%,28.72%,94
,"YELL, AR",45.50%,20.38%,211
,"UNION, AR",40.35%,21.86%,622
,"PIKE, AR",50.70%,28.17%,142
,"LAS ANIMAS, CO",44.27%,25.19%,262
,"DESHA, AR",50.00%,31.25%,160
,"ASHLEY, AR",43.70%,21.85%,238
,"HARTFORD, CT",42.91%,23.82%,55230
,"MADISON, AL",38.26%,18.01%,311
,"LINCOLN, CO",52.94%,23.53%,68
,"HUERFANO, CO",40.28%,21.53%,144
,"GRAHAM, AZ",42.86%,31.43%,105
,"KERN, CA",48.87%,28.56%,16916
,"KIOWA, CO",40.63%,-,32
,"CLEVELAND, AR",45.10%,22.88%,153
,"PHILLIPS, CO",55.00%,20.00%,60
,"MARICOPA, AZ",38.10%,18.19%,90630
,"JACKSON, CO",39.39%,-,66
,"STONE, AR",47.19%,24.72%,89
,"CHILTON, AL",-,-,12
,"KINGS, CA",52.41%,27.59%,1765
,"CHEYENNE, CO",38.24%,-,34
,"FAIRFIELD, CT",36.71%,23.07%,22976
,"KODIAK ISLAND, AK",47.59%,19.13%,643
,"SONOMA, CA",43.11%,13.76%,11271
,"FREMONT, CO",41.57%,21.51%,753
,"PLUMAS, CA",37.29%,14.12%,177
,"MADERA, CA",48.91%,21.70%,5199
,"POPE, AR",45.41%,21.91%,817
,"WELD, CO",42.14%,20.33%,24375
,"HUMBOLDT, CA",41.16%,15.25%,9086
,"SHELBY, AL",36.50%,17.52%,137
,"COCHISE, AZ",43.78%,21.89%,635
,"SANTA BARBARA, CA",42.65%,20.86%,4185
,"JEFFERSON, AL",38.97%,18.79%,580
,"LAKE, CA",41.81%,16.46%,1069
,"BRADLEY, AR",50.00%,26.97%,152
,"RIO BLANCO, CO",44.71%,16.47%,85
,"BACA, CO",30.00%,-,40
,"SAN BENITO, CA",42.32%,20.86%,1002
,"DELTA, CO",36.21%,15.28%,301
,"MESA, CO",37.99%,17.27%,5754
,"SHASTA, CA",36.07%,10.47%,793
,"POLK, AR",42.62%,19.67%,122
,"PIMA, AZ",43.24%,29.80%,30116
,"KETCHIKAN GATEWAY, AK",-,-,21
,"GARLAND, AR",41.73%,19.64%,937
,"TULARE, CA",48.90%,28.52%,4358
,"FAIRBANKS NORTH STAR, AK",37.97%,17.72%,79
,"MONTEREY, CA",43.83%,23.01%,18053
,"YUMA, CO",36.36%,15.91%,132
,"KENAI PENINSULA, AK",39.02%,-,41
,"SEVIER, AR",52.43%,21.36%,103
,"SAN JOAQUIN, CA",36.80%,20.94%,10475
,"GLENN, CA",42.19%,-,128
,"MENDOCINO, CA",40.37%,20.67%,3381
,"RIVERSIDE, CA",38.12%,18.86%,59516
,"HAINES, AK",-,-,10 or fewer
,"INYO, CA",34.34%,25.25%,99
,"PETERSBURG, AK",-,-,10 or fewer
,"BAXTER, AR",31.94%,18.06%,144
,"MARION, AR",44.00%,-,50
,"DREW, AR",37.97%,20.87%,345
,"SOLANO, CA",40.87%,18.25%,5897
,"SIERRA, CA",37.78%,-,45
,"MONTGOMERY, AR",45.83%,-,48
,"DOLORES, CO",-,-,10 or fewer
,"MATANUSKA SUSITNA, AK",25.40%,-,63
,"SISKIYOU, CA",31.82%,14.55%,110
,"NAPA, CA",39.57%,25.62%,882
,"BETHEL, AK",-,-,10 or fewer
,"CALAVERAS, CA",25.00%,12.96%,216
,"TEHAMA, CA",36.16%,-,177
,"TRINITY, CA",30.93%,-,97
,"LOS ANGELES, CA",33.59%,18.68%,57493
,"ALPINE, CA",-,-,28
,"SANTA CRUZ, AZ",39.54%,31.94%,263
,"TELLER, CO",31.47%,12.47%,1411
,"SAN BERNARDINO, CA",36.58%,21.86%,36772
,"MONTROSE, CO",33.44%,16.56%,302
,"NOME, AK",-,-,10 or fewer
,"ADAMS, CO",40.32%,19.54%,21448
,"VALDEZ CORDOVA, AK",-,-,10 or fewer
,"ALAMOSA, CO",42.65%,21.32%,136
,"COSTILLA, CO",35.14%,-,37
,"SAN DIEGO, CA",31.20%,17.19%,129418
,"EL PASO, CO",37.78%,16.59%,45979
,"LARIMER, CO",31.48%,15.57%,29142
,"DENALI, AK",-,-,10 or fewer
,"DILLINGHAM, AK",-,-,10 or fewer
,"MARIPOSA, CA",28.48%,10.76%,158
,"YAVAPAI, AZ",24.15%,12.08%,944
,"AMADOR, CA",25.11%,9.13%,219
,"RIO GRANDE, CO",42.34%,24.32%,111
,"CONEJOS, CO",46.30%,27.78%,54
,"ALAMEDA, CA",32.73%,14.54%,57553
,"SANTA CRUZ, CA",30.90%,17.41%,5664
,"JUNEAU, AK",-,-,37
,"MERCED, CA",45.04%,21.38%,2409
,"ANCHORAGE, AK",29.21%,14.04%,178
,"PARK, CO",27.46%,12.20%,295
,"KIT CARSON, CO",30.67%,20.00%,75
,"SACRAMENTO, CA",30.04%,15.16%,28042
,"CONTRA COSTA, CA",36.68%,17.62%,35352
,"BOONE, AR",42.11%,25.26%,95
,"NEWTON, AR",-,-,24
,"PINAL, AZ",34.34%,16.71%,3777
,"BUTTE, CA",29.35%,5.44%,937
,"NEW CASTLE, DE",44.66%,23.43%,10996
,"MONTEZUMA, CO",38.71%,23.66%,93
,"CUSTER, CO",26.88%,12.90%,93
,"SAGUACHE, CO",-,-,36
,"ARAPAHOE, CO",34.61%,16.97%,28743
,"YAKUTAT, AK",-,-,10 or fewer
,"ELBERT, CO",32.40%,14.87%,753
,"DENVER, CO",29.33%,13.07%,49956
,"HINSDALE, CO",-,-,10 or fewer
,"ORANGE, CA",26.05%,13.86%,62027
,"MONO, CA",24.42%,15.12%,86
,"MARIN, CA",34.53%,21.67%,6631
,"TUOLUMNE, CA",23.66%,13.84%,224
,"WRANGELL, AK",-,-,10 or fewer
,"BROOMFIELD, CO",28.44%,13.25%,3699
,"JEFFERSON, CO",27.70%,12.64%,20429
,"SANTA CLARA, CA",26.57%,11.86%,51235
,"YUBA, CA",24.55%,11.82%,440
,"GILPIN, CO",21.74%,9.24%,184
,"SITKA, AK",-,-,11
,"GARFIELD, CO",24.01%,11.55%,554
,"ARCHULETA, CO",17.74%,-,62
,"EL DORADO, CA",19.01%,7.13%,2888
,"SAN LUIS OBISPO, CA",22.73%,11.14%,673
,"CARROLL, AR",44.44%,23.81%,63
,"MINERAL, CO",-,-,10 or fewer
,"COLUSA, CA",25.45%,-,55
,"CLEAR CREEK, CO",16.19%,-,105
,"DOUGLAS, CO",25.44%,11.99%,15615
,"CHAFFEE, CO",21.46%,6.85%,219
,"BOULDER, CO",20.43%,9.22%,22134
,"SAN FRANCISCO, CA",20.56%,10.58%,32227
,"SAN MATEO, CA",24.17%,11.88%,18638
,"HOONAH ANGOON, AK",-,-,10 or fewer
,"LAKE AND PENINSULA, AK",-,-,10 or fewer
,"GRAND, CO",23.43%,8.25%,303
,"SUTTER, CA",17.40%,9.44%,339
,"PLACER, CA",20.43%,7.65%,3881
,"STANISLAUS, CA",23.52%,12.79%,2721
,"LAKE, CO",22.92%,-,48
,"ROUTT, CO",19.61%,9.39%,2427
,"OURAY, CO",-,-,38
,"WASHINGTON, AR",35.56%,15.00%,1440
,"GUNNISON, CO",22.70%,11.04%,163
,"YOLO, CA",18.13%,8.84%,2388
,"LA PLATA, CO",20.86%,7.49%,187
,"MADISON, AR",37.50%,-,64
,"NEVADA, CA",11.79%,4.96%,585
,"COCONINO, AZ",11.08%,4.94%,668
,"BENTON, AR",37.60%,15.23%,1024
,"SAN JUAN, CO",-,-,10 or fewer
,"SUMMIT, CO",17.18%,7.49%,227
,"VENTURA, CA",10.30%,4.34%,2583
,"EAGLE, CO",12.86%,4.29%,420
,"PITKIN, CO",8.37%,3.26%,645
,"SAN MIGUEL, CO",-,-,95
,None of the above,31.41%,17.72%,263956
,Total,36.33%,18.88%,1753230
≥ 45 and < 55 Years,"KUSILVAK, AK",-,-,10 or fewer
,"WILCOX, AL",66.67%,40.63%,96
,"CLAY, AL",57.65%,22.35%,85
,"CHOCTAW, AL",69.55%,34.14%,785
,"WALKER, AL",71.77%,37.10%,124
,"CLEBURNE, AL",59.42%,29.71%,313
,"BLOUNT, AL",62.89%,29.56%,159
,"YUKON KOYUKUK, AK",-,-,10 or fewer
,"MARENGO, AL",58.08%,27.78%,198
,"TALLADEGA, AL",53.78%,21.45%,331
,"CLARKE, AL",63.41%,36.77%,533
,"MISSISSIPPI, AR",66.55%,37.62%,1414
,"COOSA, AL",-,-,15
,"CHAMBERS, AL",58.31%,29.02%,734
,"SUMTER, AL",69.46%,33.94%,442
,"PIKE, AL",63.32%,27.51%,229
,"MARSHALL, AL",57.10%,25.47%,373
,"GREENE, AL",64.42%,20.19%,104
,"WASHINGTON, AL",58.61%,35.45%,488
,"ALEUTIANS EAST, AK",-,-,10 or fewer
,"MOBILE, AL",58.93%,38.58%,15987
,"BULLOCK, AL",46.88%,-,32
,"CALHOUN, AL",56.96%,24.53%,848
,"MONROE, AL",60.34%,29.89%,532
,"POINSETT, AR",62.96%,34.70%,1493
,"JACKSON, AR",62.93%,37.07%,437
,"LAWRENCE, AR",63.72%,34.44%,543
,"ETOWAH, AL",57.97%,30.32%,1161
,"SAINT FRANCIS, AR",62.38%,38.36%,537
,"RANDOLPH, AL",55.30%,23.48%,443
,"RANDOLPH, AR",57.11%,29.70%,394
,"KENT, DE",62.17%,35.49%,10936
,"NEVADA, AR",60.57%,40.72%,388
,"JACKSON, AL",59.86%,23.00%,426
,"DALLAS, AL",75.00%,-,16
,"CULLMAN, AL",46.56%,15.27%,131
,"MACON, AL",57.35%,26.47%,136
,"SAINT CLAIR, AL",54.02%,29.89%,174
,"WINSTON, AL",60.34%,36.21%,58
,"BARBOUR, AL",51.98%,19.25%,504
,"PHILLIPS, AR",60.52%,37.40%,385
,"COLBERT, AL",56.12%,20.41%,98
,"CONECUH, AL",55.10%,29.39%,245
,"OUACHITA, AR",60.40%,38.75%,1298
,"PERRY, AR",59.82%,37.84%,555
,"GREENE, AR",58.42%,30.01%,2066
,"SHARP, AR",56.46%,27.85%,395
,"CRAIGHEAD, AR",60.93%,32.42%,6823
,"CROSS, AR",62.95%,37.20%,672
,"PICKENS, AL",57.28%,20.79%,529
,"MONROE, AR",56.47%,26.90%,487
,"LEE, AR",59.09%,30.81%,198
,"CLAY, AR",57.77%,35.68%,412
,"LOWNDES, AL",-,-,10 or fewer
,"CLARK, AR",56.78%,35.48%,1601
,"FAYETTE, AL",46.67%,21.67%,60
,"SUSSEX, DE",57.77%,34.51%,11724
,"LITTLE RIVER, AR",64.42%,34.13%,208
,"ARKANSAS, AR",58.28%,33.46%,1539
,"CRITTENDEN, AR",59.85%,35.13%,2730
,"TUSCALOOSA, AL",60.36%,26.60%,1496
,"MILLER, AR",61.66%,33.81%,772
,"MORGAN, AL",48.78%,20.73%,82
,"CHEROKEE, AL",50.63%,21.80%,399
,"BRISTOL BAY, AK",-,-,10 or fewer
,"SCOTT, AR",58.88%,31.95%,338
,"VAN BUREN, AR",57.14%,22.63%,539
,"DALLAS, AR",54.10%,31.97%,244
,"LASSEN, CA",52.86%,26.79%,560
,"FULTON, AR",66.67%,31.37%,102
,"MARION, AL",50.18%,27.78%,853
,"NORTH SLOPE, AK",-,-,10 or fewer
,"PRAIRIE, AR",55.22%,28.73%,536
,"SALINE, AR",54.35%,32.09%,7213
,"CRAWFORD, AR",55.27%,28.95%,3751
,"FRANKLIN, AL",51.01%,18.79%,149
,"ALEUTIANS WEST, AK",-,-,10 or fewer
,"NORTHWEST ARCTIC, AK",-,-,10 or fewer
,"HEMPSTEAD, AR",59.63%,33.85%,322
,"DALE, AL",51.26%,23.61%,1588
,"CROWLEY, CO",50.00%,22.31%,130
,"YUMA, AZ",48.28%,26.15%,348
,"LAMAR, AL",53.16%,20.63%,538
,"HOT SPRING, AR",53.32%,33.18%,1778
,"BUTLER, AL",54.90%,-,51
,"HOUSTON, AL",47.38%,23.52%,5456
,"HALE, AL",48.06%,23.26%,129
,"LOGAN, CO",48.97%,25.29%,435
,"COFFEE, AL",57.70%,25.09%,2033
,"HENRY, AL",46.27%,21.52%,804
,"BIBB, AL",51.85%,-,27
,"PERRY, AL",-,-,18
,"SEBASTIAN, AR",54.97%,30.81%,6336
,"LONOKE, AR",54.18%,26.95%,4838
,"COVINGTON, AL",56.14%,24.12%,228
,"LOGAN, AR",53.80%,23.42%,632
,"BALDWIN, AL",50.30%,29.95%,12538
,"CRENSHAW, AL",55.56%,24.07%,54
,"WINDHAM, CT",52.86%,31.64%,7365
,"LAUDERDALE, AL",41.54%,23.08%,65
,"LAFAYETTE, AR",72.22%,43.06%,72
,"JEFFERSON, AR",60.82%,33.91%,2560
,"JOHNSON, AR",54.20%,19.13%,690
,"MIDDLESEX, CT",51.14%,30.05%,11515
,"TALLAPOOSA, AL",37.50%,-,64
,"OTERO, CO",52.80%,30.00%,500
,"AUTAUGA, AL",42.22%,-,45
,"LAWRENCE, AL",-,-,13
,"CLEBURNE, AR",50.00%,24.65%,1838
,"SEDGWICK, CO",52.73%,29.09%,55
,"DEL NORTE, CA",55.87%,25.09%,877
,"IMPERIAL, CA",47.40%,25.19%,1671
,"INDEPENDENCE, AR",54.06%,29.45%,764
,"CALHOUN, AR",51.53%,31.90%,163
,"CONWAY, AR",52.00%,28.00%,650
,"FRANKLIN, AR",49.81%,22.78%,518
,"ESCAMBIA, AL",56.23%,30.47%,722
,"LITCHFIELD, CT",49.52%,29.38%,8206
,"PUEBLO, CO",49.29%,27.93%,7704
,"ELMORE, AL",46.15%,16.67%,78
,"CHICOT, AR",51.92%,30.13%,156
,"NEW LONDON, CT",49.02%,28.91%,14861
,"COLUMBIA, AR",58.81%,33.10%,420
,"GRANT, AR",50.29%,29.43%,863
,"WOODRUFF, AR",55.86%,28.97%,145
,"NEW HAVEN, CT",49.70%,32.29%,22199
,"PROWERS, CO",52.53%,28.11%,217
,"GILA, AZ",42.45%,20.82%,245
,"FAULKNER, AR",53.26%,27.33%,4812
,"FRESNO, CA",53.10%,23.35%,51775
,"BENT, CO",43.41%,28.68%,129
,"MOHAVE, AZ",48.45%,27.04%,355
,"WHITE, AR",53.21%,26.99%,2212
,"RUSSELL, AL",50.90%,23.35%,167
,"NAVAJO, AZ",42.36%,19.65%,229
,"PRINCE OF WALES HYDER, AK",-,-,10 or fewer
,"MOFFAT, CO",52.42%,24.05%,952
,"SOUTHEAST FAIRBANKS, AK",-,-,10 or fewer
,"MODOC, CA",39.02%,-,41
,"APACHE, AZ",45.38%,24.37%,119
,"LINCOLN, AR",43.69%,23.87%,222
,"LIMESTONE, AL",53.09%,29.63%,81
,"LA PAZ, AZ",42.55%,25.53%,47
,"PULASKI, AR",50.32%,30.24%,24801
,"HOWARD, AR",54.79%,32.19%,146
,"MORGAN, CO",48.10%,26.30%,578
,"SEARCY, AR",53.19%,19.15%,94
,"TOLLAND, CT",48.91%,27.52%,7401
,"GENEVA, AL",43.88%,19.51%,1030
,"LEE, AL",46.84%,20.37%,427
,"GREENLEE, AZ",54.29%,-,35
,"SKAGWAY, AK",-,-,10 or fewer
,"WASHINGTON, CO",35.62%,23.29%,73
,"MONTGOMERY, AL",44.32%,15.14%,185
,"IZARD, AR",49.65%,32.17%,143
,"YELL, AR",47.53%,25.31%,324
,"UNION, AR",45.98%,27.39%,920
,"PIKE, AR",47.95%,27.49%,171
,"LAS ANIMAS, CO",45.00%,25.94%,320
,"DESHA, AR",41.41%,22.22%,198
,"ASHLEY, AR",43.24%,23.51%,370
,"HARTFORD, CT",46.67%,28.96%,53579
,"MADISON, AL",53.94%,26.81%,317
,"LINCOLN, CO",42.86%,23.21%,56
,"HUERFANO, CO",48.57%,24.57%,175
,"GRAHAM, AZ",44.95%,24.77%,109
,"KERN, CA",52.42%,30.83%,16304
,"KIOWA, CO",44.00%,-,25
,"CLEVELAND, AR",54.11%,28.57%,231
,"PHILLIPS, CO",56.57%,30.30%,99
,"MARICOPA, AZ",41.81%,22.17%,96088
,"JACKSON, CO",35.38%,-,65
,"STONE, AR",45.04%,19.85%,131
,"CHILTON, AL",43.75%,-,32
,"KINGS, CA",53.24%,24.13%,1728
,"CHEYENNE, CO",-,-,20
,"FAIRFIELD, CT",40.59%,26.57%,25507
,"KODIAK ISLAND, AK",47.54%,19.27%,467
,"SONOMA, CA",47.42%,14.36%,10321
,"FREMONT, CO",44.74%,22.54%,865
,"PLUMAS, CA",41.38%,26.60%,203
,"MADERA, CA",50.60%,19.82%,4905
,"POPE, AR",45.40%,23.96%,1077
,"WELD, CO",47.22%,25.83%,21045
,"HUMBOLDT, CA",43.25%,17.27%,7725
,"SHELBY, AL",44.52%,18.71%,155
,"COCHISE, AZ",44.08%,28.59%,710
,"SANTA BARBARA, CA",44.79%,23.92%,3905
,"JEFFERSON, AL",42.39%,18.63%,585
,"LAKE, CA",49.64%,22.33%,963
,"BRADLEY, AR",45.49%,27.87%,244
,"RIO BLANCO, CO",45.57%,16.46%,79
,"BACA, CO",51.02%,32.65%,49
,"SAN BENITO, CA",48.41%,23.54%,1134
,"DELTA, CO",40.49%,19.84%,368
,"MESA, CO",40.59%,19.90%,5799
,"SHASTA, CA",42.88%,19.66%,590
,"POLK, AR",48.45%,22.68%,194
,"PIMA, AZ",46.36%,32.43%,30311
,"KETCHIKAN GATEWAY, AK",-,-,21
,"GARLAND, AR",44.16%,21.83%,1182
,"TULARE, CA",47.32%,22.35%,3844
,"FAIRBANKS NORTH STAR, AK",41.10%,-,73
,"MONTEREY, CA",46.53%,24.64%,17043
,"YUMA, CO",38.31%,15.58%,154
,"KENAI PENINSULA, AK",41.07%,-,56
,"SEVIER, AR",48.80%,30.40%,125
,"SAN JOAQUIN, CA",41.46%,23.08%,11759
,"GLENN, CA",36.00%,-,50
,"MENDOCINO, CA",45.17%,26.05%,2703
,"RIVERSIDE, CA",41.61%,21.24%,59711
,"HAINES, AK",-,-,10 or fewer
,"INYO, CA",36.13%,18.49%,119
,"PETERSBURG, AK",-,-,10 or fewer
,"BAXTER, AR",48.42%,22.63%,190
,"MARION, AR",43.59%,17.95%,78
,"DREW, AR",37.25%,21.90%,443
,"SOLANO, CA",42.38%,20.80%,4962
,"SIERRA, CA",37.29%,20.34%,59
,"MONTGOMERY, AR",44.44%,23.46%,81
,"DOLORES, CO",-,-,16
,"MATANUSKA SUSITNA, AK",40.98%,26.23%,61
,"SISKIYOU, CA",38.32%,16.82%,107
,"NAPA, CA",40.97%,31.87%,659
,"BETHEL, AK",-,-,11
,"CALAVERAS, CA",35.48%,16.77%,310
,"TEHAMA, CA",35.24%,10.48%,105
,"TRINITY, CA",39.71%,17.65%,68
,"LOS ANGELES, CA",37.90%,22.13%,57487
,"ALPINE, CA",-,-,12
,"SANTA CRUZ, AZ",41.20%,21.93%,301
,"TELLER, CO",35.80%,16.84%,1746
,"SAN BERNARDINO, CA",39.36%,22.23%,35310
,"MONTROSE, CO",42.56%,18.75%,336
,"NOME, AK",-,-,10 or fewer
,"ADAMS, CO",44.68%,23.82%,17735
,"VALDEZ CORDOVA, AK",-,-,10 or fewer
,"ALAMOSA, CO",52.83%,25.47%,106
,"COSTILLA, CO",32.69%,21.15%,52
,"SAN DIEGO, CA",33.24%,20.54%,123962
,"EL PASO, CO",40.53%,19.65%,40431
,"LARIMER, CO",35.29%,19.76%,27461
,"DENALI, AK",-,-,10 or fewer
,"DILLINGHAM, AK",-,-,10 or fewer
,"MARIPOSA, CA",33.93%,18.45%,168
,"YAVAPAI, AZ",30.94%,15.09%,1325
,"AMADOR, CA",33.96%,16.60%,265
,"RIO GRANDE, CO",41.13%,24.19%,124
,"CONEJOS, CO",33.33%,-,57
,"ALAMEDA, CA",34.64%,15.90%,52288
,"SANTA CRUZ, CA",33.79%,19.22%,5277
,"JUNEAU, AK",34.78%,-,46
,"MERCED, CA",45.29%,22.41%,2303
,"ANCHORAGE, AK",31.44%,15.46%,194
,"PARK, CO",34.06%,15.48%,323
,"KIT CARSON, CO",39.77%,20.45%,88
,"SACRAMENTO, CA",35.80%,18.58%,24871
,"CONTRA COSTA, CA",37.61%,18.92%,32662
,"BOONE, AR",41.13%,26.61%,124
,"NEWTON, AR",43.24%,-,37
,"PINAL, AZ",38.17%,20.35%,3838
,"BUTTE, CA",30.89%,9.76%,615
,"NEW CASTLE, DE",46.71%,26.27%,11120
,"MONTEZUMA, CO",37.65%,16.47%,85
,"CUSTER, CO",29.92%,13.39%,127
,"SAGUACHE, CO",34.21%,31.58%,38
,"ARAPAHOE, CO",36.41%,20.31%,23858
,"YAKUTAT, AK",-,-,10 or fewer
,"ELBERT, CO",38.29%,17.73%,739
,"DENVER, CO",34.69%,17.07%,36996
,"HINSDALE, CO",-,-,10 or fewer
,"ORANGE, CA",29.64%,16.15%,66095
,"MONO, CA",30.56%,-,72
,"MARIN, CA",35.41%,22.64%,5759
,"TUOLUMNE, CA",27.35%,15.10%,245
,"WRANGELL, AK",-,-,10 or fewer
,"BROOMFIELD, CO",29.62%,16.05%,3676
,"JEFFERSON, CO",32.11%,16.85%,16399
,"SANTA CLARA, CA",29.04%,13.90%,51839
,"YUBA, CA",25.65%,13.54%,347
,"GILPIN, CO",24.22%,12.11%,223
,"SITKA, AK",-,-,16
,"GARFIELD, CO",25.97%,12.79%,516
,"ARCHULETA, CO",28.85%,-,52
,"EL DORADO, CA",24.69%,11.08%,3276
,"SAN LUIS OBISPO, CA",23.43%,13.39%,747
,"CARROLL, AR",50.00%,23.08%,78
,"MINERAL, CO",-,-,10 or fewer
,"COLUSA, CA",24.05%,-,79
,"CLEAR CREEK, CO",14.50%,-,131
,"DOUGLAS, CO",30.84%,16.17%,15884
,"CHAFFEE, CO",22.79%,10.70%,215
,"BOULDER, CO",21.29%,11.26%,23541
,"SAN FRANCISCO, CA",24.05%,14.55%,27512
,"SAN MATEO, CA",24.83%,13.29%,17860
,"HOONAH ANGOON, AK",-,-,10 or fewer
,"LAKE AND PENINSULA, AK",-,-,10 or fewer
,"GRAND, CO",24.05%,9.97%,341
,"SUTTER, CA",21.36%,12.94%,309
,"PLACER, CA",24.15%,10.65%,3726
,"STANISLAUS, CA",25.09%,12.01%,3113
,"LAKE, CO",27.59%,-,58
,"ROUTT, CO",20.15%,10.06%,2337
,"OURAY, CO",-,-,45
,"WASHINGTON, AR",41.37%,16.15%,1542
,"GUNNISON, CO",19.07%,11.34%,194
,"YOLO, CA",23.13%,12.36%,1885
,"LA PLATA, CO",25.79%,11.76%,221
,"MADISON, AR",44.26%,-,61
,"NEVADA, CA",13.84%,6.92%,578
,"COCONINO, AZ",17.42%,7.32%,574
,"BENTON, AR",40.09%,16.29%,1105
,"SAN JUAN, CO",-,-,10 or fewer
,"SUMMIT, CO",21.74%,13.44%,253
,"VENTURA, CA",13.13%,5.95%,2589
,"EAGLE, CO",13.03%,6.41%,468
,"PITKIN, CO",8.81%,2.98%,704
,"SAN MIGUEL, CO",-,-,143
,None of the above,35.28%,20.29%,275737
,Total,39.79%,21.92%,1735856
≥ 55 and < 65 Years,"KUSILVAK, AK",-,-,10 or fewer
,"WILCOX, AL",58.72%,34.86%,109
,"CLAY, AL",57.14%,13.10%,84
,"CHOCTAW, AL",64.47%,32.23%,1061
,"WALKER, AL",55.13%,28.21%,156
,"CLEBURNE, AL",56.95%,22.46%,374
,"BLOUNT, AL",52.29%,21.57%,153
,"YUKON KOYUKUK, AK",-,-,10 or fewer
,"MARENGO, AL",59.51%,23.90%,205
,"TALLADEGA, AL",52.37%,22.49%,338
,"CLARKE, AL",58.82%,33.20%,777
,"MISSISSIPPI, AR",61.23%,31.42%,1687
,"COOSA, AL",73.68%,-,19
,"CHAMBERS, AL",52.39%,25.49%,859
,"SUMTER, AL",62.25%,29.10%,543
,"PIKE, AL",53.53%,24.68%,312
,"MARSHALL, AL",51.51%,22.74%,299
,"GREENE, AL",57.50%,23.13%,160
,"WASHINGTON, AL",56.44%,32.63%,714
,"ALEUTIANS EAST, AK",-,-,10 or fewer
,"MOBILE, AL",55.30%,37.29%,18900
,"BULLOCK, AL",42.31%,-,26
,"CALHOUN, AL",48.17%,22.83%,955
,"MONROE, AL",49.51%,23.07%,711
,"POINSETT, AR",58.84%,31.01%,1635
,"JACKSON, AR",58.56%,31.84%,625
,"LAWRENCE, AR",60.32%,32.50%,683
,"ETOWAH, AL",53.61%,25.66%,1220
,"SAINT FRANCIS, AR",56.69%,31.72%,725
,"RANDOLPH, AL",53.70%,25.76%,594
,"RANDOLPH, AR",57.09%,30.94%,543
,"KENT, DE",61.85%,36.72%,14077
,"NEVADA, AR",54.00%,34.89%,513
,"JACKSON, AL",53.38%,21.39%,547
,"DALLAS, AL",44.83%,-,29
,"CULLMAN, AL",47.02%,21.19%,151
,"MACON, AL",48.13%,18.72%,187
,"SAINT CLAIR, AL",53.90%,21.99%,141
,"WINSTON, AL",51.35%,28.38%,74
,"BARBOUR, AL",47.23%,20.53%,794
,"PHILLIPS, AR",54.21%,28.77%,570
,"COLBERT, AL",54.44%,20.00%,90
,"CONECUH, AL",59.32%,29.38%,354
,"OUACHITA, AR",56.36%,36.66%,1675
,"PERRY, AR",56.39%,39.39%,759
,"GREENE, AR",57.01%,29.45%,2112
,"SHARP, AR",51.50%,23.83%,600
,"CRAIGHEAD, AR",57.69%,30.72%,6348
,"CROSS, AR",55.22%,31.62%,699
,"PICKENS, AL",53.13%,25.18%,687
,"MONROE, AR",54.51%,31.43%,754
,"LEE, AR",46.61%,25.10%,251
,"CLAY, AR",57.94%,35.56%,554
,"LOWNDES, AL",-,-,10 or fewer
,"CLARK, AR",53.36%,32.84%,1833
,"FAYETTE, AL",51.81%,15.66%,83
,"SUSSEX, DE",53.77%,33.02%,19599
,"LITTLE RIVER, AR",57.54%,30.16%,252
,"ARKANSAS, AR",55.26%,30.98%,1672
,"CRITTENDEN, AR",53.07%,32.65%,2992
,"TUSCALOOSA, AL",52.61%,23.49%,1456
,"MILLER, AR",56.05%,27.81%,942
,"MORGAN, AL",52.22%,28.89%,90
,"CHEROKEE, AL",46.74%,19.88%,674
,"BRISTOL BAY, AK",-,-,10 or fewer
,"SCOTT, AR",51.88%,30.60%,451
,"VAN BUREN, AR",51.19%,23.05%,924
,"DALLAS, AR",51.79%,27.00%,363
,"LASSEN, CA",49.66%,26.89%,729
,"FULTON, AR",55.87%,29.61%,179
,"MARION, AL",51.77%,26.07%,1047
,"NORTH SLOPE, AK",-,-,10 or fewer
,"PRAIRIE, AR",54.60%,25.07%,674
,"SALINE, AR",51.31%,30.01%,7504
,"CRAWFORD, AR",53.83%,28.74%,4460
,"FRANKLIN, AL",55.07%,19.81%,207
,"ALEUTIANS WEST, AK",-,-,16
,"NORTHWEST ARCTIC, AK",-,-,10 or fewer
,"HEMPSTEAD, AR",53.92%,28.35%,395
,"DALE, AL",47.08%,20.81%,2177
,"CROWLEY, CO",45.20%,26.55%,177
,"YUMA, AZ",43.22%,21.88%,553
,"LAMAR, AL",48.77%,22.43%,691
,"HOT SPRING, AR",49.81%,28.74%,2112
,"BUTLER, AL",50.00%,26.39%,72
,"HOUSTON, AL",43.75%,21.62%,6724
,"HALE, AL",53.44%,23.81%,189
,"LOGAN, CO",50.50%,28.71%,707
,"COFFEE, AL",53.89%,24.08%,2479
,"HENRY, AL",44.65%,21.51%,981
,"BIBB, AL",58.33%,-,24
,"PERRY, AL",60.87%,-,23
,"SEBASTIAN, AR",51.42%,28.86%,7252
,"LONOKE, AR",50.10%,24.64%,5495
,"COVINGTON, AL",50.77%,22.56%,390
,"LOGAN, AR",51.70%,21.88%,882
,"BALDWIN, AL",47.73%,28.79%,15347
,"CRENSHAW, AL",50.54%,20.43%,93
,"WINDHAM, CT",50.19%,30.71%,9238
,"LAUDERDALE, AL",45.12%,29.27%,82
,"LAFAYETTE, AR",47.20%,18.40%,125
,"JEFFERSON, AR",55.71%,29.45%,3290
,"JOHNSON, AR",50.83%,16.16%,848
,"MIDDLESEX, CT",49.35%,31.37%,16365
,"TALLAPOOSA, AL",46.74%,20.65%,92
,"OTERO, CO",46.43%,27.16%,659
,"AUTAUGA, AL",59.70%,29.85%,67
,"LAWRENCE, AL",40.74%,-,27
,"CLEBURNE, AR",47.33%,23.34%,2734
,"SEDGWICK, CO",50.57%,33.33%,87
,"DEL NORTE, CA",54.44%,18.43%,1172
,"IMPERIAL, CA",44.30%,25.52%,2402
,"INDEPENDENCE, AR",51.14%,22.73%,968
,"CALHOUN, AR",47.27%,29.09%,220
,"CONWAY, AR",48.83%,24.66%,811
,"FRANKLIN, AR",51.52%,24.55%,660
,"ESCAMBIA, AL",50.58%,27.42%,868
,"LITCHFIELD, CT",49.05%,30.02%,11626
,"PUEBLO, CO",45.16%,27.17%,9507
,"ELMORE, AL",41.59%,20.35%,113
,"CHICOT, AR",44.75%,22.96%,257
,"NEW LONDON, CT",47.81%,27.90%,20477
,"COLUMBIA, AR",48.38%,28.38%,585
,"GRANT, AR",46.05%,27.63%,1151
,"WOODRUFF, AR",44.07%,22.03%,177
,"NEW HAVEN, CT",49.94%,32.29%,27447
,"PROWERS, CO",47.13%,23.56%,348
,"GILA, AZ",43.22%,20.04%,479
,"FAULKNER, AR",48.88%,24.25%,5645
,"FRESNO, CA",51.08%,22.36%,55562
,"BENT, CO",43.50%,26.55%,177
,"MOHAVE, AZ",41.84%,20.55%,803
,"WHITE, AR",47.70%,22.27%,2631
,"RUSSELL, AL",48.97%,17.53%,194
,"NAVAJO, AZ",41.47%,18.24%,340
,"PRINCE OF WALES HYDER, AK",-,-,17
,"MOFFAT, CO",51.42%,22.13%,1089
,"SOUTHEAST FAIRBANKS, AK",-,-,10 or fewer
,"MODOC, CA",45.79%,23.36%,107
,"APACHE, AZ",38.12%,13.81%,181
,"LINCOLN, AR",46.39%,24.14%,319
,"LIMESTONE, AL",50.98%,24.51%,102
,"LA PAZ, AZ",46.10%,24.11%,141
,"PULASKI, AR",47.22%,28.90%,27090
,"HOWARD, AR",55.10%,29.59%,196
,"MORGAN, CO",47.87%,24.17%,844
,"SEARCY, AR",41.67%,17.31%,156
,"TOLLAND, CT",47.80%,27.09%,10034
,"GENEVA, AL",39.96%,17.68%,1454
,"LEE, AL",45.08%,16.60%,488
,"GREENLEE, AZ",51.22%,-,41
,"SKAGWAY, AK",-,-,10 or fewer
,"WASHINGTON, CO",36.30%,25.34%,146
,"MONTGOMERY, AL",44.94%,23.08%,247
,"IZARD, AR",43.24%,25.23%,222
,"YELL, AR",42.16%,21.63%,453
,"UNION, AR",43.05%,23.31%,1064
,"PIKE, AR",46.91%,26.34%,243
,"LAS ANIMAS, CO",40.15%,21.90%,548
,"DESHA, AR",46.41%,26.47%,306
,"ASHLEY, AR",42.16%,21.79%,491
,"HARTFORD, CT",47.35%,30.44%,62379
,"MADISON, AL",43.12%,20.78%,385
,"LINCOLN, CO",45.88%,28.24%,85
,"HUERFANO, CO",37.22%,20.83%,360
,"GRAHAM, AZ",46.50%,27.39%,157
,"KERN, CA",49.73%,28.12%,15531
,"KIOWA, CO",56.60%,39.62%,53
,"CLEVELAND, AR",46.45%,25.89%,282
,"PHILLIPS, CO",40.63%,21.88%,128
,"MARICOPA, AZ",40.84%,22.01%,111827
,"JACKSON, CO",43.75%,22.92%,96
,"STONE, AR",42.41%,21.43%,224
,"CHILTON, AL",-,-,28
,"KINGS, CA",46.27%,19.76%,1878
,"CHEYENNE, CO",45.24%,-,42
,"FAIRFIELD, CT",41.52%,26.62%,30427
,"KODIAK ISLAND, AK",41.86%,20.14%,571
,"SONOMA, CA",44.94%,13.13%,9878
,"FREMONT, CO",39.30%,20.49%,1430
,"PLUMAS, CA",39.19%,21.33%,347
,"MADERA, CA",46.26%,18.21%,5683
,"POPE, AR",42.43%,22.30%,1520
,"WELD, CO",45.68%,26.39%,20989
,"HUMBOLDT, CA",44.14%,17.46%,7727
,"SHELBY, AL",35.79%,14.21%,190
,"COCHISE, AZ",40.02%,25.79%,1237
,"SANTA BARBARA, CA",43.12%,23.67%,3996
,"JEFFERSON, AL",40.99%,16.47%,583
,"LAKE, CA",40.44%,16.49%,1140
,"BRADLEY, AR",40.00%,26.36%,330
,"RIO BLANCO, CO",34.95%,10.68%,103
,"BACA, CO",35.16%,18.68%,91
,"SAN BENITO, CA",41.37%,22.01%,1390
,"DELTA, CO",36.95%,14.92%,590
,"MESA, CO",37.72%,18.83%,7741
,"SHASTA, CA",41.33%,19.38%,738
,"POLK, AR",41.99%,18.86%,281
,"PIMA, AZ",42.13%,28.97%,35972
,"KETCHIKAN GATEWAY, AK",33.33%,-,33
,"GARLAND, AR",39.94%,19.34%,1805
,"TULARE, CA",43.58%,17.59%,4048
,"FAIRBANKS NORTH STAR, AK",35.42%,14.58%,96
,"MONTEREY, CA",43.80%,23.87%,17236
,"YUMA, CO",36.49%,14.86%,222
,"KENAI PENINSULA, AK",31.48%,17.59%,108
,"SEVIER, AR",48.59%,27.46%,142
,"SAN JOAQUIN, CA",42.14%,22.09%,14069
,"GLENN, CA",38.36%,-,73
,"MENDOCINO, CA",39.80%,24.11%,2588
,"RIVERSIDE, CA",39.42%,21.01%,73238
,"HAINES, AK",-,-,10 or fewer
,"INYO, CA",41.98%,26.89%,212
,"PETERSBURG, AK",-,-,15
,"BAXTER, AR",42.99%,22.87%,328
,"MARION, AR",45.97%,17.74%,124
,"DREW, AR",36.05%,21.87%,663
,"SOLANO, CA",39.35%,19.05%,5642
,"SIERRA, CA",40.68%,22.03%,59
,"MONTGOMERY, AR",38.17%,20.61%,131
,"DOLORES, CO",-,-,20
,"MATANUSKA SUSITNA, AK",36.29%,19.35%,124
,"SISKIYOU, CA",34.72%,16.06%,193
,"NAPA, CA",33.68%,26.97%,671
,"BETHEL, AK",-,-,10 or fewer
,"CALAVERAS, CA",35.39%,15.51%,664
,"TEHAMA, CA",37.50%,16.67%,120
,"TRINITY, CA",37.78%,15.56%,135
,"LOS ANGELES, CA",38.49%,21.92%,63066
,"ALPINE, CA",-,-,21
,"SANTA CRUZ, AZ",37.00%,19.44%,427
,"TELLER, CO",34.75%,16.30%,2607
,"SAN BERNARDINO, CA",39.10%,23.20%,39729
,"MONTROSE, CO",34.95%,16.04%,555
,"NOME, AK",-,-,10 or fewer
,"ADAMS, CO",42.65%,22.88%,16223
,"VALDEZ CORDOVA, AK",-,-,12
,"ALAMOSA, CO",34.30%,15.46%,207
,"COSTILLA, CO",37.23%,18.09%,94
,"SAN DIEGO, CA",34.02%,21.43%,130750
,"EL PASO, CO",38.52%,19.57%,42634
,"LARIMER, CO",34.89%,21.10%,29049
,"DENALI, AK",-,-,10 or fewer
,"DILLINGHAM, AK",-,-,10 or fewer
,"MARIPOSA, CA",38.40%,14.09%,362
,"YAVAPAI, AZ",28.73%,14.85%,2485
,"AMADOR, CA",33.08%,13.46%,520
,"RIO GRANDE, CO",36.28%,23.01%,226
,"CONEJOS, CO",39.33%,19.10%,89
,"ALAMEDA, CA",34.01%,15.91%,52442
,"SANTA CRUZ, CA",33.08%,18.29%,5965
,"JUNEAU, AK",22.58%,-,62
,"MERCED, CA",41.54%,20.61%,2742
,"ANCHORAGE, AK",32.73%,14.75%,278
,"PARK, CO",31.16%,16.42%,536
,"KIT CARSON, CO",47.56%,25.61%,82
,"SACRAMENTO, CA",35.82%,17.85%,26469
,"CONTRA COSTA, CA",37.93%,19.35%,32945
,"BOONE, AR",48.21%,18.46%,195
,"NEWTON, AR",36.67%,-,60
,"PINAL, AZ",35.44%,18.00%,4399
,"BUTTE, CA",31.28%,12.63%,697
,"NEW CASTLE, DE",44.09%,25.30%,12705
,"MONTEZUMA, CO",34.69%,19.05%,147
,"CUSTER, CO",27.98%,16.06%,218
,"SAGUACHE, CO",24.62%,16.92%,65
,"ARAPAHOE, CO",36.30%,21.44%,21075
,"YAKUTAT, AK",-,-,10 or fewer
,"ELBERT, CO",34.68%,17.79%,894
,"DENVER, CO",35.90%,18.88%,30611
,"HINSDALE, CO",-,-,14
,"ORANGE, CA",29.40%,16.30%,70442
,"MONO, CA",28.83%,9.91%,111
,"MARIN, CA",30.72%,18.85%,5098
,"TUOLUMNE, CA",33.41%,22.74%,431
,"WRANGELL, AK",-,-,12
,"BROOMFIELD, CO",30.08%,17.23%,3448
,"JEFFERSON, CO",32.23%,17.63%,17825
,"SANTA CLARA, CA",28.53%,13.92%,50944
,"YUBA, CA",30.70%,12.71%,417
,"GILPIN, CO",25.69%,13.04%,253
,"SITKA, AK",-,-,15
,"GARFIELD, CO",23.57%,11.71%,683
,"ARCHULETA, CO",25.00%,15.00%,140
,"EL DORADO, CA",25.26%,12.40%,4751
,"SAN LUIS OBISPO, CA",25.33%,13.77%,1445
,"CARROLL, AR",35.20%,20.80%,125
,"MINERAL, CO",-,-,22
,"COLUSA, CA",21.13%,-,71
,"CLEAR CREEK, CO",25.18%,17.27%,139
,"DOUGLAS, CO",29.53%,16.01%,14414
,"CHAFFEE, CO",25.88%,11.32%,371
,"BOULDER, CO",22.83%,12.97%,24362
,"SAN FRANCISCO, CA",23.76%,15.00%,29365
,"SAN MATEO, CA",24.48%,14.19%,18026
,"HOONAH ANGOON, AK",-,-,10 or fewer
,"LAKE AND PENINSULA, AK",-,-,10 or fewer
,"GRAND, CO",19.30%,7.68%,456
,"SUTTER, CA",25.66%,11.50%,339
,"PLACER, CA",24.28%,10.51%,4416
,"STANISLAUS, CA",22.00%,10.00%,4581
,"LAKE, CO",22.58%,-,62
,"ROUTT, CO",21.66%,10.02%,2355
,"OURAY, CO",23.53%,-,85
,"WASHINGTON, AR",39.87%,15.80%,1658
,"GUNNISON, CO",19.82%,10.36%,222
,"YOLO, CA",26.67%,12.97%,1796
,"LA PLATA, CO",22.29%,14.24%,323
,"MADISON, AR",40.96%,13.25%,83
,"NEVADA, CA",18.59%,8.47%,850
,"COCONINO, AZ",18.46%,9.15%,623
,"BENTON, AR",39.72%,18.20%,1236
,"SAN JUAN, CO",-,-,10 or fewer
,"SUMMIT, CO",15.56%,7.78%,347
,"VENTURA, CA",15.11%,6.10%,3296
,"EAGLE, CO",16.55%,8.19%,562
,"PITKIN, CO",8.71%,4.30%,861
,"SAN MIGUEL, CO",6.47%,-,170
,None of the above,36.72%,21.26%,319654
,Total,39.46%,22.14%,1941358
65 Years or more,"KUSILVAK, AK",-,-,10 or fewer
,"WILCOX, AL",51.34%,28.74%,261
,"CLAY, AL",43.48%,-,69
,"CHOCTAW, AL",51.93%,22.25%,1708
,"WALKER, AL",45.05%,16.22%,111
,"CLEBURNE, AL",43.85%,14.25%,358
,"BLOUNT, AL",50.00%,20.00%,80
,"YUKON KOYUKUK, AK",-,-,10 or fewer
,"MARENGO, AL",54.77%,23.71%,367
,"TALLADEGA, AL",40.69%,11.03%,145
,"CLARKE, AL",43.90%,25.97%,1394
,"MISSISSIPPI, AR",48.59%,22.31%,2371
,"COOSA, AL",-,-,16
,"CHAMBERS, AL",42.20%,23.05%,1154
,"SUMTER, AL",52.73%,30.76%,933
,"PIKE, AL",44.03%,14.12%,595
,"MARSHALL, AL",41.33%,20.44%,225
,"GREENE, AL",52.87%,10.92%,174
,"WASHINGTON, AL",47.59%,31.45%,1183
,"ALEUTIANS EAST, AK",-,-,10 or fewer
,"MOBILE, AL",45.06%,40.08%,28206
,"BULLOCK, AL",53.57%,-,28
,"CALHOUN, AL",38.87%,15.77%,723
,"MONROE, AL",40.80%,17.11%,1157
,"POINSETT, AR",48.20%,24.16%,2446
,"JACKSON, AR",45.04%,23.41%,1179
,"LAWRENCE, AR",48.51%,21.24%,1177
,"ETOWAH, AL",44.95%,18.35%,812
,"SAINT FRANCIS, AR",43.48%,21.82%,1219
,"RANDOLPH, AL",40.57%,21.00%,838
,"RANDOLPH, AR",46.62%,20.69%,991
,"KENT, DE",56.02%,33.91%,24159
,"NEVADA, AR",42.72%,25.73%,824
,"JACKSON, AL",42.81%,14.72%,890
,"DALLAS, AL",46.94%,26.53%,49
,"CULLMAN, AL",44.44%,17.95%,117
,"MACON, AL",39.91%,12.02%,233
,"SAINT CLAIR, AL",45.00%,17.50%,120
,"WINSTON, AL",45.45%,22.73%,88
,"BARBOUR, AL",38.71%,15.54%,1679
,"PHILLIPS, AR",41.63%,19.62%,1004
,"COLBERT, AL",43.35%,17.34%,173
,"CONECUH, AL",42.75%,18.24%,510
,"OUACHITA, AR",42.91%,29.20%,2582
,"PERRY, AR",45.35%,30.91%,1171
,"GREENE, AR",44.58%,19.68%,3699
,"SHARP, AR",45.12%,17.80%,1219
,"CRAIGHEAD, AR",46.59%,22.89%,9611
,"CROSS, AR",45.39%,20.07%,1161
,"PICKENS, AL",42.79%,15.83%,998
,"MONROE, AR",42.81%,24.50%,1196
,"LEE, AR",42.33%,19.87%,463
,"CLAY, AR",44.56%,25.00%,992
,"LOWNDES, AL",-,-,15
,"CLARK, AR",39.96%,27.18%,3208
,"FAYETTE, AL",35.90%,-,78
,"SUSSEX, DE",48.55%,29.91%,38019
,"LITTLE RIVER, AR",43.03%,15.94%,251
,"ARKANSAS, AR",42.99%,25.85%,2638
,"CRITTENDEN, AR",38.83%,24.53%,4154
,"TUSCALOOSA, AL",40.92%,15.34%,1134
,"MILLER, AR",43.93%,17.76%,1070
,"MORGAN, AL",42.16%,22.55%,102
,"CHEROKEE, AL",35.19%,18.51%,1313
,"BRISTOL BAY, AK",-,-,10 or fewer
,"SCOTT, AR",40.00%,18.21%,725
,"VAN BUREN, AR",40.39%,16.12%,1904
,"DALLAS, AR",40.00%,25.91%,660
,"LASSEN, CA",40.06%,22.35%,1378
,"FULTON, AR",45.74%,18.79%,282
,"MARION, AL",41.34%,19.38%,1945
,"NORTH SLOPE, AK",-,-,10 or fewer
,"PRAIRIE, AR",40.70%,21.84%,1177
,"SALINE, AR",40.66%,24.16%,11662
,"CRAWFORD, AR",44.92%,24.75%,6893
,"FRANKLIN, AL",38.64%,16.22%,339
,"ALEUTIANS WEST, AK",-,-,10 or fewer
,"NORTHWEST ARCTIC, AK",-,-,10 or fewer
,"HEMPSTEAD, AR",39.30%,18.41%,603
,"DALE, AL",37.51%,15.23%,3967
,"CROWLEY, CO",44.72%,25.00%,284
,"YUMA, AZ",39.61%,19.38%,1290
,"LAMAR, AL",38.19%,15.97%,1296
,"HOT SPRING, AR",36.71%,21.83%,3582
,"BUTLER, AL",40.50%,19.83%,121
,"HOUSTON, AL",36.02%,16.80%,12051
,"HALE, AL",38.50%,10.62%,226
,"LOGAN, CO",43.92%,25.95%,1653
,"COFFEE, AL",45.23%,16.96%,5105
,"HENRY, AL",36.11%,16.33%,2199
,"BIBB, AL",-,-,14
,"PERRY, AL",-,-,25
,"SEBASTIAN, AR",42.25%,25.15%,11143
,"LONOKE, AR",41.20%,20.28%,8340
,"COVINGTON, AL",37.10%,15.36%,814
,"LOGAN, AR",41.69%,19.54%,1341
,"BALDWIN, AL",38.41%,27.89%,29149
,"CRENSHAW, AL",38.10%,12.50%,168
,"WINDHAM, CT",45.93%,28.76%,13642
,"LAUDERDALE, AL",41.06%,17.22%,151
,"LAFAYETTE, AR",45.52%,23.45%,145
,"JEFFERSON, AR",43.16%,21.98%,5019
,"JOHNSON, AR",38.78%,12.87%,1181
,"MIDDLESEX, CT",44.81%,28.72%,26564
,"TALLAPOOSA, AL",34.86%,11.93%,109
,"OTERO, CO",37.77%,21.62%,1300
,"AUTAUGA, AL",38.57%,20.00%,70
,"LAWRENCE, AL",-,-,23
,"CLEBURNE, AR",38.64%,18.57%,5381
,"SEDGWICK, CO",39.92%,20.99%,243
,"DEL NORTE, CA",44.92%,15.00%,1427
,"IMPERIAL, CA",33.22%,18.78%,4521
,"INDEPENDENCE, AR",39.11%,15.90%,1736
,"CALHOUN, AR",38.71%,22.26%,310
,"CONWAY, AR",38.83%,17.13%,1535
,"FRANKLIN, AR",42.91%,18.92%,1163
,"ESCAMBIA, AL",38.57%,21.89%,1325
,"LITCHFIELD, CT",43.81%,26.35%,18397
,"PUEBLO, CO",39.00%,25.01%,17986
,"ELMORE, AL",43.48%,15.65%,115
,"CHICOT, AR",35.81%,14.63%,458
,"NEW LONDON, CT",43.65%,26.20%,29627
,"COLUMBIA, AR",35.85%,17.44%,820
,"GRANT, AR",38.13%,20.46%,1833
,"WOODRUFF, AR",39.52%,15.65%,377
,"NEW HAVEN, CT",43.85%,28.44%,40373
,"PROWERS, CO",41.02%,19.24%,785
,"GILA, AZ",36.20%,16.32%,1152
,"FAULKNER, AR",40.42%,19.59%,9067
,"FRESNO, CA",42.76%,18.25%,83855
,"BENT, CO",35.90%,18.59%,312
,"MOHAVE, AZ",34.60%,13.63%,1717
,"WHITE, AR",38.17%,17.78%,4016
,"RUSSELL, AL",36.18%,13.31%,293
,"NAVAJO, AZ",37.12%,15.40%,695
,"PRINCE OF WALES HYDER, AK",-,-,22
,"MOFFAT, CO",43.88%,17.92%,1602
,"SOUTHEAST FAIRBANKS, AK",-,-,23
,"MODOC, CA",33.46%,22.69%,260
,"APACHE, AZ",29.47%,10.26%,380
,"LINCOLN, AR",37.21%,19.32%,559
,"LIMESTONE, AL",37.58%,18.12%,149
,"LA PAZ, AZ",34.95%,18.54%,329
,"PULASKI, AR",37.34%,23.36%,45922
,"HOWARD, AR",38.41%,17.75%,276
,"MORGAN, CO",41.16%,19.57%,1691
,"SEARCY, AR",36.81%,13.03%,307
,"TOLLAND, CT",44.30%,26.72%,15357
,"GENEVA, AL",34.00%,13.65%,2594
,"LEE, AL",34.48%,14.03%,670
,"GREENLEE, AZ",30.95%,15.48%,84
,"SKAGWAY, AK",-,-,10 or fewer
,"WASHINGTON, CO",39.04%,20.42%,333
,"MONTGOMERY, AL",29.93%,14.14%,304
,"IZARD, AR",38.93%,17.60%,375
,"YELL, AR",33.99%,16.15%,706
,"UNION, AR",34.32%,17.05%,1754
,"PIKE, AR",36.24%,19.91%,447
,"LAS ANIMAS, CO",31.92%,16.50%,1206
,"DESHA, AR",35.80%,18.42%,581
,"ASHLEY, AR",34.69%,16.51%,1078
,"HARTFORD, CT",42.52%,28.01%,93068
,"MADISON, AL",34.87%,17.52%,565
,"LINCOLN, CO",46.20%,24.05%,158
,"HUERFANO, CO",30.32%,15.97%,864
,"GRAHAM, AZ",34.05%,16.56%,326
,"KERN, CA",37.07%,18.04%,14411
,"KIOWA, CO",33.87%,15.32%,124
,"CLEVELAND, AR",38.06%,19.81%,515
,"PHILLIPS, CO",32.54%,14.24%,295
,"MARICOPA, AZ",34.32%,17.58%,192649
,"JACKSON, CO",32.66%,19.60%,199
,"STONE, AR",33.10%,13.66%,432
,"CHILTON, AL",35.48%,-,31
,"KINGS, CA",38.63%,12.77%,2529
,"CHEYENNE, CO",34.21%,19.74%,76
,"FAIRFIELD, CT",37.23%,22.64%,43601
,"KODIAK ISLAND, AK",35.35%,17.09%,860
,"SONOMA, CA",31.90%,8.68%,11548
,"FREMONT, CO",33.58%,17.27%,2814
,"PLUMAS, CA",32.51%,18.48%,1169
,"MADERA, CA",37.97%,14.73%,9511
,"POPE, AR",32.15%,14.80%,2560
,"WELD, CO",39.62%,24.33%,32386
,"HUMBOLDT, CA",36.98%,13.13%,11652
,"SHELBY, AL",36.68%,15.83%,259
,"COCHISE, AZ",29.94%,18.48%,3069
,"SANTA BARBARA, CA",35.41%,17.40%,4149
,"JEFFERSON, AL",29.95%,13.01%,661
,"LAKE, CA",30.34%,12.48%,1490
,"BRADLEY, AR",29.23%,16.55%,568
,"RIO BLANCO, CO",31.25%,10.94%,192
,"BACA, CO",34.40%,19.20%,250
,"SAN BENITO, CA",33.93%,16.42%,2004
,"DELTA, CO",31.41%,10.63%,1646
,"MESA, CO",30.87%,13.78%,14796
,"SHASTA, CA",33.33%,14.54%,1671
,"POLK, AR",34.83%,15.26%,511
,"PIMA, AZ",30.41%,20.26%,67838
,"KETCHIKAN GATEWAY, AK",30.14%,17.81%,73
,"GARLAND, AR",31.18%,14.66%,4079
,"TULARE, CA",33.55%,11.19%,6203
,"FAIRBANKS NORTH STAR, AK",32.02%,12.25%,253
,"MONTEREY, CA",35.81%,19.78%,23832
,"YUMA, CO",33.80%,15.68%,574
,"KENAI PENINSULA, AK",32.17%,12.79%,258
,"SEVIER, AR",36.04%,16.24%,197
,"SAN JOAQUIN, CA",33.97%,19.99%,27685
,"GLENN, CA",31.54%,14.62%,130
,"MENDOCINO, CA",31.19%,16.79%,3979
,"RIVERSIDE, CA",29.17%,16.09%,123474
,"HAINES, AK",-,-,26
,"INYO, CA",23.54%,13.06%,582
,"PETERSBURG, AK",30.36%,-,56
,"BAXTER, AR",36.73%,15.70%,637
,"MARION, AR",29.35%,15.22%,184
,"DREW, AR",28.30%,17.30%,1272
,"SOLANO, CA",27.13%,11.66%,7737
,"SIERRA, CA",30.37%,17.76%,214
,"MONTGOMERY, AR",31.94%,13.89%,216
,"DOLORES, CO",-,-,33
,"MATANUSKA SUSITNA, AK",33.82%,16.18%,204
,"SISKIYOU, CA",28.41%,14.21%,359
,"NAPA, CA",24.72%,16.88%,1173
,"BETHEL, AK",-,-,10 or fewer
,"CALAVERAS, CA",29.02%,11.50%,1730
,"TEHAMA, CA",27.75%,10.47%,191
,"TRINITY, CA",28.06%,10.67%,253
,"LOS ANGELES, CA",27.66%,16.66%,87029
,"ALPINE, CA",21.31%,-,61
,"SANTA CRUZ, AZ",27.01%,13.71%,985
,"TELLER, CO",29.16%,16.05%,4537
,"SAN BERNARDINO, CA",30.93%,18.58%,52533
,"MONTROSE, CO",25.29%,10.04%,1384
,"NOME, AK",-,-,10 or fewer
,"ADAMS, CO",36.79%,20.93%,20722
,"VALDEZ CORDOVA, AK",40.00%,-,30
,"ALAMOSA, CO",30.03%,16.61%,313
,"COSTILLA, CO",29.25%,11.56%,147
,"SAN DIEGO, CA",29.38%,18.83%,216465
,"EL PASO, CO",33.08%,17.00%,62083
,"LARIMER, CO",32.44%,20.63%,53323
,"DENALI, AK",-,-,16
,"DILLINGHAM, AK",-,-,10 or fewer
,"MARIPOSA, CA",28.22%,9.72%,1070
,"YAVAPAI, AZ",24.52%,10.86%,5939
,"AMADOR, CA",24.16%,9.68%,1188
,"RIO GRANDE, CO",26.02%,17.07%,369
,"CONEJOS, CO",33.54%,15.82%,158
,"ALAMEDA, CA",26.46%,13.81%,78456
,"SANTA CRUZ, CA",24.61%,12.19%,8719
,"JUNEAU, AK",28.49%,12.29%,179
,"MERCED, CA",33.43%,14.85%,4284
,"ANCHORAGE, AK",25.67%,12.21%,639
,"PARK, CO",28.86%,14.68%,797
,"KIT CARSON, CO",31.98%,15.70%,172
,"SACRAMENTO, CA",26.42%,12.27%,33143
,"CONTRA COSTA, CA",27.54%,13.30%,46495
,"BOONE, AR",33.90%,15.25%,295
,"NEWTON, AR",32.38%,19.05%,105
,"PINAL, AZ",28.38%,12.89%,7540
,"BUTTE, CA",24.01%,11.35%,1233
,"NEW CASTLE, DE",31.76%,18.54%,18158
,"MONTEZUMA, CO",25.23%,15.50%,329
,"CUSTER, CO",22.79%,13.94%,531
,"SAGUACHE, CO",22.60%,10.96%,146
,"ARAPAHOE, CO",28.48%,17.14%,31773
,"YAKUTAT, AK",-,-,10 or fewer
,"ELBERT, CO",29.42%,14.26%,1108
,"DENVER, CO",28.73%,15.68%,40353
,"HINSDALE, CO",-,-,26
,"ORANGE, CA",21.79%,12.43%,110866
,"MONO, CA",23.67%,8.98%,245
,"MARIN, CA",21.86%,13.29%,6547
,"TUOLUMNE, CA",23.28%,14.63%,1087
,"WRANGELL, AK",-,-,16
,"BROOMFIELD, CO",27.66%,16.04%,6351
,"JEFFERSON, CO",27.99%,15.18%,30543
,"SANTA CLARA, CA",23.92%,11.91%,83522
,"YUBA, CA",21.38%,11.64%,421
,"GILPIN, CO",22.32%,11.90%,336
,"SITKA, AK",-,-,41
,"GARFIELD, CO",21.52%,8.51%,1199
,"ARCHULETA, CO",21.01%,13.41%,276
,"EL DORADO, CA",21.06%,8.47%,7532
,"SAN LUIS OBISPO, CA",20.98%,11.36%,3346
,"CARROLL, AR",32.98%,10.47%,191
,"MINERAL, CO",-,-,36
,"COLUSA, CA",28.00%,-,125
,"CLEAR CREEK, CO",26.69%,9.32%,236
,"DOUGLAS, CO",24.80%,13.80%,19722
,"CHAFFEE, CO",19.66%,9.21%,814
,"BOULDER, CO",22.21%,13.54%,41659
,"SAN FRANCISCO, CA",19.02%,13.22%,38533
,"SAN MATEO, CA",21.36%,12.77%,29423
,"HOONAH ANGOON, AK",-,-,19
,"LAKE AND PENINSULA, AK",-,-,10 or fewer
,"GRAND, CO",17.57%,7.61%,723
,"SUTTER, CA",18.50%,10.19%,481
,"PLACER, CA",15.82%,6.74%,9237
,"STANISLAUS, CA",17.82%,9.19%,8394
,"LAKE, CO",16.67%,-,96
,"ROUTT, CO",20.83%,10.27%,3543
,"OURAY, CO",16.43%,5.31%,207
,"WASHINGTON, AR",32.87%,12.68%,2507
,"GUNNISON, CO",15.88%,6.94%,447
,"YOLO, CA",21.36%,9.50%,2968
,"LA PLATA, CO",16.88%,8.72%,711
,"MADISON, AR",30.61%,12.24%,98
,"NEVADA, CA",16.89%,7.72%,1670
,"COCONINO, AZ",17.82%,7.77%,965
,"BENTON, AR",34.54%,17.14%,1885
,"SAN JUAN, CO",-,-,14
,"SUMMIT, CO",13.37%,6.11%,606
,"VENTURA, CA",12.79%,4.76%,7013
,"EAGLE, CO",11.41%,5.11%,1096
,"PITKIN, CO",8.28%,3.75%,1521
,"SAN MIGUEL, CO",6.74%,-,282
,None of the above,31.34%,18.50%,514462
,Total,32.59%,18.60%,3071850
"Total: Total includes all data, including data from rows not currently displayed.","KUSILVAK, AK",-,-,10 or fewer
,"WILCOX, AL",52.37%,30.11%,611
,"CLAY, AL",51.06%,16.40%,378
,"CHOCTAW, AL",50.78%,22.41%,5890
,"WALKER, AL",50.73%,24.80%,617
,"CLEBURNE, AL",50.46%,21.28%,1518
,"BLOUNT, AL",50.07%,21.13%,743
,"YUKON KOYUKUK, AK",50.00%,-,22
,"MARENGO, AL",49.78%,20.18%,1115
,"TALLADEGA, AL",49.70%,20.68%,1320
,"CLARKE, AL",48.80%,28.59%,3592
,"MISSISSIPPI, AR",48.64%,25.62%,9529
,"COOSA, AL",48.61%,26.39%,72
,"CHAMBERS, AL",47.15%,23.73%,4042
,"SUMTER, AL",47.13%,23.29%,3499
,"PIKE, AL",46.90%,18.28%,1499
,"MARSHALL, AL",46.89%,21.60%,1384
,"GREENE, AL",46.76%,14.32%,740
,"WASHINGTON, AL",46.75%,27.09%,3566
,"ALEUTIANS EAST, AK",-,-,15
,"MOBILE, AL",45.53%,31.43%,103588
,"BULLOCK, AL",45.27%,16.22%,148
,"CALHOUN, AL",45.12%,20.43%,4131
,"MONROE, AL",45.11%,20.27%,3310
,"POINSETT, AR",45.03%,24.08%,11174
,"JACKSON, AR",44.89%,24.35%,3491
,"LAWRENCE, AR",44.87%,22.95%,4052
,"ETOWAH, AL",44.84%,21.65%,6699
,"SAINT FRANCIS, AR",44.83%,24.34%,3734
,"RANDOLPH, AL",44.77%,21.48%,2593
,"RANDOLPH, AR",44.24%,22.17%,3171
,"KENT, DE",43.86%,25.40%,110676
,"NEVADA, AR",43.84%,26.25%,3109
,"JACKSON, AL",43.63%,16.02%,2746
,"DALLAS, AL",43.60%,21.51%,172
,"CULLMAN, AL",43.35%,17.25%,632
,"MACON, AL",43.30%,16.90%,799
,"SAINT CLAIR, AL",43.25%,19.87%,770
,"WINSTON, AL",43.10%,22.99%,348
,"BARBOUR, AL",42.94%,16.61%,3824
,"PHILLIPS, AR",42.89%,22.40%,3089
,"COLBERT, AL",42.83%,16.20%,537
,"CONECUH, AL",42.81%,20.58%,1642
,"OUACHITA, AR",42.77%,25.61%,10296
,"PERRY, AR",42.29%,26.57%,4216
,"GREENE, AR",42.17%,20.71%,15035
,"SHARP, AR",42.16%,18.19%,3216
,"CRAIGHEAD, AR",42.15%,21.79%,52491
,"CROSS, AR",42.15%,24.07%,4961
,"PICKENS, AL",42.13%,15.95%,3805
,"MONROE, AR",42.10%,21.84%,3860
,"LEE, AR",42.09%,21.04%,1302
,"CLAY, AR",41.89%,24.98%,3118
,"LOWNDES, AL",41.86%,-,43
,"CLARK, AR",41.69%,23.98%,11941
,"FAYETTE, AL",41.64%,15.01%,353
,"SUSSEX, DE",41.55%,25.59%,124682
,"LITTLE RIVER, AR",40.94%,20.47%,1324
,"ARKANSAS, AR",40.77%,22.69%,11463
,"CRITTENDEN, AR",40.55%,22.08%,19877
,"TUSCALOOSA, AL",40.55%,17.19%,10499
,"MILLER, AR",40.42%,20.23%,5695
,"MORGAN, AL",40.25%,19.71%,477
,"CHEROKEE, AL",40.07%,18.70%,3005
,"BRISTOL BAY, AK",-,-,10 or fewer
,"SCOTT, AR",39.96%,19.53%,2535
,"VAN BUREN, AR",39.80%,16.42%,4774
,"DALLAS, AR",39.58%,23.38%,2117
,"LASSEN, CA",39.45%,20.62%,4074
,"FULTON, AR",39.44%,18.44%,933
,"MARION, AL",39.43%,20.99%,6488
,"NORTH SLOPE, AK",39.39%,-,33
,"PRAIRIE, AR",39.39%,19.51%,4054
,"SALINE, AR",39.37%,22.80%,49994
,"CRAWFORD, AR",39.33%,19.37%,29192
,"FRANKLIN, AL",39.16%,15.23%,1149
,"ALEUTIANS WEST, AK",39.13%,-,46
,"NORTHWEST ARCTIC, AK",-,-,23
,"HEMPSTEAD, AR",39.06%,19.92%,2601
,"DALE, AL",39.05%,16.23%,11260
,"CROWLEY, CO",38.95%,21.38%,973
,"YUMA, AZ",38.88%,19.19%,3022
,"LAMAR, AL",38.83%,16.22%,3842
,"HOT SPRING, AR",38.83%,21.72%,12985
,"BUTLER, AL",38.79%,18.39%,348
,"HOUSTON, AL",38.71%,17.57%,36743
,"HALE, AL",38.64%,15.29%,968
,"LOGAN, CO",38.64%,21.54%,4136
,"COFFEE, AL",38.56%,15.81%,16747
,"HENRY, AL",38.51%,16.34%,5313
,"BIBB, AL",38.46%,18.34%,169
,"PERRY, AL",38.46%,14.42%,104
,"SEBASTIAN, AR",38.46%,20.44%,49594
,"LONOKE, AR",38.35%,18.39%,35512
,"COVINGTON, AL",38.34%,16.19%,2045
,"LOGAN, AR",38.26%,17.28%,4773
,"BALDWIN, AL",38.18%,23.37%,88805
,"CRENSHAW, AL",38.00%,14.22%,450
,"WINDHAM, CT",37.82%,24.24%,59322
,"LAUDERDALE, AL",37.80%,18.02%,455
,"LAFAYETTE, AR",37.77%,19.44%,638
,"JEFFERSON, AR",37.69%,20.79%,22596
,"JOHNSON, AR",37.65%,13.11%,5102
,"MIDDLESEX, CT",37.41%,24.48%,96469
,"TALLAPOOSA, AL",37.39%,15.94%,345
,"OTERO, CO",37.36%,21.86%,4122
,"AUTAUGA, AL",37.28%,17.34%,346
,"LAWRENCE, AL",37.27%,16.36%,110
,"CLEBURNE, AR",37.22%,17.43%,14991
,"SEDGWICK, CO",37.21%,21.23%,551
,"DEL NORTE, CA",37.16%,13.96%,7517
,"IMPERIAL, CA",37.15%,20.52%,12395
,"INDEPENDENCE, AR",37.07%,17.19%,6202
,"CALHOUN, AR",36.91%,21.00%,1138
,"CONWAY, AR",36.83%,18.10%,5066
,"FRANKLIN, AR",36.76%,16.25%,4241
,"ESCAMBIA, AL",36.69%,19.54%,5533
,"LITCHFIELD, CT",36.65%,21.03%,67948
,"PUEBLO, CO",36.56%,21.20%,62708
,"ELMORE, AL",36.55%,14.99%,487
,"CHICOT, AR",36.54%,17.76%,1374
,"NEW LONDON, CT",36.53%,21.98%,121190
,"COLUMBIA, AR",36.36%,20.27%,3661
,"GRANT, AR",36.21%,19.52%,6694
,"WOODRUFF, AR",36.20%,17.19%,1105
,"NEW HAVEN, CT",36.14%,23.93%,175971
,"PROWERS, CO",35.97%,18.37%,2313
,"GILA, AZ",35.95%,16.48%,2470
,"FAULKNER, AR",35.88%,17.44%,39996
,"FRESNO, CA",35.86%,16.08%,432574
,"BENT, CO",35.81%,20.66%,944
,"MOHAVE, AZ",35.74%,15.75%,3587
,"WHITE, AR",35.73%,16.71%,16341
,"RUSSELL, AL",35.59%,13.39%,1225
,"NAVAJO, AZ",35.57%,15.04%,1875
,"PRINCE OF WALES HYDER, AK",35.48%,-,62
,"MOFFAT, CO",35.14%,14.81%,8246
,"SOUTHEAST FAIRBANKS, AK",35.09%,-,57
,"MODOC, CA",34.86%,20.42%,568
,"APACHE, AZ",34.70%,14.66%,948
,"LINCOLN, AR",34.67%,18.14%,1924
,"LIMESTONE, AL",34.66%,18.44%,629
,"LA PAZ, AZ",34.66%,17.71%,655
,"PULASKI, AR",34.64%,20.87%,203841
,"HOWARD, AR",34.43%,18.59%,1275
,"MORGAN, CO",34.39%,17.72%,5667
,"SEARCY, AR",34.34%,13.41%,865
,"TOLLAND, CT",34.31%,20.82%,63555
,"GENEVA, AL",34.14%,14.02%,7546
,"LEE, AL",33.58%,13.03%,2832
,"GREENLEE, AZ",33.44%,19.73%,299
,"SKAGWAY, AK",-,-,21
,"WASHINGTON, CO",33.29%,18.56%,808
,"MONTGOMERY, AL",33.28%,13.93%,1364
,"IZARD, AR",33.22%,17.31%,1225
,"YELL, AR",32.94%,16.02%,2553
,"UNION, AR",32.94%,17.08%,6078
,"PIKE, AR",32.94%,18.03%,1603
,"LAS ANIMAS, CO",32.90%,18.32%,3024
,"DESHA, AR",32.90%,18.57%,1836
,"ASHLEY, AR",32.84%,16.37%,3066
,"HARTFORD, CT",32.82%,21.51%,452038
,"MADISON, AL",32.65%,15.33%,2472
,"LINCOLN, CO",32.59%,16.74%,675
,"HUERFANO, CO",32.54%,17.38%,1841
,"GRAHAM, AZ",32.47%,20.04%,1078
,"KERN, CA",32.30%,19.48%,140306
,"KIOWA, CO",32.22%,16.11%,329
,"CLEVELAND, AR",32.02%,17.20%,1924
,"PHILLIPS, CO",32.00%,14.94%,803
,"MARICOPA, AZ",31.81%,15.49%,735575
,"JACKSON, CO",31.78%,15.43%,538
,"STONE, AR",31.47%,14.19%,1233
,"CHILTON, AL",31.45%,13.21%,159
,"KINGS, CA",31.43%,15.50%,16324
,"CHEYENNE, CO",31.30%,16.79%,262
,"FAIRFIELD, CT",31.29%,19.78%,180872
,"KODIAK ISLAND, AK",31.28%,13.01%,4505
,"SONOMA, CA",31.27%,9.86%,84737
,"FREMONT, CO",31.25%,15.56%,8028
,"PLUMAS, CA",31.11%,16.60%,2385
,"MADERA, CA",31.07%,13.75%,47357
,"POPE, AR",31.06%,15.23%,8971
,"WELD, CO",30.82%,16.39%,180055
,"HUMBOLDT, CA",30.79%,11.64%,61940
,"SHELBY, AL",30.76%,12.75%,1216
,"COCHISE, AZ",30.48%,18.79%,8042
,"SANTA BARBARA, CA",30.37%,18.48%,30546
,"JEFFERSON, AL",30.23%,12.68%,3936
,"LAKE, CA",30.16%,12.78%,8166
,"BRADLEY, AR",30.14%,17.80%,1961
,"RIO BLANCO, CO",30.01%,10.38%,713
,"BACA, CO",29.92%,17.98%,595
,"SAN BENITO, CA",29.74%,15.23%,9355
,"DELTA, CO",29.70%,12.16%,3774
,"MESA, CO",29.69%,13.81%,48478
,"SHASTA, CA",29.66%,9.96%,6847
,"POLK, AR",29.50%,13.35%,1783
,"PIMA, AZ",29.46%,22.06%,279263
,"KETCHIKAN GATEWAY, AK",29.44%,14.44%,180
,"GARLAND, AR",29.34%,14.10%,11958
,"TULARE, CA",29.21%,15.97%,42112
,"FAIRBANKS NORTH STAR, AK",29.18%,11.78%,730
,"MONTEREY, CA",29.08%,17.15%,153398
,"YUMA, CO",28.99%,13.36%,1497
,"KENAI PENINSULA, AK",28.84%,11.80%,593
,"SEVIER, AR",28.80%,15.02%,1205
,"SAN JOAQUIN, CA",28.79%,16.91%,97521
,"GLENN, CA",28.77%,5.19%,848
,"MENDOCINO, CA",28.71%,16.27%,23799
,"RIVERSIDE, CA",28.61%,14.83%,498888
,"HAINES, AK",28.57%,-,42
,"INYO, CA",28.50%,16.54%,1179
,"PETERSBURG, AK",28.42%,-,95
,"BAXTER, AR",28.31%,13.72%,2158
,"MARION, AR",28.11%,11.47%,715
,"DREW, AR",28.06%,16.50%,3770
,"SOLANO, CA",27.91%,13.51%,47516
,"SIERRA, CA",27.87%,14.34%,488
,"MONTGOMERY, AR",27.74%,13.08%,757
,"DOLORES, CO",27.62%,13.33%,105
,"MATANUSKA SUSITNA, AK",27.50%,13.60%,669
,"SISKIYOU, CA",27.48%,11.87%,1179
,"NAPA, CA",27.44%,18.43%,6495
,"BETHEL, AK",27.27%,-,44
,"CALAVERAS, CA",27.13%,11.86%,3431
,"TEHAMA, CA",27.06%,6.48%,1297
,"TRINITY, CA",26.87%,8.65%,763
,"LOS ANGELES, CA",26.84%,17.79%,472550
,"ALPINE, CA",26.80%,15.03%,153
,"SANTA CRUZ, AZ",26.79%,17.54%,3255
,"TELLER, CO",26.70%,12.63%,13655
,"SAN BERNARDINO, CA",26.64%,16.69%,297712
,"MONTROSE, CO",26.52%,11.84%,3556
,"NOME, AK",-,-,34
,"ADAMS, CO",26.41%,13.59%,167033
,"VALDEZ CORDOVA, AK",26.39%,-,72
,"ALAMOSA, CO",26.28%,13.07%,1362
,"COSTILLA, CO",26.23%,13.23%,446
,"SAN DIEGO, CA",26.11%,15.65%,900717
,"EL PASO, CO",26.02%,12.28%,354271
,"LARIMER, CO",25.38%,14.13%,219804
,"DENALI, AK",-,-,40
,"DILLINGHAM, AK",-,-,16
,"MARIPOSA, CA",24.91%,9.90%,2373
,"YAVAPAI, AZ",24.80%,10.97%,13228
,"AMADOR, CA",24.55%,9.96%,2672
,"RIO GRANDE, CO",24.45%,15.35%,1329
,"CONEJOS, CO",24.27%,13.03%,614
,"ALAMEDA, CA",24.11%,12.63%,416219
,"SANTA CRUZ, CA",24.03%,15.09%,42259
,"JUNEAU, AK",23.80%,9.38%,416
,"MERCED, CA",23.73%,12.91%,29848
,"ANCHORAGE, AK",23.66%,10.44%,1974
,"PARK, CO",23.55%,11.61%,2773
,"KIT CARSON, CO",23.52%,12.72%,778
,"SACRAMENTO, CA",23.36%,13.13%,193677
,"CONTRA COSTA, CA",23.17%,12.37%,324998
,"BOONE, AR",23.16%,10.84%,1688
,"NEWTON, AR",23.04%,10.05%,408
,"PINAL, AZ",22.98%,11.03%,35353
,"BUTTE, CA",22.94%,5.46%,7817
,"NEW CASTLE, DE",22.69%,15.59%,141191
,"MONTEZUMA, CO",22.66%,13.50%,1059
,"CUSTER, CO",22.59%,13.23%,1164
,"SAGUACHE, CO",22.56%,12.26%,359
,"ARAPAHOE, CO",22.55%,12.41%,219426
,"YAKUTAT, AK",-,-,10 or fewer
,"ELBERT, CO",22.02%,10.32%,6368
,"DENVER, CO",21.96%,10.40%,330969
,"HINSDALE, CO",21.74%,-,69
,"ORANGE, CA",21.64%,12.50%,462654
,"MONO, CA",21.62%,9.85%,680
,"MARIN, CA",21.51%,17.33%,48172
,"TUOLUMNE, CA",21.33%,13.39%,2771
,"WRANGELL, AK",-,-,38
,"BROOMFIELD, CO",20.72%,10.88%,28912
,"JEFFERSON, CO",20.72%,10.26%,156260
,"SANTA CLARA, CA",20.13%,9.87%,397912
,"YUBA, CA",19.67%,9.35%,2867
,"GILPIN, CO",19.65%,9.36%,1389
,"SITKA, AK",19.30%,-,114
,"GARFIELD, CO",19.00%,9.19%,4800
,"ARCHULETA, CO",18.97%,11.38%,738
,"EL DORADO, CA",18.75%,7.82%,24221
,"SAN LUIS OBISPO, CA",18.48%,10.03%,8617
,"CARROLL, AR",18.32%,8.94%,1365
,"MINERAL, CO",18.09%,-,94
,"COLUSA, CA",17.76%,6.87%,597
,"CLEAR CREEK, CO",17.70%,7.75%,955
,"DOUGLAS, CO",17.62%,8.96%,123154
,"CHAFFEE, CO",17.34%,8.02%,2295
,"BOULDER, CO",17.17%,9.08%,169191
,"SAN FRANCISCO, CA",17.02%,11.32%,214476
,"SAN MATEO, CA",16.91%,9.93%,154999
,"HOONAH ANGOON, AK",-,-,30
,"LAKE AND PENINSULA, AK",-,-,10 or fewer
,"GRAND, CO",16.50%,6.80%,2837
,"SUTTER, CA",16.48%,7.92%,2488
,"PLACER, CA",16.38%,6.74%,30222
,"STANISLAUS, CA",16.24%,9.22%,34364
,"LAKE, CO",15.83%,9.07%,518
,"ROUTT, CO",15.62%,7.40%,16331
,"OURAY, CO",15.38%,6.33%,442
,"WASHINGTON, AR",15.38%,8.03%,30332
,"GUNNISON, CO",15.23%,7.55%,1550
,"YOLO, CA",14.97%,7.67%,17439
,"LA PLATA, CO",14.46%,7.82%,2545
,"MADISON, AR",14.18%,6.55%,1650
,"NEVADA, CA",13.93%,6.46%,4725
,"COCONINO, AZ",13.32%,5.30%,4947
,"BENTON, AR",12.90%,6.69%,25363
,"SAN JUAN, CO",-,-,31
,"SUMMIT, CO",11.13%,5.71%,2489
,"VENTURA, CA",10.54%,4.30%,22967
,"EAGLE, CO",10.14%,4.76%,4015
,"PITKIN, CO",7.43%,2.93%,4991
,"SAN MIGUEL, CO",5.36%,1.79%,951
,None of the above,26.63%,15.66%,2085894
,Total,28.02%,15.76%,14062838
